prefix,routing,message_size,scenario,delivery_prob,delivery_ratio,latency_avg,overhead_ratio,hopcount_avg,num_seeds
Jaguar,EpidemicRouter,64,jaguar_16_centroids_kmeans_bilstm,0.87222,0.8722222222222222,991.53673,39.35832333333334,4.73727,30
Jaguar,EpidemicRouter,64,jaguars_kmeans_16_centroids,0.8716448275862069,0.8716475095785441,991.291424137931,39.39036896551724,4.695534482758621,30
Jaguar,EpidemicRouter,64,only_jaguars,0.87222,0.8722222222222222,991.6942366666666,39.356496666666665,4.740713333333333,30
Jaguar,EpidemicRouter,64,only_jaguars_bilstm,0.87222,0.8722222222222222,991.6926833333333,39.35699,4.735119999999999,30
Jaguar,EpidemicRouter,128,jaguar_16_centroids_kmeans_bilstm,0.87222,0.8722222222222222,992.65538,39.33446666666667,4.7333799999999995,30
Jaguar,EpidemicRouter,128,jaguars_kmeans_16_centroids,0.87222,0.8722222222222222,993.0103166666667,39.33727333333333,4.728573333333333,30
Jaguar,EpidemicRouter,128,only_jaguars,0.87222,0.8722222222222222,993.9670366666667,39.33653666666667,4.728576666666667,30
Jaguar,EpidemicRouter,128,only_jaguars_bilstm,0.87222,0.8722222222222222,992.4244766666667,39.338633333333334,4.731953333333333,30
Jaguar,EpidemicRouter,256,jaguar_16_centroids_kmeans_bilstm,0.87037,0.8703703703703703,999.6282966666666,39.3596,4.721216666666667,30
Jaguar,EpidemicRouter,256,jaguars_kmeans_16_centroids,0.87037,0.8703703703703703,999.8241099999999,39.362269999999995,4.71781,30
Jaguar,EpidemicRouter,256,only_jaguars,0.8709866666666667,0.8709876543209877,1000.39278,39.338316666666664,4.712716666666666,30
Jaguar,EpidemicRouter,256,only_jaguars_bilstm,0.87037,0.8703703703703703,1000.0929033333334,39.36513,4.715833333333333,30
Jaguar,MaxPropRouter,64,jaguar_16_centroids_kmeans_bilstm,0.87222,0.8722222222222222,991.2887533333334,45.146436666666666,4.741686666666666,30
Jaguar,MaxPropRouter,64,jaguars_kmeans_16_centroids,0.87222,0.8722222222222222,991.3217433333334,47.710723333333334,4.739723333333333,30
Jaguar,MaxPropRouter,64,only_jaguars,0.8710285714285714,0.871031746031746,990.4297857142857,47.84771785714286,4.746917857142857,28
Jaguar,MaxPropRouter,64,only_jaguars_bilstm,0.87222,0.8722222222222222,991.3376833333333,47.848103333333334,4.734260000000001,30
Jaguar,MaxPropRouter,128,jaguar_16_centroids_kmeans_bilstm,0.87222,0.8722222222222222,992.5707733333334,45.09922666666667,4.74018,30
Jaguar,MaxPropRouter,128,jaguars_kmeans_16_centroids,0.87222,0.8722222222222222,992.2890833333333,47.74829666666667,4.742106666666667,30
Jaguar,MaxPropRouter,128,only_jaguars,0.87222,0.8722222222222222,992.3041466666667,47.86377,4.74092,30
Jaguar,MaxPropRouter,128,only_jaguars_bilstm,0.87222,0.8722222222222222,992.6338,47.782709999999994,4.73867,30
Jaguar,MaxPropRouter,256,jaguar_16_centroids_kmeans_bilstm,0.8709866666666667,0.8709876543209877,995.6941833333333,45.18009,4.739310000000001,30
Jaguar,MaxPropRouter,256,jaguars_kmeans_16_centroids,0.8709866666666667,0.8709876543209877,997.0422366666667,47.530986666666664,4.72739,30
Jaguar,MaxPropRouter,256,only_jaguars,0.8709866666666667,0.8709876543209877,997.45263,47.77436,4.72115,30
Jaguar,MaxPropRouter,256,only_jaguars_bilstm,0.8709866666666667,0.8709876543209877,997.4433,47.732063333333336,4.725046666666667,30
Jaguar,ProphetRouter,64,jaguar_16_centroids_kmeans_bilstm,0.6685166666666666,0.6685185185185186,1239.3207233333335,24.35705,2.856573333333333,30
Jaguar,ProphetRouter,64,jaguars_kmeans_16_centroids,0.7209800000000001,0.7209876543209877,1216.9691933333334,24.481683333333333,3.073993333333333,30
Jaguar,ProphetRouter,64,only_jaguars,0.7370300000000001,0.737037037037037,1215.3840766666667,24.67446,3.0944333333333334,30
Jaguar,ProphetRouter,64,only_jaguars_bilstm,0.7179066666666666,0.7179012345679012,1217.6691866666665,24.27994,3.0551666666666666,30
Jaguar,ProphetRouter,128,jaguar_16_centroids_kmeans_bilstm,0.6685166666666666,0.6685185185185186,1239.96201,24.33557,2.84722,30
Jaguar,ProphetRouter,128,jaguars_kmeans_16_centroids,0.7203633333333334,0.7203703703703703,1218.2643233333333,24.48753333333333,3.068903333333333,30
Jaguar,ProphetRouter,128,only_jaguars,0.7370300000000001,0.737037037037037,1217.1659166666666,24.660433333333334,3.08908,30
Jaguar,ProphetRouter,128,only_jaguars_bilstm,0.7179066666666666,0.7179012345679012,1219.3850366666666,24.261366666666667,3.0438433333333332,30
Jaguar,ProphetRouter,256,jaguar_16_centroids_kmeans_bilstm,0.6678999999999999,0.6679012345679013,1241.9459833333335,24.261833333333335,2.832643333333333,30
Jaguar,ProphetRouter,256,jaguars_kmeans_16_centroids,0.7197466666666668,0.7197530864197531,1220.4437633333332,24.464943333333334,3.0506499999999996,30
Jaguar,ProphetRouter,256,only_jaguars,0.7364133333333334,0.7364197530864197,1219.55722,24.650243333333332,3.068726666666667,30
Jaguar,ProphetRouter,256,only_jaguars_bilstm,0.71729,0.717283950617284,1220.5225933333334,24.251340000000003,3.04593,30
