id_centroid,id_animal,timestamp,latitude_animal,longitude_animal
6,93,03/14/14 04:00,-3.038135,-64.877105
6,93,03/14/14 10:02,-3.038255,-64.876807
6,93,03/14/14 16:00,-3.03809,-64.877153
6,93,03/14/14 22:00,-3.03821,-64.877072
7,93,03/15/14 10:01,-3.033158,-64.885507
7,93,03/15/14 22:00,-3.031688,-64.887686
7,93,03/16/14 04:00,-3.031543,-64.887788
7,93,03/16/14 10:00,-3.031137,-64.888473
7,93,03/16/14 22:00,-3.031063,-64.888699
7,93,03/17/14 04:00,-3.03231,-64.888955
7,93,03/17/14 10:01,-3.033822,-64.886187
7,93,03/17/14 22:00,-3.033063,-64.886215
6,93,03/18/14 04:02,-3.038117,-64.879131
5,93,03/18/14 10:01,-3.055827,-64.858988
5,93,03/18/14 16:01,-3.061158,-64.860149
5,93,03/19/14 10:00,-3.065276,-64.856348
5,93,03/20/14 04:00,-3.065576,-64.856865
5,93,03/20/14 10:00,-3.063364,-64.858464
5,93,03/20/14 16:01,-3.061604,-64.858319
5,93,03/21/14 10:01,-3.053182,-64.85287
5,93,03/21/14 16:01,-3.053228,-64.852853
5,93,03/21/14 22:01,-3.053295,-64.852804
6,93,03/22/14 04:00,-3.051432,-64.854644
1,93,03/22/14 10:01,-3.041538,-64.845433
1,93,03/22/14 16:01,-3.04091,-64.845734
1,93,03/22/14 22:02,-3.040576,-64.846087
1,93,03/23/14 04:00,-3.031678,-64.84413
4,93,03/23/14 16:00,-3.056607,-64.832733
4,93,03/23/14 22:01,-3.056687,-64.832657
6,93,03/25/14 04:01,-3.022774,-64.848737
8,93,03/25/14 10:00,-2.982191,-64.867467
8,93,03/25/14 16:00,-2.982062,-64.867225
8,93,03/25/14 22:01,-2.982134,-64.867833
8,93,03/26/14 10:00,-2.967679,-64.841446
8,93,03/26/14 16:01,-2.97884,-64.841179
8,93,03/26/14 22:01,-2.978939,-64.841174
8,93,03/27/14 04:03,-2.986542,-64.850137
1,93,03/27/14 16:01,-3.026823,-64.82001
4,93,03/28/14 10:00,-3.070651,-64.793374
2,93,03/28/14 16:01,-3.075709,-64.788907
2,93,03/28/14 22:00,-3.075769,-64.788864
4,93,03/29/14 04:03,-3.070019,-64.800494
4,93,03/29/14 10:02,-3.077272,-64.800122
4,93,03/29/14 16:03,-3.077138,-64.800801
4,93,03/29/14 22:01,-3.079345,-64.801697
2,93,03/30/14 04:02,-3.085492,-64.800423
2,93,03/31/14 04:00,-3.096356,-64.793741
2,93,03/31/14 10:01,-3.107163,-64.79386
2,93,03/31/14 22:00,-3.105254,-64.794894
2,93,04/01/14 04:01,-3.094597,-64.78957
2,93,04/01/14 10:02,-3.086742,-64.796758
2,93,04/01/14 16:02,-3.086584,-64.796756
3,93,04/02/14 10:01,-3.096635,-64.803615
3,93,04/02/14 16:01,-3.098497,-64.803457
3,93,04/03/14 04:03,-3.115164,-64.80283
3,93,04/03/14 10:02,-3.110866,-64.801826
3,93,04/03/14 16:01,-3.110523,-64.801627
3,93,04/03/14 22:01,-3.110046,-64.801564
3,93,04/04/14 10:00,-3.097308,-64.806337
3,93,04/04/14 16:01,-3.098838,-64.831866
3,93,04/05/14 04:01,-3.103597,-64.833393
5,93,04/05/14 10:01,-3.096214,-64.84539
5,93,04/05/14 16:02,-3.088129,-64.857759
5,93,04/05/14 22:03,-3.088172,-64.856116
5,93,04/06/14 10:02,-3.090578,-64.865837
5,93,04/06/14 22:01,-3.082253,-64.859979
5,93,04/07/14 10:01,-3.071715,-64.862329
5,93,04/07/14 16:00,-3.071849,-64.862281
5,93,04/08/14 04:02,-3.080211,-64.866634
5,93,04/08/14 22:01,-3.093862,-64.866634
5,93,04/09/14 04:02,-3.094265,-64.865546
5,93,04/09/14 10:01,-3.094415,-64.86557
5,93,04/09/14 16:02,-3.094052,-64.8655
5,93,04/09/14 22:02,-3.094105,-64.865386
5,93,04/10/14 04:00,-3.097182,-64.855249
5,93,04/10/14 10:00,-3.095017,-64.852852
5,93,04/10/14 22:01,-3.092935,-64.855251
5,93,04/11/14 04:01,-3.096182,-64.842296
3,93,04/11/14 10:01,-3.094637,-64.821983
3,93,04/11/14 16:02,-3.09954,-64.824996
3,93,04/11/14 22:02,-3.099351,-64.825025
3,93,04/12/14 16:01,-3.08494,-64.808302
3,93,04/12/14 22:01,-3.084781,-64.808277
4,93,04/13/14 04:00,-3.081388,-64.809093
4,93,04/13/14 10:00,-3.072262,-64.811703
4,93,04/13/14 16:01,-3.075243,-64.808869
4,93,04/13/14 22:00,-3.075272,-64.808729
4,93,04/14/14 10:01,-3.078063,-64.807435
4,93,04/14/14 16:02,-3.075947,-64.808378
4,93,04/14/14 22:01,-3.075809,-64.808414
4,93,04/15/14 04:00,-3.078031,-64.807176
4,93,04/15/14 10:00,-3.078019,-64.807179
4,93,04/16/14 10:01,-3.078289,-64.806998
4,93,04/17/14 04:00,-3.077781,-64.807231
4,93,04/17/14 10:01,-3.077746,-64.807336
4,93,04/17/14 16:02,-3.075679,-64.808431
4,93,04/17/14 22:02,-3.075541,-64.808336
4,93,04/18/14 04:01,-3.077742,-64.80736
4,93,04/18/14 10:02,-3.077818,-64.80718
4,93,04/18/14 22:02,-3.075496,-64.808442
4,93,04/19/14 04:00,-3.077902,-64.807593
4,93,04/19/14 10:02,-3.076128,-64.808151
4,93,04/19/14 22:01,-3.075626,-64.808377
4,93,04/20/14 04:00,-3.07526,-64.808895
4,93,04/20/14 10:01,-3.077609,-64.807283
4,93,04/20/14 16:01,-3.073036,-64.802478
2,93,04/21/14 10:01,-3.078095,-64.793052
2,93,04/21/14 22:00,-3.083604,-64.791711
2,93,04/22/14 04:01,-3.090155,-64.788267
2,93,04/22/14 10:01,-3.099092,-64.783974
2,93,04/22/14 16:00,-3.09907,-64.784014
2,93,04/22/14 22:01,-3.099117,-64.784149
2,93,04/23/14 04:00,-3.100055,-64.789089
2,93,04/23/14 10:00,-3.099905,-64.788877
2,93,04/23/14 22:02,-3.092808,-64.790261
2,93,04/24/14 04:02,-3.090476,-64.783949
2,93,04/24/14 10:00,-3.074051,-64.789562
4,93,04/24/14 22:00,-3.065478,-64.795727
1,93,04/25/14 10:01,-3.037831,-64.811569
1,93,04/26/14 04:03,-3.028398,-64.841961
8,93,04/26/14 10:01,-2.989565,-64.855123
8,93,04/26/14 16:00,-2.982523,-64.846483
8,93,04/27/14 10:02,-2.977842,-64.833818
8,93,04/27/14 22:02,-2.977754,-64.833806
8,93,04/28/14 10:02,-2.99225,-64.837177
8,93,04/30/14 04:01,-2.999746,-64.837569
8,93,04/30/14 10:02,-2.981649,-64.834909
8,93,04/30/14 16:01,-2.979756,-64.833409
8,93,04/30/14 22:00,-2.979476,-64.833453
8,93,05/01/14 04:01,-2.979175,-64.82895
8,93,05/01/14 22:01,-2.987867,-64.830896
8,93,05/02/14 04:00,-2.990272,-64.832618
8,93,05/02/14 10:02,-2.988845,-64.83543
8,93,05/02/14 16:01,-2.989117,-64.835626
8,93,05/03/14 04:00,-2.987759,-64.839154
8,93,05/03/14 16:01,-2.980263,-64.830711
8,93,05/03/14 22:01,-2.979813,-64.83033
8,93,05/04/14 04:01,-2.980113,-64.829903
8,93,05/04/14 10:00,-2.980178,-64.830565
8,93,05/04/14 22:03,-2.979983,-64.830683
8,93,05/05/14 10:02,-2.981403,-64.831508
8,93,05/05/14 16:02,-2.98125,-64.831469
8,93,05/05/14 22:00,-2.981096,-64.831694
8,93,05/06/14 04:01,-2.995299,-64.832182
8,93,05/06/14 10:00,-3.000265,-64.832751
8,93,05/06/14 16:00,-2.999695,-64.832899
8,93,05/06/14 22:00,-2.999766,-64.832962
8,93,05/07/14 22:02,-2.99708,-64.843281
8,93,05/08/14 04:00,-2.990427,-64.840703
8,93,05/08/14 10:01,-2.981546,-64.836129
8,93,05/08/14 16:00,-2.980421,-64.835853
8,93,05/08/14 22:00,-2.97903,-64.835789
1,93,05/09/14 10:00,-3.02246,-64.840737
1,93,05/09/14 16:00,-3.037745,-64.825374
1,93,05/09/14 22:00,-3.037738,-64.825191
4,93,05/10/14 04:00,-3.05414,-64.816822
4,93,05/10/14 10:00,-3.054384,-64.816832
4,93,05/10/14 16:00,-3.054742,-64.816597
4,93,05/10/14 22:00,-3.054207,-64.816934
4,93,05/11/14 10:01,-3.067242,-64.814839
4,93,05/11/14 16:00,-3.067088,-64.814436
4,93,05/12/14 04:01,-3.064296,-64.80395
2,93,05/12/14 10:02,-3.09382,-64.781814
2,93,05/12/14 22:00,-3.093753,-64.781815
2,93,05/13/14 04:00,-3.093704,-64.781977
2,93,05/13/14 16:00,-3.098594,-64.784392
2,93,05/13/14 22:00,-3.098518,-64.784323
2,93,05/14/14 04:01,-3.099108,-64.78406
2,93,05/14/14 10:00,-3.101672,-64.784627
2,93,05/14/14 16:00,-3.101623,-64.784676
2,93,05/14/14 22:00,-3.097904,-64.786217
2,93,05/15/14 04:00,-3.097685,-64.786139
2,93,05/15/14 10:01,-3.101194,-64.79195
2,93,05/15/14 16:00,-3.101317,-64.791808
2,93,05/15/14 22:01,-3.101349,-64.791784
2,93,05/16/14 04:01,-3.109455,-64.788819
2,93,05/16/14 10:00,-3.108549,-64.789422
2,93,05/16/14 16:00,-3.108886,-64.789612
2,93,05/16/14 22:00,-3.108593,-64.789511
2,93,05/17/14 04:02,-3.102338,-64.795966
2,93,05/17/14 10:00,-3.101287,-64.791898
2,93,05/17/14 16:00,-3.101343,-64.791882
2,93,05/17/14 22:00,-3.101323,-64.79184
2,93,05/18/14 04:00,-3.102481,-64.787651
2,93,05/18/14 10:00,-3.101498,-64.784237
2,93,05/18/14 16:00,-3.101584,-64.784276
2,93,05/18/14 22:01,-3.101589,-64.784654
2,93,05/19/14 04:01,-3.10531,-64.782909
2,93,05/19/14 10:00,-3.106239,-64.775409
2,93,05/19/14 16:00,-3.102278,-64.772518
2,93,05/19/14 22:01,-3.102276,-64.7725
2,93,05/20/14 10:00,-3.084755,-64.766054
2,93,05/20/14 16:00,-3.084701,-64.766138
2,93,05/20/14 22:00,-3.083347,-64.767714
2,93,05/21/14 04:00,-3.08881,-64.767873
2,93,05/21/14 10:00,-3.088032,-64.768297
2,93,05/21/14 16:01,-3.088113,-64.768369
2,93,05/21/14 22:01,-3.088361,-64.768225
2,93,05/22/14 04:00,-3.088559,-64.767787
2,93,05/22/14 10:01,-3.088535,-64.767707
2,93,05/22/14 16:00,-3.088663,-64.767696
2,93,05/22/14 22:00,-3.088551,-64.767773
2,93,05/23/14 04:01,-3.088427,-64.768075
2,93,05/23/14 10:00,-3.081962,-64.777398
2,93,05/23/14 16:00,-3.079859,-64.788474
2,93,05/23/14 22:00,-3.079875,-64.788477
4,93,05/24/14 04:00,-3.071331,-64.797435
4,93,05/24/14 10:00,-3.07135,-64.797388
4,93,05/24/14 16:00,-3.071274,-64.79744
4,93,05/24/14 22:00,-3.071341,-64.797395
4,93,05/25/14 10:00,-3.067784,-64.812004
4,93,05/25/14 16:00,-3.067777,-64.812073
4,93,05/25/14 22:00,-3.06779,-64.812075
4,93,05/26/14 04:00,-3.06406,-64.818339
4,93,05/26/14 10:00,-3.064113,-64.818422
4,93,05/26/14 16:00,-3.064086,-64.81845
4,93,05/26/14 22:00,-3.06409,-64.818449
4,93,05/27/14 04:00,-3.058455,-64.82776
1,93,05/27/14 10:00,-3.044894,-64.834464
1,93,05/27/14 16:00,-3.044913,-64.83446
1,93,05/27/14 22:00,-3.044884,-64.8344
1,93,05/28/14 04:01,-3.035155,-64.82658
1,93,05/28/14 10:00,-3.034257,-64.821003
1,93,05/28/14 16:00,-3.033345,-64.820644
1,93,05/28/14 22:00,-3.03329,-64.820534
1,93,05/29/14 10:01,-3.029608,-64.828411
1,93,05/29/14 16:00,-3.029407,-64.828748
1,93,05/29/14 22:00,-3.029459,-64.828735
1,93,05/30/14 04:00,-3.019867,-64.82962
1,93,05/30/14 10:00,-3.02386,-64.819681
1,93,05/30/14 16:00,-3.023823,-64.819722
1,93,05/30/14 22:00,-3.023834,-64.819688
1,93,05/31/14 04:03,-3.015062,-64.824979
1,93,05/31/14 10:00,-3.011707,-64.838584
1,93,05/31/14 16:00,-3.011717,-64.838468
1,93,05/31/14 22:00,-3.011745,-64.838444
1,93,06/01/14 04:01,-3.012366,-64.841705
1,93,06/01/14 16:00,-3.015018,-64.838981
1,93,06/01/14 22:00,-3.015013,-64.839088
6,93,06/02/14 04:00,-3.012691,-64.8481
6,93,06/02/14 10:00,-3.012308,-64.848802
6,93,06/02/14 16:00,-3.01232,-64.848712
6,93,06/02/14 22:00,-3.012353,-64.84882
6,93,06/03/14 04:00,-3.009256,-64.855331
8,93,06/03/14 10:00,-2.997942,-64.861683
8,93,06/03/14 16:00,-2.998435,-64.862987
8,93,06/03/14 22:00,-2.989624,-64.859102
8,93,06/04/14 10:00,-2.992039,-64.850866
8,93,06/04/14 16:00,-2.99201,-64.850868
8,93,06/04/14 22:00,-2.99198,-64.850826
1,93,06/05/14 10:00,-3.020274,-64.843928
1,93,06/05/14 16:00,-3.020206,-64.843999
1,93,06/05/14 22:00,-3.020248,-64.843873
1,93,06/06/14 10:00,-3.033815,-64.81452
1,93,06/06/14 16:00,-3.033701,-64.814477
1,93,06/06/14 22:00,-3.033961,-64.814852
1,93,06/07/14 04:01,-3.033509,-64.81536
1,93,06/07/14 10:00,-3.032854,-64.815614
1,93,06/07/14 16:01,-3.03301,-64.815191
1,93,06/07/14 22:00,-3.033114,-64.81513
1,93,06/08/14 04:01,-3.033995,-64.80715
4,93,06/08/14 16:00,-3.043914,-64.806562
4,93,06/08/14 22:00,-3.043978,-64.806805
4,93,06/09/14 04:00,-3.053243,-64.806554
4,93,06/09/14 10:00,-3.057029,-64.807523
4,93,06/09/14 16:01,-3.066815,-64.811711
4,93,06/09/14 22:00,-3.066935,-64.811644
4,93,06/10/14 04:00,-3.077084,-64.808716
4,93,06/10/14 10:01,-3.076874,-64.809086
4,93,06/10/14 16:00,-3.074023,-64.820034
4,93,06/10/14 22:00,-3.073925,-64.819948
4,93,06/11/14 04:00,-3.072416,-64.824845
4,93,06/11/14 10:00,-3.072492,-64.824827
4,93,06/11/14 16:01,-3.074185,-64.824277
4,93,06/11/14 22:02,-3.074138,-64.824312
4,93,06/12/14 10:00,-3.070323,-64.834574
5,93,06/12/14 16:00,-3.071476,-64.837847
5,93,06/12/14 22:00,-3.071442,-64.837774
5,93,06/13/14 04:00,-3.078115,-64.839735
5,93,06/13/14 10:01,-3.079169,-64.835337
5,93,06/13/14 16:00,-3.079151,-64.835356
5,93,06/13/14 22:00,-3.079112,-64.835566
5,93,06/14/14 04:00,-3.078977,-64.833739
5,93,06/14/14 10:00,-3.079346,-64.832742
4,93,06/14/14 16:00,-3.079302,-64.827323
4,93,06/14/14 22:00,-3.079222,-64.827252
4,93,06/15/14 04:00,-3.083399,-64.826725
4,93,06/15/14 10:00,-3.08346,-64.826765
4,93,06/15/14 16:00,-3.083472,-64.826779
3,93,06/15/14 22:00,-3.086851,-64.822981
3,93,06/16/14 04:01,-3.090345,-64.81731
3,93,06/16/14 10:00,-3.098417,-64.812097
3,93,06/16/14 16:00,-3.098327,-64.812059
3,93,06/16/14 22:00,-3.098374,-64.812052
3,93,06/17/14 04:00,-3.100443,-64.811202
3,93,06/17/14 10:01,-3.10046,-64.811213
3,93,06/17/14 16:00,-3.10307,-64.814563
3,93,06/17/14 22:00,-3.104841,-64.815782
3,93,06/18/14 04:00,-3.104942,-64.815715
3,93,06/18/14 10:00,-3.10691,-64.817326
3,93,06/18/14 16:00,-3.106891,-64.816859
3,93,06/18/14 22:00,-3.106875,-64.816793
3,93,06/19/14 04:00,-3.10644,-64.816919
3,93,06/19/14 10:00,-3.105966,-64.816353
3,93,06/19/14 16:00,-3.105927,-64.816363
3,93,06/19/14 22:00,-3.105961,-64.816443
3,93,06/20/14 04:03,-3.104854,-64.819492
3,93,06/20/14 10:00,-3.104949,-64.81749
3,93,06/20/14 16:00,-3.104988,-64.816618
3,93,06/20/14 22:00,-3.10503,-64.816415
3,93,06/21/14 04:00,-3.102401,-64.81525
3,93,06/21/14 10:00,-3.10231,-64.815215
3,93,06/21/14 16:00,-3.102389,-64.815243
3,93,06/21/14 22:00,-3.10234,-64.815223
3,93,06/22/14 04:00,-3.102212,-64.815204
3,93,06/22/14 10:00,-3.102319,-64.815249
3,93,06/22/14 16:00,-3.105068,-64.814384
3,93,06/22/14 22:00,-3.105092,-64.814421
3,93,06/23/14 04:00,-3.101396,-64.810392
3,93,06/23/14 10:00,-3.101088,-64.810788
3,93,06/23/14 16:00,-3.101059,-64.810951
3,93,06/23/14 22:00,-3.101162,-64.810979
3,93,06/24/14 04:00,-3.099237,-64.812742
3,93,06/24/14 10:00,-3.100323,-64.814533
3,93,06/24/14 16:01,-3.100326,-64.814615
3,93,06/24/14 22:00,-3.100338,-64.814553
3,93,06/25/14 04:01,-3.09093,-64.815268
3,93,06/25/14 10:00,-3.092755,-64.815097
3,93,06/25/14 16:00,-3.092716,-64.815042
3,93,06/25/14 22:02,-3.09262,-64.815008
3,93,06/26/14 04:02,-3.089114,-64.801983
3,93,06/26/14 10:01,-3.089315,-64.802682
2,93,06/26/14 16:00,-3.088282,-64.793185
2,93,06/26/14 22:00,-3.088433,-64.794047
2,93,06/27/14 04:01,-3.08844,-64.794018
2,93,06/27/14 10:00,-3.088404,-64.79364
2,93,06/27/14 16:00,-3.088408,-64.793652
2,93,06/27/14 22:00,-3.088446,-64.79364
2,93,06/28/14 04:01,-3.101392,-64.791942
2,93,06/28/14 10:02,-3.101341,-64.791725
2,93,06/28/14 16:00,-3.10308,-64.791972
2,93,06/28/14 22:00,-3.103094,-64.79196
2,93,06/29/14 04:00,-3.107685,-64.787778
2,93,06/29/14 10:01,-3.110542,-64.77972
2,93,06/29/14 16:00,-3.110581,-64.779679
2,93,06/29/14 22:00,-3.110488,-64.779498
2,93,06/30/14 04:02,-3.110504,-64.779719
2,93,06/30/14 10:00,-3.109894,-64.77956
2,93,06/30/14 16:00,-3.109884,-64.779606
2,93,06/30/14 22:00,-3.109937,-64.779551
2,93,07/01/14 04:00,-3.109913,-64.779498
2,93,07/01/14 10:00,-3.10984,-64.779588
2,93,07/01/14 16:00,-3.101486,-64.784069
2,93,07/01/14 22:00,-3.101489,-64.784154
2,93,07/02/14 04:00,-3.101506,-64.784099
2,93,07/02/14 10:00,-3.101465,-64.784062
2,93,07/02/14 16:00,-3.101389,-64.784044
2,93,07/02/14 22:00,-3.101452,-64.784089
2,93,07/03/14 04:01,-3.089991,-64.788366
2,93,07/03/14 10:00,-3.080629,-64.790731
2,93,07/03/14 16:01,-3.078502,-64.789968
2,93,07/03/14 22:01,-3.078544,-64.789869
2,93,07/04/14 04:01,-3.073711,-64.789877
2,93,07/04/14 10:00,-3.076033,-64.792988
2,93,07/04/14 22:00,-3.07601,-64.793011
4,93,07/05/14 04:00,-3.067774,-64.805031
4,93,07/05/14 10:00,-3.067831,-64.81219
4,93,07/05/14 16:00,-3.067804,-64.812181
4,93,07/05/14 22:00,-3.067768,-64.812148
4,93,07/06/14 04:00,-3.067378,-64.816168
4,93,07/06/14 10:00,-3.06332,-64.819621
4,93,07/06/14 16:00,-3.054197,-64.816869
4,93,07/06/14 22:01,-3.054192,-64.817025
4,93,07/07/14 10:00,-3.053334,-64.824906
4,93,07/07/14 16:01,-3.053295,-64.825031
4,93,07/07/14 22:00,-3.050495,-64.825203
1,93,07/08/14 10:00,-3.049329,-64.832833
1,93,07/08/14 16:00,-3.039355,-64.840149
1,93,07/08/14 22:00,-3.039392,-64.840155
1,93,07/09/14 04:00,-3.039371,-64.840168
1,93,07/09/14 10:00,-3.039645,-64.840096
1,93,07/09/14 16:00,-3.039338,-64.840144
1,93,07/09/14 22:00,-3.039228,-64.840135
1,93,07/10/14 04:03,-3.035928,-64.838233
1,93,07/10/14 10:01,-3.028597,-64.830163
1,93,07/10/14 16:00,-3.02937,-64.828628
1,93,07/10/14 22:00,-3.029421,-64.82862
1,93,07/11/14 04:00,-3.029104,-64.829989
1,93,07/11/14 10:00,-3.022385,-64.840509
1,93,07/11/14 16:00,-3.022336,-64.840531
1,93,07/11/14 22:00,-3.022447,-64.840455
1,93,07/12/14 04:00,-3.019472,-64.845616
1,93,07/12/14 10:00,-3.018218,-64.846579
1,93,07/12/14 16:01,-3.013924,-64.845467
1,93,07/12/14 22:01,-3.01418,-64.845313
7,93,07/13/14 10:01,-3.018595,-64.878238
7,93,07/13/14 16:00,-3.018386,-64.878244
7,93,07/13/14 22:00,-3.018378,-64.878389
7,93,07/14/14 04:02,-3.013524,-64.883486
7,93,07/14/14 10:00,-3.017006,-64.884091
7,93,07/14/14 16:00,-3.016539,-64.884229
7,93,07/14/14 22:00,-3.016556,-64.884202
7,93,07/15/14 10:00,-3.005482,-64.893604
7,93,07/15/14 16:00,-3.004856,-64.891211
7,93,07/15/14 22:01,-3.012705,-64.886327
7,93,07/16/14 04:00,-3.01277,-64.886423
7,93,07/16/14 10:00,-3.012784,-64.886418
7,93,07/16/14 16:00,-3.012759,-64.886478
7,93,07/16/14 22:00,-3.0128,-64.886537
7,93,07/17/14 04:00,-3.017031,-64.883984
7,93,07/17/14 10:00,-3.017009,-64.884065
7,93,07/17/14 16:00,-3.017023,-64.884069
7,93,07/17/14 22:00,-3.017024,-64.884119
7,93,07/18/14 04:02,-3.024091,-64.886343
6,93,07/18/14 10:01,-3.028401,-64.874864
6,93,07/18/14 16:00,-3.03268,-64.874439
6,93,07/18/14 22:00,-3.032648,-64.874358
6,93,07/19/14 04:01,-3.035148,-64.870874
6,93,07/19/14 10:01,-3.035518,-64.870765
6,93,07/19/14 16:00,-3.036298,-64.869198
6,93,07/19/14 22:00,-3.036275,-64.8691
6,93,07/20/14 04:01,-3.032233,-64.857577
6,93,07/20/14 10:00,-3.027183,-64.853637
6,93,07/20/14 16:00,-3.027274,-64.853425
6,93,07/20/14 22:00,-3.026919,-64.853036
6,93,07/21/14 04:00,-3.026175,-64.851899
6,93,07/21/14 10:00,-3.026218,-64.851988
1,93,07/21/14 16:01,-3.035864,-64.838247
1,93,07/21/14 22:00,-3.035868,-64.838239
1,93,07/22/14 04:01,-3.039327,-64.840768
1,93,07/22/14 10:00,-3.039385,-64.840754
1,93,07/22/14 16:00,-3.039567,-64.84116
1,93,07/22/14 22:00,-3.039373,-64.84078
1,93,07/23/14 04:02,-3.04006,-64.845674
6,93,07/23/14 10:01,-3.039018,-64.851429
6,93,07/23/14 16:00,-3.039075,-64.851511
6,93,07/23/14 22:01,-3.03905,-64.85155
6,93,07/24/14 04:01,-3.038996,-64.851451
6,93,07/24/14 10:00,-3.032096,-64.859035
6,93,07/24/14 16:01,-3.027479,-64.866134
6,93,07/24/14 22:00,-3.027408,-64.86607
6,93,07/25/14 04:00,-3.035061,-64.869145
6,93,07/25/14 10:00,-3.028041,-64.876153
6,93,07/25/14 16:00,-3.028101,-64.876276
7,93,07/25/14 22:00,-3.019395,-64.882855
7,93,07/26/14 04:00,-3.023664,-64.881278
6,93,07/26/14 10:00,-3.030051,-64.869399
6,93,07/26/14 16:00,-3.030065,-64.869494
6,93,07/26/14 22:00,-3.027414,-64.866056
6,93,07/27/14 04:00,-3.027582,-64.866043
6,93,07/27/14 10:02,-3.027398,-64.866088
6,93,07/27/14 16:00,-3.0274,-64.866107
6,93,07/27/14 22:00,-3.027375,-64.866053
6,93,07/28/14 04:02,-3.025889,-64.864461
6,93,07/28/14 10:00,-3.026355,-64.852653
6,93,07/28/14 16:00,-3.026107,-64.852766
6,93,07/28/14 22:00,-3.026127,-64.852486
6,93,07/29/14 10:00,-3.026525,-64.851319
1,93,07/29/14 16:01,-3.030945,-64.837988
1,93,07/29/14 22:01,-3.031221,-64.837833
1,93,07/30/14 04:03,-3.034741,-64.827622
1,93,07/30/14 10:00,-3.036098,-64.827392
1,93,07/31/14 10:01,-3.041065,-64.827218
1,93,07/31/14 16:01,-3.040885,-64.827212
1,93,07/31/14 22:00,-3.040747,-64.827354
6,93,08/01/14 10:01,-3.023222,-64.849259
1,93,08/01/14 16:00,-3.013946,-64.845419
1,93,08/01/14 22:00,-3.013943,-64.845324
8,93,08/02/14 10:00,-2.996051,-64.847048
8,93,08/02/14 16:00,-2.989852,-64.844513
8,93,08/03/14 04:02,-2.998411,-64.856607
7,93,08/03/14 10:00,-2.99047,-64.870154
7,93,08/03/14 16:00,-2.990458,-64.870208
7,93,08/03/14 22:00,-2.993254,-64.876099
7,93,08/04/14 04:00,-3.00117,-64.874921
7,93,08/04/14 10:00,-3.00125,-64.874945
7,93,08/04/14 16:00,-3.001269,-64.874965
7,93,08/04/14 22:00,-3.006179,-64.877659
7,93,08/05/14 04:01,-3.013637,-64.883547
7,93,08/05/14 10:00,-3.016767,-64.880544
7,93,08/05/14 16:00,-3.016745,-64.880626
7,93,08/05/14 22:00,-3.01673,-64.880621
6,93,08/06/14 10:00,-3.019636,-64.858052
8,93,08/06/14 22:01,-3.004498,-64.855434
8,93,08/07/14 04:01,-3.004551,-64.855517
8,93,08/07/14 10:00,-3.00442,-64.855599
8,93,08/08/14 04:00,-2.994874,-64.857248
8,93,08/08/14 10:01,-2.994834,-64.857151
8,93,08/08/14 16:01,-2.987887,-64.854327
8,93,08/08/14 22:01,-2.979564,-64.841298
8,93,08/09/14 10:02,-3.002686,-64.846707
1,93,08/09/14 16:01,-3.014238,-64.841719
6,93,08/10/14 10:00,-3.023531,-64.866395
6,93,08/10/14 16:00,-3.023597,-64.866349
6,93,08/10/14 22:00,-3.027341,-64.865992
6,93,08/11/14 04:00,-3.027408,-64.866076
6,93,08/11/14 10:00,-3.02752,-64.865012
6,93,08/11/14 16:00,-3.027419,-64.866058
7,93,08/11/14 22:02,-3.021796,-64.878306
7,93,08/12/14 04:01,-3.001347,-64.888041
8,93,08/12/14 16:02,-2.980117,-64.842723
8,93,08/12/14 22:01,-2.98064,-64.842772
8,93,08/13/14 04:01,-2.980746,-64.842827
8,93,08/13/14 10:01,-2.980589,-64.842481
8,93,08/13/14 16:01,-2.980554,-64.842479
8,93,08/13/14 22:00,-2.97944,-64.840955
8,93,08/14/14 04:00,-2.979384,-64.840971
8,93,08/14/14 10:01,-2.97956,-64.841063
8,93,08/14/14 16:00,-2.979388,-64.84094
8,93,08/14/14 22:01,-2.979473,-64.841056
8,93,08/15/14 04:00,-2.979545,-64.84094
8,93,08/15/14 10:00,-2.979021,-64.841138
8,93,08/15/14 16:00,-2.979062,-64.841127
8,93,08/15/14 22:00,-2.979054,-64.84165
1,93,08/16/14 04:01,-3.017124,-64.843197
1,93,08/16/14 22:01,-3.016162,-64.839476
1,93,08/17/14 04:01,-3.016272,-64.839526
1,93,08/17/14 10:01,-3.016151,-64.839392
1,93,08/17/14 16:01,-3.016045,-64.839628
1,93,08/17/14 22:01,-3.016169,-64.839561
1,93,08/18/14 04:01,-3.016112,-64.839147
1,93,08/18/14 10:02,-3.01604,-64.839583
1,93,08/18/14 16:01,-3.016133,-64.839512
1,93,08/18/14 22:00,-3.016229,-64.839511
1,93,08/19/14 04:01,-3.016206,-64.839554
1,93,08/19/14 10:02,-3.016223,-64.839488
8,93,08/19/14 22:01,-3.007536,-64.845915
8,93,08/20/14 10:01,-2.991269,-64.865456
7,93,08/20/14 22:01,-2.968303,-64.888229
7,93,08/21/14 16:01,-2.973195,-64.909375
7,93,08/21/14 22:01,-2.973102,-64.909539
7,93,08/22/14 04:03,-2.975486,-64.907275
7,93,08/23/14 04:03,-2.971511,-64.909828
7,93,08/24/14 22:00,-2.938404,-64.904504
7,93,08/25/14 04:02,-2.958839,-64.897669
7,93,08/25/14 22:01,-2.970459,-64.88202
7,93,08/26/14 10:00,-2.996698,-64.868063
1,93,08/27/14 16:01,-3.030671,-64.848641
1,93,08/27/14 22:01,-3.030873,-64.848796
6,93,08/28/14 04:01,-3.017743,-64.854879
8,93,08/28/14 10:00,-2.974943,-64.867262
8,93,08/28/14 16:01,-2.974848,-64.86733
8,93,08/28/14 22:01,-2.975172,-64.867545
8,93,08/29/14 04:00,-2.975415,-64.867337
8,93,08/29/14 10:00,-2.974845,-64.869615
8,93,08/29/14 16:02,-2.974622,-64.870898
7,93,08/29/14 22:00,-2.970119,-64.882269
7,93,08/30/14 10:01,-2.966595,-64.91278
7,93,08/30/14 16:00,-2.965716,-64.912078
7,93,08/30/14 22:00,-2.965764,-64.912047
7,93,08/31/14 16:00,-2.965696,-64.912084
7,93,08/31/14 22:01,-2.96601,-64.912122
7,93,09/01/14 10:00,-2.967844,-64.903769
7,93,09/02/14 04:00,-2.966263,-64.912101
7,93,09/02/14 10:02,-2.967919,-64.909436
8,93,09/02/14 16:00,-2.973788,-64.87327
8,93,09/02/14 22:01,-2.973516,-64.873222
8,93,09/03/14 04:01,-2.974575,-64.873839
8,93,09/03/14 10:01,-2.974528,-64.873321
8,93,09/03/14 16:01,-2.974367,-64.872508
8,93,09/03/14 22:00,-2.975322,-64.871941
8,93,09/04/14 04:01,-2.975519,-64.871472
8,93,09/04/14 10:00,-2.975126,-64.870782
8,93,09/04/14 16:01,-2.975754,-64.869929
8,93,09/04/14 22:00,-2.982084,-64.866466
8,93,09/05/14 04:01,-2.988392,-64.867179
7,93,09/05/14 10:02,-2.990898,-64.867998
7,93,09/05/14 16:00,-2.991412,-64.871436
7,93,09/05/14 22:00,-2.989626,-64.869352
8,93,09/06/14 04:00,-2.986459,-64.868195
7,93,09/06/14 10:00,-2.962197,-64.911005
7,93,09/06/14 22:00,-2.948268,-64.912386
7,93,09/07/14 04:02,-2.946827,-64.904798
8,93,09/07/14 10:03,-2.955219,-64.875722
8,93,09/07/14 16:00,-2.962816,-64.859132
8,93,09/07/14 22:00,-2.96258,-64.857426
8,93,09/08/14 16:02,-3.000253,-64.837381
8,93,09/08/14 22:03,-2.999827,-64.83738
8,93,09/09/14 16:00,-2.977455,-64.849283
8,93,09/10/14 04:02,-2.966151,-64.871961
8,93,09/10/14 22:01,-2.963853,-64.873262
8,93,09/11/14 10:01,-2.999852,-64.827706
8,93,09/11/14 16:00,-2.992409,-64.833001
6,93,09/12/14 10:01,-3.009008,-64.865335
6,93,09/12/14 16:00,-3.00959,-64.866468
7,93,09/12/14 22:00,-3.011621,-64.869886
7,93,09/13/14 04:01,-3.010268,-64.879697
7,93,09/13/14 16:02,-3.016939,-64.877247
7,93,09/14/14 04:01,-3.025395,-64.877306
6,93,09/14/14 10:00,-3.027482,-64.868845
6,93,09/14/14 22:00,-3.02576,-64.868314
6,93,09/15/14 04:00,-3.025472,-64.867907
4,93,09/16/14 16:00,-3.073456,-64.823512
1,93,09/17/14 10:00,-3.035029,-64.817153
1,93,09/18/14 04:02,-3.025011,-64.846433
8,93,09/18/14 16:02,-2.982237,-64.846883
7,93,09/19/14 22:01,-2.948935,-64.905164
7,93,09/20/14 04:01,-2.968003,-64.883198
7,93,09/20/14 10:00,-2.971519,-64.884436
7,93,09/20/14 16:00,-2.971338,-64.884187
7,93,09/20/14 22:00,-2.991085,-64.892831
6,93,09/21/14 10:01,-3.006442,-64.856403
6,93,09/21/14 22:01,-3.006276,-64.856486
6,93,09/22/14 04:00,-3.006403,-64.856326
8,93,09/22/14 16:03,-2.986624,-64.852057
1,93,09/23/14 10:02,-3.019185,-64.836006
1,93,09/23/14 16:00,-3.01838,-64.834898
1,93,09/23/14 22:00,-3.0225,-64.823612
1,93,09/24/14 10:02,-3.026334,-64.816281
1,93,09/24/14 16:00,-3.020991,-64.833532
1,93,09/24/14 22:00,-3.018934,-64.836025
8,93,09/25/14 04:03,-2.961272,-64.844118
8,93,09/25/14 10:01,-2.956797,-64.852843
7,93,09/25/14 16:01,-2.996027,-64.876149
6,93,09/26/14 16:00,-3.022103,-64.852424
6,93,09/26/14 22:00,-3.023436,-64.85156
6,93,09/27/14 04:00,-3.029863,-64.856809
6,93,09/27/14 16:00,-3.024026,-64.862165
7,93,09/27/14 22:01,-2.997293,-64.867418
8,93,09/28/14 04:00,-2.97098,-64.861025
8,93,09/28/14 10:00,-2.992567,-64.840232
8,93,09/28/14 16:00,-3.008688,-64.842043
1,93,09/29/14 10:02,-3.01819,-64.837919
1,93,09/29/14 16:00,-3.016423,-64.839811
8,93,09/30/14 04:02,-3.00402,-64.845698
8,93,09/30/14 10:02,-3.00402,-64.845653
8,93,09/30/14 16:01,-3.003879,-64.84571
8,93,09/30/14 22:03,-2.989827,-64.841565
8,93,10/01/14 10:01,-2.972758,-64.86456
8,93,10/01/14 16:00,-2.971743,-64.875028
7,93,10/02/14 04:01,-2.988522,-64.890034
7,93,10/02/14 10:00,-2.996308,-64.88756
7,93,10/02/14 22:00,-3.007251,-64.889919
7,93,10/03/14 10:00,-2.98409,-64.896099
7,93,10/03/14 16:00,-2.982188,-64.897186
7,93,10/03/14 22:01,-2.980872,-64.897396
7,93,10/04/14 10:00,-2.999052,-64.880104
7,93,10/04/14 16:01,-3.000828,-64.87562
7,93,10/04/14 22:00,-3.000525,-64.875991
7,93,10/05/14 04:02,-3.000942,-64.875759
7,93,10/05/14 10:00,-3.000733,-64.875894
7,93,10/05/14 16:00,-3.000894,-64.875797
8,93,10/05/14 22:03,-2.986961,-64.867328
7,93,10/06/14 04:00,-2.986194,-64.88935
7,93,10/06/14 10:01,-2.990961,-64.886867
7,93,10/06/14 16:01,-2.989316,-64.886011
7,93,10/07/14 10:03,-2.969667,-64.881592
8,93,10/07/14 16:00,-2.971545,-64.876546
8,93,10/08/14 10:01,-2.975189,-64.874432
7,93,10/08/14 16:03,-2.976782,-64.877212
7,93,10/08/14 22:01,-2.971277,-64.881036
7,93,10/09/14 04:02,-2.988121,-64.868664
7,93,10/09/14 10:01,-2.983284,-64.881526
7,93,10/09/14 16:00,-2.983176,-64.88155
7,93,10/09/14 22:01,-2.990242,-64.885626
7,93,10/10/14 10:01,-2.995123,-64.882753
7,93,10/10/14 16:00,-2.995025,-64.882736
7,93,10/10/14 22:01,-2.994823,-64.882592
7,93,10/11/14 04:02,-2.995032,-64.882679
7,93,10/11/14 10:01,-2.994965,-64.882534
7,93,10/11/14 16:01,-2.994973,-64.883009
7,93,10/12/14 04:01,-3.002777,-64.881017
7,93,10/12/14 10:01,-3.003807,-64.881083
7,93,10/12/14 16:00,-3.013155,-64.873354
7,93,10/12/14 22:00,-3.015519,-64.87356
6,93,10/13/14 04:01,-3.021499,-64.864824
6,93,10/13/14 10:00,-3.023879,-64.862277
6,93,10/13/14 16:00,-3.023791,-64.862245
6,93,10/13/14 22:01,-3.020657,-64.852282
8,93,10/14/14 16:00,-2.98617,-64.852775
8,93,10/14/14 22:01,-2.99321,-64.856581
8,93,10/15/14 04:01,-2.993628,-64.856489
8,93,10/15/14 10:00,-2.984787,-64.853368
8,93,10/15/14 16:01,-2.982541,-64.848644
8,93,10/16/14 04:01,-2.977779,-64.846539
8,93,10/16/14 10:00,-2.975696,-64.850669
8,93,10/16/14 16:00,-2.974882,-64.854984
7,93,10/17/14 10:00,-2.993033,-64.866885
7,93,10/17/14 16:00,-3.000824,-64.866277
7,93,10/17/14 22:00,-3.001888,-64.867646
7,93,10/18/14 04:02,-3.002728,-64.866898
7,93,10/18/14 10:02,-3.001814,-64.865994
7,93,10/18/14 16:00,-2.998657,-64.866644
7,93,10/18/14 22:00,-2.996815,-64.867042
7,93,10/19/14 04:00,-2.997295,-64.867224
7,93,10/19/14 10:02,-2.99751,-64.867219
7,93,10/19/14 16:00,-2.996996,-64.866575
7,93,10/20/14 04:00,-2.984785,-64.894139
7,93,10/20/14 10:00,-2.984745,-64.894228
7,93,10/20/14 16:00,-2.984457,-64.894814
7,93,10/21/14 04:02,-2.996843,-64.882337
7,93,10/21/14 10:01,-2.999183,-64.88522
7,93,10/21/14 16:00,-2.999091,-64.885555
7,93,10/21/14 22:00,-2.998808,-64.884893
7,93,10/22/14 04:00,-3.002134,-64.890589
7,93,10/22/14 10:00,-3.002059,-64.890752
7,93,10/22/14 16:00,-3.004187,-64.889529
7,93,10/22/14 22:01,-3.01264,-64.869576
1,93,10/23/14 10:00,-3.018403,-64.833564
1,93,10/23/14 16:00,-3.021841,-64.826424
1,93,10/23/14 22:01,-3.018556,-64.823783
1,93,10/24/14 04:01,-3.015655,-64.829268
8,93,10/24/14 16:00,-3.003907,-64.836221
8,93,10/24/14 22:01,-3.003964,-64.836895
8,93,10/25/14 10:00,-3.00047,-64.839084
8,93,10/25/14 16:00,-3.000522,-64.839111
8,93,10/26/14 04:01,-2.999171,-64.838599
8,93,10/26/14 10:01,-2.999862,-64.837029
8,93,10/26/14 16:00,-2.997371,-64.837019
8,93,10/27/14 04:00,-2.987122,-64.856091
6,93,10/27/14 10:00,-3.006238,-64.857089
6,93,10/27/14 16:00,-3.006091,-64.856901
6,93,10/28/14 04:01,-3.006151,-64.856928
6,93,10/28/14 16:01,-3.010844,-64.86255
6,93,10/28/14 22:02,-3.024891,-64.866579
7,93,10/29/14 04:01,-3.012812,-64.885747
7,93,10/29/14 10:01,-3.012202,-64.885705
7,93,10/29/14 16:00,-3.011429,-64.886579
7,93,10/29/14 22:01,-3.002926,-64.89113
7,93,10/30/14 16:00,-2.994021,-64.886826
7,93,10/30/14 22:01,-2.984973,-64.899606
7,93,10/31/14 04:00,-2.984853,-64.907192
7,93,10/31/14 10:00,-2.983695,-64.908465
7,93,10/31/14 16:00,-2.963438,-64.88788
8,93,10/31/14 22:01,-2.95809,-64.865701
8,93,11/01/14 04:00,-2.957314,-64.878848
8,93,11/01/14 10:00,-2.970673,-64.86819
8,93,11/01/14 16:00,-2.972361,-64.871448
7,93,11/01/14 22:01,-2.976517,-64.875662
7,93,11/02/14 04:00,-2.999149,-64.879564
7,93,11/02/14 10:00,-3.009367,-64.876744
7,93,11/02/14 16:00,-3.009335,-64.876759
7,93,11/02/14 22:00,-3.019826,-64.884604
6,93,11/03/14 04:03,-3.026373,-64.874201
6,93,11/03/14 16:01,-3.025409,-64.871341
6,93,11/03/14 22:01,-3.032076,-64.864693
6,93,11/04/14 04:01,-3.029226,-64.85431
6,93,11/04/14 10:03,-3.029174,-64.854456
6,93,11/04/14 16:01,-3.02316,-64.85171
6,93,11/04/14 22:03,-3.024821,-64.850052
1,93,11/05/14 04:01,-3.028573,-64.847375
1,93,11/05/14 16:01,-3.03505,-64.843079
1,93,11/05/14 22:01,-3.046848,-64.836559
1,93,11/06/14 04:01,-3.049361,-64.837992
1,93,11/06/14 16:01,-3.049149,-64.837759
6,93,11/07/14 04:01,-3.039034,-64.849806
6,93,11/07/14 10:01,-3.03753,-64.850398
6,93,11/07/14 16:01,-3.027625,-64.851712
6,93,11/07/14 22:01,-3.010265,-64.848962
8,93,11/08/14 04:01,-2.994099,-64.857881
6,93,11/08/14 16:01,-3.007671,-64.855233
1,93,11/08/14 22:00,-3.017696,-64.83485
8,93,11/09/14 10:01,-3.005169,-64.817316
8,93,11/09/14 16:00,-2.990077,-64.827208
8,93,11/09/14 22:00,-2.999605,-64.827864
8,93,11/10/14 10:02,-2.988745,-64.834765
6,93,11/11/14 04:01,-3.002457,-64.862171
6,93,11/11/14 10:00,-3.002333,-64.860128
7,93,11/11/14 16:01,-3.008226,-64.878756
7,93,11/11/14 22:00,-3.009124,-64.888654
7,93,11/12/14 04:00,-3.007769,-64.890127
7,93,11/12/14 16:00,-3.007916,-64.889671
7,93,11/12/14 22:00,-3.0132,-64.874911
7,93,11/13/14 04:01,-3.013456,-64.874769
7,93,11/13/14 10:00,-3.013469,-64.874858
7,93,11/13/14 16:00,-3.013333,-64.874894
7,93,11/13/14 22:01,-3.013567,-64.874662
7,93,11/14/14 04:00,-3.014653,-64.880084
7,93,11/14/14 10:02,-3.014661,-64.880099
8,93,11/14/14 16:00,-2.980633,-64.849345
8,93,11/14/14 22:01,-2.974497,-64.854443
8,93,11/15/14 04:00,-2.964333,-64.847273
8,93,11/15/14 10:00,-2.96442,-64.847084
8,93,11/15/14 16:00,-2.967179,-64.844041
8,93,11/16/14 04:02,-2.999598,-64.845347
8,93,11/16/14 10:01,-3.000042,-64.845149
8,93,11/16/14 16:00,-3.004291,-64.845641
8,93,11/16/14 22:02,-2.995872,-64.857947
8,93,11/17/14 04:02,-2.995906,-64.857558
8,93,11/17/14 10:02,-2.995996,-64.857621
8,93,11/17/14 16:01,-2.996266,-64.862944
6,93,11/17/14 22:02,-3.011673,-64.854984
1,93,11/18/14 04:02,-3.021037,-64.824298
1,93,11/18/14 10:00,-3.020342,-64.817551
1,93,11/18/14 16:01,-3.020173,-64.817798
8,93,11/19/14 04:01,-3.000434,-64.838616
8,93,11/19/14 10:00,-2.99968,-64.838634
8,93,11/19/14 16:00,-2.997248,-64.837109
1,93,11/20/14 04:00,-3.035078,-64.827787
1,93,11/20/14 10:00,-3.019907,-64.839424
7,93,11/21/14 04:00,-3.009929,-64.88499
7,93,11/21/14 10:01,-3.009837,-64.885248
7,93,11/21/14 16:00,-2.992831,-64.877603
8,93,11/21/14 22:01,-2.99674,-64.853264
1,93,11/22/14 04:01,-3.014362,-64.84421
1,93,11/22/14 10:00,-3.014629,-64.844276
1,93,11/23/14 04:00,-3.0272,-64.824639
1,93,11/23/14 10:01,-3.020319,-64.84317
1,93,11/23/14 16:01,-3.020247,-64.843577
1,93,11/24/14 04:02,-3.020566,-64.843445
1,93,11/24/14 10:00,-3.020675,-64.843609
1,93,11/24/14 16:01,-3.011432,-64.838534
6,93,11/25/14 04:02,-3.015277,-64.851652
6,93,11/25/14 10:00,-3.009835,-64.857243
8,93,11/25/14 22:01,-2.980423,-64.841114
8,93,11/26/14 04:01,-2.99056,-64.827223
8,93,11/26/14 10:00,-2.990583,-64.827115
8,93,11/26/14 16:01,-2.989931,-64.827546
8,93,11/26/14 22:01,-2.989882,-64.825493
1,93,11/27/14 10:01,-3.019625,-64.838513
1,93,11/27/14 22:03,-3.018033,-64.837944
1,93,11/28/14 04:01,-3.016716,-64.843264
1,93,11/28/14 10:01,-3.017301,-64.846393
6,93,11/28/14 16:00,-3.012855,-64.849806
6,93,11/29/14 04:01,-3.036561,-64.85135
6,93,11/29/14 10:00,-3.036617,-64.851184
6,93,11/29/14 16:00,-3.036748,-64.850703
6,93,11/30/14 04:01,-3.030961,-64.849298
6,93,11/30/14 10:01,-3.03075,-64.849976
6,93,11/30/14 16:01,-3.030772,-64.849082
1,93,11/30/14 22:02,-3.044969,-64.838166
1,93,12/01/14 10:00,-3.045201,-64.838201
1,93,12/01/14 16:03,-3.045452,-64.837571
1,93,12/01/14 22:01,-3.044796,-64.839149
1,93,12/02/14 04:01,-3.047895,-64.837532
1,93,12/02/14 10:00,-3.047658,-64.837296
1,93,12/03/14 10:00,-3.029075,-64.847593
1,93,12/03/14 16:00,-3.029185,-64.847588
6,93,12/03/14 22:01,-3.010175,-64.856707
8,93,12/04/14 04:02,-2.990659,-64.854549
8,93,12/04/14 10:00,-2.99112,-64.850168
8,93,12/05/14 04:01,-2.987999,-64.825979
8,93,12/05/14 10:00,-2.988854,-64.827577
8,93,12/05/14 16:00,-2.987724,-64.829973
8,93,12/05/14 22:02,-2.960023,-64.834641
8,93,12/06/14 04:01,-2.961425,-64.844184
8,93,12/06/14 16:01,-2.966824,-64.845357
8,93,12/07/14 04:01,-2.981987,-64.854404
8,93,12/07/14 10:00,-2.982516,-64.854443
8,93,12/07/14 16:00,-2.98264,-64.854296
4,93,12/08/14 10:02,-3.063032,-64.81033
4,93,12/08/14 16:01,-3.063393,-64.810589
4,93,12/08/14 22:01,-3.057207,-64.821332
1,93,12/09/14 22:01,-3.044886,-64.82835
6,93,12/10/14 10:00,-3.025448,-64.858409
6,93,12/10/14 16:01,-3.024945,-64.858313
6,93,12/10/14 22:00,-3.025464,-64.866888
6,93,12/12/14 04:01,-3.007417,-64.856367
6,93,12/12/14 10:00,-3.007458,-64.856182
8,93,12/12/14 22:01,-2.978267,-64.845422
8,93,12/13/14 04:01,-2.978243,-64.845397
8,93,12/13/14 10:01,-2.978333,-64.845162
8,93,12/13/14 16:01,-2.978273,-64.845099
8,93,12/13/14 22:01,-2.97659,-64.840405
8,93,12/14/14 04:01,-2.973098,-64.835993
1,93,12/15/14 04:00,-3.017936,-64.814959
1,93,12/15/14 10:00,-3.017521,-64.816479
1,93,12/16/14 04:02,-3.016729,-64.820666
1,93,12/16/14 16:01,-3.017189,-64.821358
8,93,12/17/14 04:01,-2.985724,-64.835086
8,93,12/17/14 10:00,-2.9855,-64.835543
8,93,12/17/14 16:00,-2.986376,-64.83883
7,93,12/18/14 10:01,-2.990101,-64.873803
6,93,12/19/14 10:00,-3.027342,-64.874351
6,93,12/19/14 16:00,-3.026223,-64.874359
6,93,12/19/14 22:01,-3.025805,-64.868306
6,93,12/20/14 10:02,-3.023439,-64.859803
6,93,12/20/14 16:00,-3.02373,-64.859835
8,93,12/21/14 04:01,-2.982716,-64.866776
8,93,12/21/14 10:01,-2.982424,-64.868121
8,93,12/21/14 16:01,-2.983545,-64.867947
7,93,12/22/14 04:00,-2.988783,-64.885642
7,93,12/22/14 16:00,-2.99711,-64.874776
1,93,12/23/14 10:01,-3.023511,-64.820856
1,93,12/23/14 16:00,-3.019295,-64.831751
8,93,12/24/14 10:00,-2.969286,-64.831573
8,93,12/24/14 16:01,-2.955628,-64.847466
8,93,12/25/14 04:02,-2.958758,-64.848126
8,93,12/25/14 10:01,-2.958678,-64.848122
8,93,12/25/14 16:02,-2.958804,-64.848208
8,93,12/25/14 22:00,-2.96654,-64.847718
8,93,12/26/14 04:02,-2.969289,-64.845195
8,93,12/26/14 10:02,-2.978735,-64.848115
8,93,12/26/14 16:01,-2.992495,-64.84646
8,93,12/27/14 10:00,-2.977599,-64.845764
8,93,12/27/14 16:01,-2.977539,-64.845782
8,93,12/27/14 22:02,-2.997411,-64.862391
7,93,12/28/14 04:02,-3.016714,-64.886818
7,93,12/28/14 10:00,-3.01659,-64.886901
7,93,12/28/14 16:00,-3.00753,-64.885946
6,93,12/29/14 04:02,-3.006946,-64.857841
7,93,12/29/14 16:01,-3.010677,-64.877746
7,93,12/29/14 22:01,-3.012251,-64.870442
7,93,12/30/14 10:00,-3.01669,-64.874024
7,93,12/30/14 16:00,-3.016745,-64.873891
1,93,12/30/14 22:00,-3.036113,-64.844053
1,93,12/31/14 04:01,-3.052796,-64.843856
1,93,12/31/14 10:01,-3.052741,-64.843349
5,93,12/31/14 22:00,-3.062762,-64.843011
4,93,01/01/15 10:00,-3.067123,-64.819833
1,93,01/01/15 22:00,-3.048155,-64.836291
1,93,01/02/15 04:00,-3.034538,-64.843697
1,93,01/02/15 10:00,-3.034568,-64.843661
1,93,01/03/15 10:00,-3.021229,-64.836479
1,93,01/03/15 22:00,-3.016007,-64.825307
1,93,01/04/15 04:01,-3.016234,-64.825109
8,93,01/04/15 22:02,-2.988243,-64.837911
8,93,01/05/15 10:00,-2.976844,-64.843959
8,93,01/05/15 22:01,-3.009774,-64.829091
1,93,01/06/15 10:00,-3.01909,-64.817971
1,93,01/06/15 16:00,-3.017388,-64.831074
8,93,01/07/15 10:01,-3.004693,-64.853773
8,93,01/07/15 22:02,-3.002413,-64.854904
8,93,01/08/15 10:00,-2.995693,-64.857806
7,93,01/09/15 10:00,-2.996906,-64.86457
7,93,01/09/15 16:01,-2.995329,-64.865419
8,93,01/10/15 04:02,-2.965633,-64.86142
7,93,01/10/15 10:00,-2.987308,-64.873001
1,93,01/11/15 10:01,-3.035519,-64.844743
1,93,01/11/15 22:02,-3.033678,-64.840324
1,93,01/12/15 04:02,-3.0337,-64.840088
1,93,01/12/15 10:01,-3.033347,-64.840566
1,93,01/12/15 16:02,-3.041171,-64.844398
1,93,02/18/15 04:02,-3.031068,-64.832511
5,93,04/04/15 10:01,-3.083768,-64.85002
5,93,04/04/15 16:01,-3.084712,-64.849935
5,93,04/04/15 22:02,-3.083339,-64.849935
5,93,04/05/15 04:01,-3.078704,-64.840236
5,93,04/05/15 10:00,-3.073726,-64.838347
5,93,04/05/15 16:00,-3.073726,-64.838433
5,93,04/05/15 22:01,-3.073726,-64.838347
2,93,04/27/15 10:00,-3.103852,-64.776206
2,93,04/27/15 16:00,-3.103766,-64.776292
2,93,04/27/15 22:00,-3.103766,-64.776292
2,93,04/28/15 04:00,-3.10617,-64.775519
2,93,04/28/15 10:01,-3.10617,-64.775262
2,93,04/28/15 16:01,-3.106256,-64.775434
2,93,04/28/15 22:01,-3.106256,-64.775262
2,93,05/03/15 10:00,-3.100762,-64.782987
2,93,05/03/15 16:00,-3.100762,-64.782987
2,93,05/03/15 22:00,-3.100762,-64.783072
2,93,05/04/15 04:00,-3.100762,-64.782901
2,93,05/04/15 10:00,-3.100762,-64.782987
2,93,05/04/15 16:00,-3.100677,-64.782987
2,93,05/04/15 22:00,-3.100677,-64.782987
2,93,05/05/15 04:01,-3.101106,-64.782214
2,93,05/05/15 10:00,-3.101192,-64.782214
2,93,05/05/15 16:00,-3.101192,-64.782214
2,93,05/05/15 22:00,-3.101277,-64.782214
2,93,05/12/15 04:02,-3.101449,-64.773202
2,93,05/12/15 10:01,-3.101707,-64.773116
2,93,05/12/15 16:00,-3.101449,-64.773288
2,93,05/12/15 22:00,-3.101449,-64.773202
2,93,05/13/15 04:01,-3.101621,-64.773288
2,93,05/13/15 10:00,-3.101449,-64.773202
2,93,05/13/15 16:00,-3.101621,-64.77303
2,93,05/13/15 22:00,-3.101535,-64.773116
2,93,05/17/15 10:00,-3.107715,-64.787793
2,93,05/17/15 16:00,-3.104882,-64.791055
2,93,05/17/15 22:00,-3.104968,-64.791055
1,93,06/01/15 22:00,-3.037076,-64.825301
1,93,06/02/15 04:01,-3.037248,-64.825387
1,93,06/02/15 10:02,-3.037162,-64.825301
1,93,06/02/15 16:00,-3.037076,-64.825387
1,93,06/02/15 22:00,-3.040595,-64.826589
1,93,06/03/15 04:00,-3.040681,-64.826589
1,93,06/03/15 10:01,-3.040681,-64.826503
1,93,06/03/15 16:00,-3.040595,-64.826589
1,93,06/03/15 22:00,-3.040509,-64.826674
1,93,06/04/15 04:01,-3.040767,-64.82676
1,93,06/04/15 10:00,-3.040595,-64.826503
1,93,06/04/15 16:00,-3.039308,-64.826674
1,93,06/04/15 22:00,-3.039308,-64.826674
1,93,06/05/15 04:01,-3.029437,-64.828734
1,93,06/05/15 16:00,-3.026776,-64.834313
1,93,06/05/15 22:00,-3.026776,-64.834399
1,93,06/06/15 04:00,-3.024201,-64.838519
1,93,06/06/15 10:01,-3.034329,-64.827361
1,93,06/10/15 04:01,-3.035531,-64.811482
1,93,06/10/15 10:01,-3.033471,-64.820666
1,93,06/10/15 16:00,-3.033385,-64.820409
1,93,06/10/15 22:00,-3.033385,-64.82058
1,93,06/11/15 04:01,-3.03184,-64.821095
1,93,06/11/15 10:00,-3.029437,-64.828563
1,93,06/11/15 16:00,-3.029437,-64.828649
6,93,06/14/15 22:00,-3.012357,-64.849162
1,93,06/21/15 22:00,-3.039393,-64.840751
1,93,06/22/15 04:01,-3.0442,-64.834313
1,93,06/22/15 10:00,-3.049264,-64.832768
1,93,06/22/15 16:00,-3.049264,-64.832854
1,93,06/22/15 22:00,-3.04935,-64.832854
4,93,06/23/15 10:01,-3.05759,-64.824357
4,93,06/23/15 16:02,-3.058877,-64.822383
4,93,06/24/15 10:01,-3.064456,-64.818263
4,93,06/24/15 16:00,-3.064971,-64.817662
6,93,07/12/15 22:01,-3.036904,-64.850535
6,93,07/13/15 04:01,-3.035188,-64.851737
6,93,07/13/15 10:00,-3.035188,-64.851737
6,93,07/13/15 16:00,-3.035274,-64.851823
6,93,07/13/15 22:00,-3.035188,-64.851823
6,93,07/14/15 04:02,-3.034844,-64.851136
6,93,07/14/15 10:00,-3.032269,-64.851136
6,93,07/14/15 16:00,-3.029008,-64.851308
6,93,07/14/15 22:00,-3.029094,-64.851394
1,93,07/15/15 10:00,-3.020768,-64.843583
1,93,07/15/15 16:01,-3.020768,-64.843583
1,93,07/15/15 22:00,-3.020768,-64.843669
1,93,07/24/15 16:00,-3.040938,-64.823928
1,93,07/24/15 22:00,-3.040938,-64.824014
4,93,07/28/15 04:00,-3.067718,-64.808221
4,93,07/28/15 10:01,-3.067632,-64.808307
4,93,07/28/15 16:00,-3.068061,-64.811225
4,93,07/28/15 22:01,-3.068061,-64.811311
3,93,07/31/15 10:00,-3.087201,-64.816031
3,93,07/31/15 16:00,-3.087115,-64.816031
3,93,07/31/15 22:00,-3.086944,-64.816203
3,93,08/01/15 04:00,-3.090892,-64.813113
3,93,08/01/15 10:00,-3.090892,-64.813113
3,93,08/01/15 16:01,-3.09072,-64.813113
3,93,08/01/15 22:00,-3.090892,-64.813113
