98,2014-12-11 13:01:00,-64.85651,-3.054789
98,2014-12-11 18:00:00,-64.856474,-3.054621
98,2014-12-13 10:01:00,-64.856501,-3.054712
98,2014-12-14 01:01:00,-64.848559,-3.098325
98,2014-12-14 06:01:00,-64.839915,-3.095733
98,2014-12-14 11:02:00,-64.840445,-3.095384
98,2014-12-16 03:02:00,-64.863942,-3.087384
98,2014-12-16 05:25:00,-64.863883,-3.087344
98,2014-12-16 13:01:00,-64.854758,-3.094704
98,2014-12-16 15:27:00,-64.855441,-3.094379
98,2014-12-16 20:28:00,-64.85511,-3.094358
98,2014-12-17 01:29:00,-64.854502,-3.094029
98,2014-12-17 06:30:00,-64.854026,-3.094209
98,2014-12-17 11:31:00,-64.853691,-3.094711
98,2014-12-17 16:32:00,-64.853475,-3.094934
98,2014-12-17 21:33:00,-64.853669,-3.09552
98,2014-12-18 02:34:00,-64.854122,-3.096032
98,2014-12-18 10:01:00,-64.854421,-3.096707
98,2014-12-18 12:36:00,-64.853863,-3.096959
98,2014-12-18 20:02:00,-64.841983,-3.101138
98,2014-12-19 01:00:00,-64.839652,-3.102381
98,2014-12-19 03:39:00,-64.83954,-3.101087
98,2014-12-19 11:01:00,-64.840162,-3.100862
98,2014-12-19 13:41:00,-64.839803,-3.099921
98,2014-12-19 18:42:00,-64.833764,-3.104874
98,2014-12-20 02:02:00,-64.833299,-3.105252
98,2014-12-20 07:01:00,-64.83207,-3.10636
98,2014-12-20 12:01:00,-64.832314,-3.105902
98,2014-12-20 17:00:00,-64.83227,-3.105024
98,2014-12-20 19:47:00,-64.832685,-3.104884
98,2014-12-21 03:01:00,-64.843204,-3.101071
98,2014-12-21 08:01:00,-64.84466,-3.100081
98,2014-12-21 13:01:00,-64.845559,-3.09975
98,2014-12-21 18:01:00,-64.846762,-3.098878
98,2014-12-21 23:02:00,-64.847084,-3.098939
98,2014-12-22 01:53:00,-64.847374,-3.098937
98,2014-12-22 06:54:00,-64.847602,-3.094455
98,2014-12-22 11:55:00,-64.849287,-3.090176
98,2014-12-22 16:56:00,-64.849357,-3.086721
98,2014-12-22 21:57:00,-64.850309,-3.083096
98,2014-12-23 02:58:00,-64.850994,-3.079573
98,2014-12-23 07:59:00,-64.852082,-3.076278
98,2014-12-23 13:00:00,-64.852251,-3.073585
98,2014-12-23 18:01:00,-64.852118,-3.070224
98,2014-12-23 23:02:00,-64.85264,-3.067413
98,2014-12-24 04:03:00,-64.852915,-3.064857
98,2014-12-24 09:04:00,-64.853326,-3.062496
98,2014-12-24 14:05:00,-64.854235,-3.059924
98,2014-12-24 19:06:00,-64.85508,-3.05749
98,2014-12-25 00:07:00,-64.855552,-3.054942
98,2014-12-25 07:03:00,-64.856586,-3.055036
98,2014-12-25 10:09:00,-64.856241,-3.054807
98,2014-12-25 15:10:00,-64.857453,-3.053824
98,2014-12-25 22:01:00,-64.856596,-3.054835
98,2014-12-26 01:12:00,-64.85564,-3.054305
98,2014-12-26 08:01:00,-64.857171,-3.056365
98,2014-12-26 11:14:00,-64.857178,-3.055705
98,2014-12-26 16:15:00,-64.857154,-3.055311
98,2014-12-26 21:16:00,-64.857624,-3.05489
98,2014-12-27 02:17:00,-64.856857,-3.055805
98,2014-12-27 09:01:00,-64.856591,-3.056179
98,2014-12-27 14:01:00,-64.856961,-3.055907
98,2014-12-27 17:20:00,-64.857375,-3.056197
98,2014-12-28 00:02:00,-64.852301,-3.071733
98,2014-12-28 05:01:00,-64.856728,-3.055978
98,2014-12-28 10:00:00,-64.856695,-3.056002
98,2014-12-28 15:01:00,-64.856651,-3.055849
98,2014-12-28 20:02:00,-64.856173,-3.055766
98,2014-12-28 23:26:00,-64.855639,-3.05563
98,2014-12-29 06:01:00,-64.852054,-3.057444
98,2014-12-29 09:28:00,-64.851957,-3.05741
98,2014-12-29 14:29:00,-64.85306,-3.056245
98,2014-12-29 19:30:00,-64.854917,-3.05563
98,2014-12-30 02:02:00,-64.856036,-3.055742
98,2014-12-30 07:01:00,-64.855875,-3.055499
98,2014-12-30 10:33:00,-64.856042,-3.055014
98,2014-12-30 17:01:00,-64.856034,-3.055772
98,2014-12-30 22:02:00,-64.856102,-3.059191
98,2014-12-31 01:36:00,-64.856471,-3.057966
98,2014-12-31 06:37:00,-64.853891,-3.060227
98,2014-12-31 13:01:00,-64.854048,-3.060257
98,2014-12-31 18:02:00,-64.856161,-3.059363
98,2014-12-31 21:40:00,-64.855671,-3.058955
98,2015-01-01 02:41:00,-64.856682,-3.058982
98,2015-01-01 09:01:00,-64.855902,-3.059081
98,2015-01-01 14:02:00,-64.855962,-3.059156
98,2015-01-01 19:02:00,-64.855827,-3.059254
98,2015-01-02 00:02:00,-64.855943,-3.059014
98,2015-01-02 03:46:00,-64.85531,-3.058685
98,2015-01-02 10:01:00,-64.844892,-3.065959
98,2015-01-02 13:48:00,-64.846048,-3.065219
98,2015-01-02 18:49:00,-64.848335,-3.062766
98,2015-01-02 23:50:00,-64.850776,-3.061207
98,2015-01-03 04:51:00,-64.852587,-3.06017
98,2015-01-03 09:52:00,-64.855477,-3.059766
98,2015-01-03 16:02:00,-64.855763,-3.059538
98,2015-01-03 19:54:00,-64.854452,-3.059628
98,2015-01-04 00:55:00,-64.8459,-3.064698
98,2015-01-04 07:01:00,-64.84504,-3.064897
98,2015-01-04 12:02:00,-64.855917,-3.059037
98,2015-01-04 15:58:00,-64.855834,-3.059231
98,2015-01-04 20:59:00,-64.856305,-3.058727
98,2015-01-05 03:01:00,-64.856136,-3.059082
98,2015-01-05 08:02:00,-64.855914,-3.059043
98,2015-01-05 13:01:00,-64.855997,-3.059268
98,2015-01-05 18:02:00,-64.855337,-3.061877
98,2015-01-05 22:04:00,-64.855489,-3.061507
98,2015-01-06 03:05:00,-64.854552,-3.063596
98,2015-01-06 08:06:00,-64.85364,-3.065532
98,2015-01-06 13:07:00,-64.85297,-3.067905
98,2015-01-06 18:08:00,-64.852506,-3.070588
98,2015-01-06 23:09:00,-64.852196,-3.073262
98,2015-01-07 05:01:00,-64.851727,-3.073604
98,2015-01-07 09:11:00,-64.851298,-3.072822
98,2015-01-07 15:02:00,-64.851712,-3.073574
98,2015-01-07 19:13:00,-64.851474,-3.072935
98,2015-01-08 00:14:00,-64.845878,-3.075117
98,2015-01-08 05:15:00,-64.841587,-3.077538
98,2015-01-08 11:01:00,-64.841771,-3.07751
98,2015-01-08 16:02:00,-64.851646,-3.073627
98,2015-01-08 20:18:00,-64.851529,-3.072887
98,2015-01-09 02:02:00,-64.86736,-3.06732
98,2015-01-09 07:01:00,-64.866097,-3.078066
98,2015-01-09 11:21:00,-64.865818,-3.077624
98,2015-01-09 16:22:00,-64.861723,-3.0762
98,2015-01-09 21:23:00,-64.857946,-3.074655
98,2015-01-10 02:24:00,-64.854256,-3.073431
98,2015-01-10 07:25:00,-64.85108,-3.072997
98,2015-01-10 13:02:00,-64.851726,-3.073542
98,2015-01-10 18:02:00,-64.834206,-3.079336
98,2015-01-10 23:02:00,-64.834066,-3.079384
98,2015-01-11 03:29:00,-64.834335,-3.079193
98,2015-01-11 08:30:00,-64.838916,-3.076546
98,2015-01-11 13:31:00,-64.843284,-3.074518
98,2015-01-11 18:32:00,-64.850083,-3.073269
98,2015-01-12 00:02:00,-64.850478,-3.073828
98,2015-01-12 04:34:00,-64.849699,-3.073988
98,2015-01-12 10:01:00,-64.850499,-3.074225
98,2015-01-12 14:36:00,-64.851812,-3.073512
98,2015-01-12 19:37:00,-64.849906,-3.073004
98,2015-01-13 01:01:00,-64.85069,-3.073979
98,2015-01-13 06:01:00,-64.850874,-3.074321
98,2015-01-13 11:00:00,-64.851548,-3.073932
98,2015-01-13 15:41:00,-64.851828,-3.073198
98,2015-01-13 20:42:00,-64.85041,-3.073188
98,2015-01-14 01:43:00,-64.849717,-3.074214
98,2015-01-14 07:01:00,-64.850671,-3.073904
98,2015-01-14 11:45:00,-64.850565,-3.074055
98,2015-01-14 16:46:00,-64.844764,-3.076026
98,2015-01-14 21:47:00,-64.839346,-3.078289
98,2015-01-15 02:48:00,-64.833291,-3.081153
98,2015-01-15 08:01:00,-64.83363,-3.081644
98,2015-01-15 13:01:00,-64.833389,-3.081558
98,2015-01-15 18:01:00,-64.846597,-3.08946
98,2015-01-15 22:52:00,-64.845545,-3.089643
98,2015-01-16 04:01:00,-64.846603,-3.089484
98,2015-01-16 09:02:00,-64.846714,-3.08948
98,2015-01-16 14:02:00,-64.847171,-3.091955
98,2015-01-16 18:56:00,-64.846985,-3.091543
98,2015-01-16 23:57:00,-64.846406,-3.090363
98,2015-01-17 04:58:00,-64.846266,-3.089335
98,2015-01-17 09:59:00,-64.845786,-3.089086
98,2015-01-17 15:01:00,-64.846533,-3.089391
98,2015-01-18 01:01:00,-64.819099,-3.07899
98,2015-01-18 06:01:00,-64.823809,-3.082812
98,2015-01-18 11:01:00,-64.82366,-3.08267
98,2015-01-18 11:04:00,-64.822979,-3.083488
98,2015-01-18 16:05:00,-64.846676,-3.089174
98,2015-01-19 02:01:00,-64.846561,-3.089333
98,2015-01-19 07:00:00,-64.846609,-3.089512
98,2015-01-19 07:08:00,-64.845877,-3.089374
98,2015-01-19 17:01:00,-64.844373,-3.091358
98,2015-01-19 17:10:00,-64.843915,-3.091106
98,2015-01-19 22:11:00,-64.840645,-3.093485
98,2015-01-20 08:01:00,-64.841272,-3.094145
98,2015-01-20 13:02:00,-64.841333,-3.093801
98,2015-01-20 13:14:00,-64.841294,-3.092962
98,2015-01-20 23:02:00,-64.841141,-3.093805
98,2015-01-20 23:16:00,-64.840723,-3.093353
98,2015-01-21 04:17:00,-64.841328,-3.09289
98,2015-01-21 09:18:00,-64.842437,-3.092053
98,2015-01-21 14:19:00,-64.841846,-3.09202
98,2015-01-21 19:20:00,-64.841105,-3.092248
98,2015-01-22 00:21:00,-64.841209,-3.092866
98,2015-01-22 10:02:00,-64.841153,-3.093734
98,2015-01-22 10:23:00,-64.841128,-3.093731
98,2015-01-22 15:24:00,-64.843153,-3.093643
98,2015-01-23 01:01:00,-64.842744,-3.093709
98,2015-01-23 01:26:00,-64.841785,-3.093014
98,2015-01-23 11:01:00,-64.84297,-3.093736
98,2015-01-23 16:01:00,-64.842779,-3.093724
98,2015-01-23 21:02:00,-64.842947,-3.093874
98,2015-01-24 02:01:00,-64.83232,-3.082256
98,2015-01-24 07:01:00,-64.832183,-3.082186
98,2015-01-24 07:32:00,-64.832022,-3.08199
98,2015-01-24 12:33:00,-64.842164,-3.093187
98,2015-01-24 22:01:00,-64.842536,-3.093111
98,2015-01-25 03:02:00,-64.837684,-3.090122
98,2015-01-25 08:00:00,-64.840301,-3.091979
98,2015-01-25 08:37:00,-64.838964,-3.091975
98,2015-01-25 18:00:00,-64.840297,-3.092014
98,2015-01-25 23:01:00,-64.840321,-3.091907
98,2015-01-25 23:40:00,-64.839979,-3.092058
98,2015-01-26 09:00:00,-64.841045,-3.092454
98,2015-01-26 09:42:00,-64.840404,-3.092438
98,2015-01-26 19:01:00,-64.839421,-3.096124
98,2015-01-27 00:01:00,-64.839083,-3.096132
98,2015-01-27 05:01:00,-64.839319,-3.096188
98,2015-01-27 05:46:00,-64.838596,-3.096245
98,2015-01-27 10:47:00,-64.839894,-3.096463
98,2015-01-27 20:01:00,-64.839199,-3.096185
98,2015-01-28 01:01:00,-64.843161,-3.102921
98,2015-01-28 06:01:00,-64.839482,-3.096555
98,2015-01-28 06:51:00,-64.83844,-3.096686
98,2015-01-28 11:52:00,-64.838809,-3.096351
98,2015-01-28 21:01:00,-64.839302,-3.096192
98,2015-01-28 21:54:00,-64.838918,-3.096016
98,2015-01-29 07:00:00,-64.839269,-3.096238
98,2015-01-29 12:00:00,-64.839279,-3.096318
98,2015-01-29 12:57:00,-64.83928,-3.095808
98,2015-01-29 22:02:00,-64.822076,-3.103889
98,2015-01-30 03:00:00,-64.839245,-3.096093
98,2015-01-30 04:00:00,-64.838874,-3.096075
98,2015-01-30 09:01:00,-64.838214,-3.095274
98,2015-01-30 14:02:00,-64.838667,-3.095764
98,2015-01-30 23:00:00,-64.839263,-3.096173
98,2015-01-31 00:04:00,-64.83942,-3.09588
98,2015-01-31 09:00:00,-64.839136,-3.096115
98,2015-01-31 10:06:00,-64.838467,-3.096249
98,2015-01-31 15:07:00,-64.839385,-3.095919
98,2015-02-01 00:01:00,-64.839119,-3.096306
98,2015-02-01 05:01:00,-64.839195,-3.096185
98,2015-02-01 06:10:00,-64.838897,-3.095931
98,2015-02-01 15:00:00,-64.839319,-3.096236
98,2015-02-01 16:12:00,-64.839626,-3.095452
98,2015-02-02 01:02:00,-64.839035,-3.096177
98,2015-02-02 06:01:00,-64.839224,-3.096003
98,2015-02-02 07:15:00,-64.839124,-3.095967
98,2015-02-02 16:00:00,-64.839217,-3.0963
98,2015-02-02 21:01:00,-64.845129,-3.096749
98,2015-02-03 02:01:00,-64.859076,-3.09771
98,2015-02-03 03:19:00,-64.857912,-3.097911
98,2015-02-03 12:02:00,-64.858357,-3.096565
98,2015-02-03 17:01:00,-64.856211,-3.099238
98,2015-02-03 22:01:00,-64.845056,-3.096792
98,2015-02-04 03:00:00,-64.844976,-3.096782
98,2015-02-04 08:01:00,-64.845491,-3.097407
98,2015-02-04 13:01:00,-64.852676,-3.099436
98,2015-02-04 14:26:00,-64.85251,-3.098716
98,2015-02-04 23:03:00,-64.841536,-3.104409
98,2015-02-05 00:28:00,-64.842036,-3.103441
98,2015-02-05 09:01:00,-64.84185,-3.104299
98,2015-02-05 14:01:00,-64.842137,-3.10432
98,2015-02-05 19:01:00,-64.84222,-3.104584
98,2015-02-05 20:32:00,-64.842527,-3.104261
98,2015-02-06 05:01:00,-64.842266,-3.104345
98,2015-02-06 10:01:00,-64.842309,-3.104659
98,2015-02-06 15:00:00,-64.842008,-3.104378
98,2015-02-06 20:01:00,-64.842144,-3.104337
98,2015-02-07 01:01:00,-64.84374,-3.105203
98,2015-02-07 06:02:00,-64.843889,-3.105009
98,2015-02-07 07:39:00,-64.844553,-3.104536
98,2015-02-07 16:00:00,-64.842269,-3.104748
98,2015-02-07 21:00:00,-64.842163,-3.104445
98,2015-02-08 02:01:00,-64.842194,-3.10454
98,2015-02-08 07:00:00,-64.842375,-3.10482
98,2015-02-08 12:01:00,-64.841965,-3.104495
98,2015-02-08 13:45:00,-64.841902,-3.103994
98,2015-02-08 18:46:00,-64.848776,-3.103159
98,2015-02-09 03:01:00,-64.848831,-3.103155
98,2015-02-09 08:01:00,-64.848698,-3.102852
98,2015-02-09 13:00:00,-64.84879,-3.102991
98,2015-02-09 14:50:00,-64.847991,-3.102563
98,2015-02-09 19:51:00,-64.848051,-3.102565
98,2015-02-10 04:01:00,-64.84867,-3.102904
98,2015-02-10 05:53:00,-64.848619,-3.103008
98,2015-02-10 14:01:00,-64.848786,-3.102804
98,2015-02-10 19:01:00,-64.848475,-3.103021
98,2015-02-11 00:02:00,-64.846179,-3.103575
98,2015-02-11 05:00:00,-64.846332,-3.103473
98,2015-02-11 10:01:00,-64.846437,-3.103448
98,2015-02-11 15:00:00,-64.846403,-3.103355
98,2015-02-11 17:00:00,-64.846596,-3.10301
98,2015-02-12 01:01:00,-64.845084,-3.104668
98,2015-02-12 06:02:00,-64.846069,-3.103511
98,2015-02-12 11:00:00,-64.84647,-3.103867
98,2015-02-12 13:04:00,-64.846746,-3.103481
98,2015-02-12 21:01:00,-64.837267,-3.104946
98,2015-02-13 02:02:00,-64.846794,-3.103972
98,2015-02-13 04:07:00,-64.847006,-3.103099
98,2015-02-13 12:00:00,-64.846626,-3.103987
98,2015-02-13 17:00:00,-64.846623,-3.10395
98,2015-02-13 22:02:00,-64.832688,-3.107428
98,2015-02-14 00:11:00,-64.832857,-3.106341
98,2015-02-14 05:12:00,-64.80924,-3.112516
98,2015-02-14 13:01:00,-64.80866,-3.11394
98,2015-02-14 15:14:00,-64.808345,-3.113334
98,2015-02-14 23:00:00,-64.84667,-3.104281
98,2015-02-15 04:00:00,-64.8467,-3.104352
98,2015-02-15 09:00:00,-64.846697,-3.103996
98,2015-02-15 11:18:00,-64.847276,-3.103753
98,2015-02-15 19:00:00,-64.846751,-3.104035
98,2015-02-15 21:20:00,-64.846474,-3.103821
98,2015-02-16 05:00:00,-64.846735,-3.104058
98,2015-02-16 10:00:00,-64.846724,-3.103995
98,2015-02-16 15:01:00,-64.846903,-3.1041
98,2015-02-16 20:01:00,-64.846777,-3.104184
98,2015-02-16 22:25:00,-64.847477,-3.103673
98,2015-02-17 03:26:00,-64.846584,-3.102409
98,2015-02-17 08:27:00,-64.846541,-3.101375
98,2015-02-17 13:28:00,-64.845655,-3.10008
98,2015-02-17 18:29:00,-64.845205,-3.09919
98,2015-02-18 02:03:00,-64.845808,-3.100449
98,2015-02-18 04:31:00,-64.845117,-3.100406
98,2015-02-18 09:32:00,-64.844528,-3.100862
98,2015-02-18 17:01:00,-64.845873,-3.100349
98,2015-02-18 22:02:00,-64.845858,-3.1003
98,2015-02-19 03:00:00,-64.846641,-3.102037
98,2015-02-19 08:01:00,-64.847417,-3.101766
98,2015-02-19 13:02:00,-64.846641,-3.101914
98,2015-02-19 15:38:00,-64.847206,-3.102147
98,2015-02-19 23:01:00,-64.846786,-3.102151
98,2015-02-20 04:00:00,-64.84661,-3.102192
98,2015-02-20 09:00:00,-64.84801,-3.083691
98,2015-02-20 11:42:00,-64.848134,-3.084303
98,2015-02-20 16:43:00,-64.857888,-3.094632
98,2015-02-21 00:02:00,-64.859105,-3.094908
98,2015-02-21 05:01:00,-64.860784,-3.094521
98,2015-02-21 10:02:00,-64.871981,-3.09048
98,2015-02-21 15:01:00,-64.866235,-3.085202
98,2015-02-21 17:48:00,-64.866592,-3.084929
98,2015-02-21 22:49:00,-64.847362,-3.101918
98,2015-02-22 06:01:00,-64.846988,-3.102164
98,2015-02-22 11:00:00,-64.846774,-3.102049
98,2015-02-22 13:52:00,-64.846336,-3.101654
98,2015-02-22 18:53:00,-64.842224,-3.098416
98,2015-02-22 23:54:00,-64.838732,-3.096105
98,2015-02-23 07:01:00,-64.838347,-3.095565
98,2015-02-23 12:02:00,-64.834353,-3.095464
98,2015-02-23 17:01:00,-64.834277,-3.095368
98,2015-02-23 19:58:00,-64.83472,-3.09454
98,2015-02-24 00:59:00,-64.836929,-3.099965
98,2015-02-24 08:00:00,-64.837725,-3.100181
98,2015-02-24 11:01:00,-64.8379,-3.100162
98,2015-02-24 18:01:00,-64.834446,-3.096607
98,2015-02-24 23:01:00,-64.834423,-3.096565
98,2015-02-25 04:01:00,-64.8343,-3.096683
98,2015-02-25 09:01:00,-64.834731,-3.096614
98,2015-02-25 12:06:00,-64.83431,-3.095893
98,2015-02-25 17:07:00,-64.834252,-3.095746
98,2015-02-26 00:01:00,-64.834458,-3.09641
98,2015-02-26 05:01:00,-64.838436,-3.097412
98,2015-02-26 10:02:00,-64.838698,-3.097147
98,2015-02-26 15:02:00,-64.838953,-3.096425
98,2015-02-26 20:01:00,-64.839086,-3.096554
98,2015-02-26 23:13:00,-64.838903,-3.096422
98,2015-02-27 04:14:00,-64.838569,-3.095744
98,2015-02-27 09:15:00,-64.838696,-3.095815
98,2015-02-27 16:02:00,-64.839038,-3.096651
98,2015-02-27 21:01:00,-64.839045,-3.096506
98,2015-02-28 00:18:00,-64.838031,-3.096365
98,2015-02-28 05:19:00,-64.838266,-3.096177
98,2015-02-28 12:01:00,-64.838979,-3.096633
98,2015-02-28 17:01:00,-64.839559,-3.094741
98,2015-02-28 22:01:00,-64.818074,-3.091792
98,2015-03-01 01:23:00,-64.818409,-3.091146
98,2015-03-01 08:02:00,-64.828484,-3.098482
98,2015-03-01 11:25:00,-64.827978,-3.09846
98,2015-03-01 18:01:00,-64.839636,-3.094878
98,2015-03-01 23:01:00,-64.839503,-3.094797
98,2015-03-02 02:28:00,-64.839593,-3.094384
98,2015-03-02 09:01:00,-64.839755,-3.094957
98,2015-03-02 12:30:00,-64.839098,-3.095088
98,2015-03-02 19:01:00,-64.839594,-3.094925
98,2015-03-02 22:32:00,-64.839818,-3.094148
98,2015-03-03 03:33:00,-64.828747,-3.091056
98,2015-03-03 10:02:00,-64.828356,-3.091365
98,2015-03-03 15:02:00,-64.842317,-3.093928
98,2015-03-03 18:36:00,-64.8425,-3.094563
98,2015-03-03 23:37:00,-64.842185,-3.092768
98,2015-03-04 06:01:00,-64.842285,-3.093661
98,2015-03-04 11:02:00,-64.841594,-3.093946
98,2015-03-04 14:40:00,-64.841085,-3.093405
98,2015-03-04 21:02:00,-64.83608,-3.076002
98,2015-03-05 00:42:00,-64.836002,-3.075779
98,2015-03-05 07:01:00,-64.841651,-3.081232
98,2015-03-05 12:02:00,-64.842131,-3.093342
98,2015-03-05 17:00:00,-64.841229,-3.093429
98,2015-03-05 20:46:00,-64.841458,-3.092829
98,2015-03-06 01:47:00,-64.83685,-3.091388
98,2015-03-06 06:48:00,-64.832832,-3.091038
98,2015-03-06 11:49:00,-64.829168,-3.090372
98,2015-03-06 16:50:00,-64.825449,-3.090832
98,2015-03-06 23:01:00,-64.82491,-3.090859
98,2015-03-07 02:52:00,-64.824095,-3.090066
98,2015-03-07 09:02:00,-64.82347,-3.084929
98,2015-03-07 14:02:00,-64.818629,-3.08082
98,2015-03-07 19:01:00,-64.822315,-3.079308
98,2015-03-07 22:56:00,-64.82158,-3.079672
98,2015-03-08 05:01:00,-64.82399,-3.085072
98,2015-03-08 08:58:00,-64.823624,-3.084536
98,2015-03-08 13:59:00,-64.811581,-3.099229
98,2015-03-08 20:01:00,-64.811017,-3.099865
98,2015-03-09 01:01:00,-64.823272,-3.085022
98,2015-03-09 05:02:00,-64.822542,-3.08452
98,2015-03-09 10:03:00,-64.827372,-3.082583
98,2015-03-09 15:04:00,-64.831332,-3.081251
98,2015-03-09 20:05:00,-64.836234,-3.079701
98,2015-03-10 01:06:00,-64.839996,-3.078385
98,2015-03-10 07:01:00,-64.839815,-3.079247
98,2015-03-10 12:02:00,-64.839935,-3.078867
98,2015-03-10 17:02:00,-64.823908,-3.084409
98,2015-03-10 22:01:00,-64.823955,-3.084434
98,2015-03-11 03:01:00,-64.823775,-3.084512
98,2015-03-11 07:12:00,-64.823397,-3.083725
98,2015-03-11 12:13:00,-64.823871,-3.083409
98,2015-03-11 17:14:00,-64.823198,-3.083678
98,2015-03-11 22:15:00,-64.823116,-3.084191
98,2015-03-12 04:01:00,-64.823534,-3.084525
98,2015-03-12 09:01:00,-64.823634,-3.084311
98,2015-03-12 13:18:00,-64.824478,-3.083627
98,2015-03-12 19:01:00,-64.822029,-3.075955
98,2015-03-12 23:20:00,-64.820956,-3.075096
98,2015-03-13 05:01:00,-64.821953,-3.085353
98,2015-03-13 10:01:00,-64.821925,-3.085989
98,2015-03-13 15:01:00,-64.821889,-3.085413
98,2015-03-13 20:01:00,-64.821833,-3.086136
98,2015-03-14 00:25:00,-64.822105,-3.085965
98,2015-03-14 06:01:00,-64.823018,-3.086154
98,2015-03-14 10:27:00,-64.822688,-3.086036
98,2015-03-14 15:28:00,-64.821376,-3.087384
98,2015-03-14 20:29:00,-64.821749,-3.088626
98,2015-03-15 01:30:00,-64.821851,-3.091118
98,2015-03-15 06:31:00,-64.821942,-3.093042
98,2015-03-15 11:32:00,-64.822492,-3.096056
98,2015-03-15 16:33:00,-64.822541,-3.099013
98,2015-03-15 21:34:00,-64.8221,-3.101384
98,2015-03-16 02:35:00,-64.822624,-3.104416
98,2015-03-16 08:01:00,-64.822896,-3.104785
98,2015-03-16 13:01:00,-64.824154,-3.104429
98,2015-03-16 17:38:00,-64.823878,-3.1039
98,2015-03-16 22:39:00,-64.853871,-3.091661
98,2015-03-17 04:01:00,-64.85486,-3.092017
98,2015-03-17 09:01:00,-64.858408,-3.093723
98,2015-03-17 14:02:00,-64.858242,-3.093758
98,2015-03-17 19:01:00,-64.859354,-3.092124
98,2015-03-17 23:44:00,-64.85909,-3.091821
98,2015-03-18 04:45:00,-64.858117,-3.091907
98,2015-03-18 10:03:00,-64.859254,-3.092771
98,2015-03-18 14:47:00,-64.859464,-3.092447
98,2015-03-18 19:48:00,-64.860475,-3.087692
98,2015-03-19 01:01:00,-64.860542,-3.08818
98,2015-03-19 06:01:00,-64.86144,-3.086806
98,2015-03-19 11:00:00,-64.861734,-3.08687
98,2015-03-19 15:52:00,-64.861924,-3.086257
98,2015-03-19 21:01:00,-64.861157,-3.08801
98,2015-03-20 02:01:00,-64.857804,-3.090892
98,2015-03-20 07:02:00,-64.857831,-3.090672
98,2015-03-20 11:56:00,-64.857819,-3.090643
98,2015-03-20 17:01:00,-64.857738,-3.090842
98,2015-03-20 22:01:00,-64.864436,-3.095683
98,2015-03-21 02:59:00,-64.864468,-3.095215
98,2015-03-21 08:00:00,-64.862231,-3.094554
98,2015-03-21 13:01:00,-64.860674,-3.094131
98,2015-03-21 18:02:00,-64.859213,-3.093595
98,2015-03-21 23:03:00,-64.858211,-3.093849
98,2015-03-22 04:04:00,-64.857229,-3.094221
98,2015-03-22 09:05:00,-64.855479,-3.094129
98,2015-03-22 14:06:00,-64.854935,-3.094205
98,2015-03-22 19:07:00,-64.854084,-3.094597
98,2015-03-23 05:02:00,-64.854597,-3.09442
98,2015-03-23 05:09:00,-64.854635,-3.094009
98,2015-03-23 10:10:00,-64.85215,-3.096139
98,2015-03-23 20:00:00,-64.85292,-3.096302
98,2015-03-24 01:01:00,-64.865217,-3.093575
98,2015-03-24 06:01:00,-64.855225,-3.09456
98,2015-03-24 11:01:00,-64.855596,-3.094226
98,2015-03-24 11:15:00,-64.855379,-3.09383
98,2015-03-24 21:01:00,-64.85439,-3.092644
98,2015-03-24 21:17:00,-64.853674,-3.092204
98,2015-03-25 07:01:00,-64.854258,-3.09485
98,2015-03-25 07:19:00,-64.854351,-3.095473
98,2015-03-25 12:20:00,-64.844793,-3.092107
98,2015-03-25 22:01:00,-64.845166,-3.09307
98,2015-03-25 22:22:00,-64.845337,-3.092229
98,2015-03-26 03:23:00,-64.845535,-3.092174
98,2015-03-26 08:24:00,-64.845745,-3.092923
98,2015-03-26 18:01:00,-64.845416,-3.092972
98,2015-03-26 18:26:00,-64.844125,-3.092008
98,2015-03-27 04:01:00,-64.845384,-3.093185
98,2015-03-27 09:01:00,-64.845411,-3.092923
98,2015-03-27 09:29:00,-64.845936,-3.092267
98,2015-03-27 19:01:00,-64.845186,-3.093082
98,2015-03-27 19:31:00,-64.845216,-3.092534
98,2015-03-28 00:32:00,-64.842637,-3.093791
98,2015-03-28 05:33:00,-64.840234,-3.095896
98,2015-03-28 15:01:00,-64.840689,-3.096482
98,2015-03-28 20:02:00,-64.840274,-3.096889
98,2015-03-28 20:36:00,-64.839663,-3.096537
98,2015-03-29 01:37:00,-64.846763,-3.08745
98,2015-03-29 11:01:00,-64.846936,-3.088041
98,2015-03-29 11:39:00,-64.846856,-3.088076
98,2015-03-29 16:40:00,-64.84582,-3.089855
98,2015-03-30 02:02:00,-64.846525,-3.090748
98,2015-03-30 02:42:00,-64.84549,-3.090334
98,2015-03-30 12:01:00,-64.846557,-3.090481
98,2015-03-30 17:01:00,-64.84651,-3.090577
98,2015-03-30 17:45:00,-64.846663,-3.090452
98,2015-03-31 03:01:00,-64.847811,-3.088032
98,2015-03-31 08:01:00,-64.847946,-3.08993
98,2015-03-31 13:01:00,-64.846597,-3.090774
98,2015-03-31 18:01:00,-64.846634,-3.090866
98,2015-03-31 23:01:00,-64.8464,-3.090725
98,2015-04-01 04:01:00,-64.846739,-3.091006
98,2015-04-01 04:52:00,-64.845871,-3.091049
98,2015-04-01 09:53:00,-64.85018,-3.091511
98,2015-04-01 19:01:00,-64.850762,-3.091441
98,2015-04-01 19:55:00,-64.850744,-3.090555
98,2015-04-02 00:56:00,-64.859892,-3.09448
98,2015-04-02 10:01:00,-64.860118,-3.094864
98,2015-04-02 10:58:00,-64.859794,-3.094202
98,2015-04-02 15:59:00,-64.858201,-3.091439
98,2015-04-02 21:00:00,-64.857759,-3.089459
98,2015-04-03 06:01:00,-64.858067,-3.089347
98,2015-04-03 11:01:00,-64.857402,-3.089443
98,2015-04-03 16:01:00,-64.857289,-3.089584
98,2015-04-03 17:04:00,-64.857187,-3.088878
98,2015-04-03 22:05:00,-64.854526,-3.089538
98,2015-04-04 07:01:00,-64.854618,-3.090419
98,2015-04-04 08:07:00,-64.853632,-3.090127
98,2015-04-04 17:01:00,-64.85922,-3.09111
98,2015-04-04 18:09:00,-64.859082,-3.091125
98,2015-04-05 03:01:00,-64.852187,-3.095664
98,2015-04-05 08:02:00,-64.852522,-3.095611
98,2015-04-05 13:01:00,-64.852285,-3.095768
98,2015-04-05 18:01:00,-64.852344,-3.095457
98,2015-04-05 23:01:00,-64.852513,-3.095486
98,2015-04-06 04:01:00,-64.848775,-3.094696
98,2015-04-06 09:00:00,-64.848238,-3.094522
98,2015-04-06 10:17:00,-64.84857,-3.093584
98,2015-04-06 19:02:00,-64.848528,-3.094525
98,2015-04-07 00:02:00,-64.848096,-3.094785
98,2015-04-07 05:01:00,-64.841518,-3.099595
98,2015-04-07 06:21:00,-64.841491,-3.098865
98,2015-04-07 11:22:00,-64.841501,-3.099155
98,2015-04-07 20:02:00,-64.841394,-3.099575
98,2015-04-08 01:01:00,-64.841445,-3.099537
98,2015-04-08 06:01:00,-64.831209,-3.101738
98,2015-04-08 11:01:00,-64.832589,-3.102217
98,2015-04-08 12:27:00,-64.83221,-3.101589
98,2015-04-08 21:01:00,-64.83749,-3.096833
98,2015-04-08 22:29:00,-64.838083,-3.096959
98,2015-04-09 03:30:00,-64.830282,-3.099414
98,2015-04-09 08:31:00,-64.822979,-3.10252
98,2015-04-09 13:32:00,-64.815382,-3.105601
98,2015-04-09 18:33:00,-64.808691,-3.10959
98,2015-04-10 03:02:00,-64.809044,-3.109999
98,2015-04-10 04:35:00,-64.8095,-3.109484
98,2015-04-10 09:36:00,-64.806421,-3.109915
98,2015-04-10 18:01:00,-64.806565,-3.109867
98,2015-04-10 23:01:00,-64.808611,-3.109663
98,2015-04-11 04:01:00,-64.808725,-3.109666
98,2015-04-11 05:40:00,-64.808305,-3.109319
98,2015-04-11 10:41:00,-64.841043,-3.091316
98,2015-04-11 19:00:00,-64.841237,-3.092381
98,2015-04-12 00:01:00,-64.84271,-3.094456
98,2015-04-12 05:01:00,-64.84382,-3.094843
98,2015-04-12 06:45:00,-64.844342,-3.09469
98,2015-04-12 15:02:00,-64.842799,-3.090078
98,2015-04-12 16:47:00,-64.842774,-3.089405
98,2015-04-12 21:48:00,-64.842437,-3.089702
98,2015-04-13 02:49:00,-64.842963,-3.090284
98,2015-04-13 07:50:00,-64.842564,-3.091857
98,2015-04-13 12:51:00,-64.841968,-3.093126
98,2015-04-13 21:01:00,-64.842279,-3.09354
98,2015-04-14 02:02:00,-64.843673,-3.09217
98,2015-04-14 07:02:00,-64.844795,-3.091617
98,2015-04-14 12:01:00,-64.843745,-3.088653
98,2015-04-14 17:00:00,-64.846309,-3.090626
98,2015-04-14 22:01:00,-64.845802,-3.09079
98,2015-04-14 23:58:00,-64.844241,-3.090961
98,2015-04-15 08:01:00,-64.846417,-3.09068
98,2015-04-15 10:00:00,-64.845769,-3.090605
98,2015-04-15 18:02:00,-64.845925,-3.090626
98,2015-04-15 23:01:00,-64.845726,-3.090892
98,2015-04-16 01:03:00,-64.846,-3.09031
98,2015-04-16 06:04:00,-64.846753,-3.090386
98,2015-04-16 11:05:00,-64.847938,-3.089808
98,2015-04-16 16:06:00,-64.848945,-3.090118
98,2015-04-16 21:07:00,-64.851216,-3.090837
98,2015-04-17 02:08:00,-64.85336,-3.091462
98,2015-04-17 10:02:00,-64.853698,-3.091949
98,2015-04-17 15:01:00,-64.851358,-3.086731
98,2015-04-17 20:02:00,-64.850877,-3.087068
98,2015-04-18 01:01:00,-64.850999,-3.087282
98,2015-04-18 03:13:00,-64.850922,-3.087025
98,2015-04-18 08:14:00,-64.861424,-3.085948
98,2015-04-18 16:01:00,-64.861964,-3.086446
98,2015-04-18 18:16:00,-64.861869,-3.085715
98,2015-04-19 02:02:00,-64.861206,-3.087235
98,2015-04-19 07:00:00,-64.856487,-3.085792
98,2015-04-19 12:03:00,-64.857677,-3.08674
98,2015-04-19 17:01:00,-64.859147,-3.085295
98,2015-04-19 19:21:00,-64.859414,-3.085427
98,2015-04-20 03:01:00,-64.870532,-3.083667
98,2015-04-20 08:01:00,-64.871557,-3.08438
98,2015-04-20 10:24:00,-64.871677,-3.084562
98,2015-04-20 18:02:00,-64.870448,-3.084171
98,2015-04-20 23:01:00,-64.871576,-3.083952
98,2015-04-21 01:27:00,-64.871851,-3.083367
98,2015-04-21 09:01:00,-64.870806,-3.08479
98,2015-04-21 14:01:00,-64.870922,-3.072094
98,2015-04-21 19:01:00,-64.871313,-3.084011
98,2015-04-22 00:02:00,-64.871037,-3.08465
98,2015-04-22 05:01:00,-64.871485,-3.084289
98,2015-04-22 10:01:00,-64.87149,-3.084458
98,2015-04-22 15:01:00,-64.871352,-3.084588
98,2015-04-22 20:01:00,-64.871103,-3.084249
98,2015-04-23 01:00:00,-64.871276,-3.084788
98,2015-04-23 03:37:00,-64.87046,-3.083858
98,2015-04-23 11:02:00,-64.87862,-3.090324
98,2015-04-23 16:02:00,-64.871282,-3.084689
98,2015-04-23 21:01:00,-64.871371,-3.084495
98,2015-04-24 02:01:00,-64.873532,-3.085286
98,2015-04-24 04:42:00,-64.873723,-3.084832
98,2015-04-24 12:01:00,-64.871297,-3.084694
98,2015-04-24 14:44:00,-64.870196,-3.083859
98,2015-04-24 19:45:00,-64.856224,-3.090911
98,2015-04-25 00:46:00,-64.842155,-3.098485
98,2015-04-25 08:01:00,-64.841972,-3.098755
98,2015-04-25 10:48:00,-64.841603,-3.098145
98,2015-04-25 15:49:00,-64.848338,-3.094934
98,2015-04-25 20:50:00,-64.855248,-3.09173
98,2015-04-26 04:00:00,-64.856245,-3.091888
98,2015-04-26 09:00:00,-64.855938,-3.09115
98,2015-04-26 11:53:00,-64.855443,-3.091024
98,2015-04-26 16:54:00,-64.849105,-3.073553
98,2015-04-27 00:02:00,-64.849684,-3.073862
98,2015-04-27 02:56:00,-64.849815,-3.073385
98,2015-04-27 10:02:00,-64.846004,-3.083907
98,2015-04-27 12:58:00,-64.845782,-3.082941
98,2015-04-27 20:02:00,-64.857124,-3.091476
98,2015-04-28 01:01:00,-64.857024,-3.091067
98,2015-04-28 04:01:00,-64.857512,-3.089916
98,2015-04-28 09:02:00,-64.841461,-3.083798
98,2015-04-28 16:00:00,-64.842142,-3.084437
98,2015-04-28 19:04:00,-64.842134,-3.08484
98,2015-04-29 00:05:00,-64.845555,-3.082707
98,2015-04-29 07:01:00,-64.846264,-3.082891
98,2015-04-29 12:02:00,-64.847703,-3.082871
98,2015-04-29 15:08:00,-64.847599,-3.082149
98,2015-04-29 20:09:00,-64.847344,-3.094916
98,2015-04-30 03:01:00,-64.847522,-3.094407
98,2015-04-30 08:02:00,-64.847483,-3.094467
98,2015-04-30 13:01:00,-64.846081,-3.094931
98,2015-04-30 18:01:00,-64.844201,-3.098395
98,2015-04-30 21:14:00,-64.844654,-3.098043
98,2015-05-01 04:01:00,-64.845608,-3.094196
98,2015-05-01 07:16:00,-64.845476,-3.094096
98,2015-05-01 12:17:00,-64.845055,-3.094773
98,2015-05-01 19:01:00,-64.845611,-3.094626
98,2015-05-01 22:19:00,-64.84623,-3.094174
98,2015-05-02 03:20:00,-64.825424,-3.094296
98,2015-05-02 10:01:00,-64.82478,-3.095319
98,2015-05-02 13:22:00,-64.825419,-3.095246
98,2015-05-02 20:01:00,-64.826576,-3.093911
98,2015-05-02 23:24:00,-64.826398,-3.093668
98,2015-05-03 04:25:00,-64.82908,-3.097632
98,2015-05-03 09:26:00,-64.83136,-3.102045
98,2015-05-03 16:02:00,-64.831422,-3.102019
98,2015-05-03 21:00:00,-64.831347,-3.102163
98,2015-05-04 00:29:00,-64.832012,-3.102374
98,2015-05-04 05:30:00,-64.80372,-3.115864
98,2015-05-04 12:01:00,-64.8038,-3.116226
98,2015-05-04 15:32:00,-64.803982,-3.115706
98,2015-05-04 22:02:00,-64.804248,-3.116205
98,2015-05-05 01:34:00,-64.802668,-3.115918
98,2015-05-05 08:02:00,-64.807997,-3.12177
98,2015-05-05 13:02:00,-64.807798,-3.121909
98,2015-05-05 18:02:00,-64.805181,-3.111967
98,2015-05-05 23:01:00,-64.805046,-3.112076
98,2015-05-06 04:01:00,-64.805694,-3.093206
98,2015-05-06 09:01:00,-64.804433,-3.093518
98,2015-05-06 14:01:00,-64.804754,-3.093482
98,2015-05-06 17:42:00,-64.804173,-3.093084
98,2015-05-07 00:01:00,-64.804916,-3.095341
98,2015-05-07 03:44:00,-64.804144,-3.095002
98,2015-05-07 10:02:00,-64.803829,-3.109301
98,2015-05-07 13:46:00,-64.80373,-3.108799
98,2015-05-07 18:47:00,-64.811717,-3.112355
98,2015-05-08 01:00:00,-64.812423,-3.113005
98,2015-05-08 04:49:00,-64.813129,-3.111944
98,2015-05-08 09:50:00,-64.814334,-3.111901
98,2015-05-08 14:51:00,-64.814809,-3.112324
98,2015-05-08 19:52:00,-64.816087,-3.113829
98,2015-05-09 02:01:00,-64.816568,-3.114964
98,2015-05-09 05:54:00,-64.816234,-3.114905
98,2015-05-09 10:55:00,-64.816014,-3.114775
98,2015-05-09 15:56:00,-64.816501,-3.114814
98,2015-05-09 20:57:00,-64.817102,-3.114737
98,2015-05-10 01:58:00,-64.81797,-3.114718
98,2015-05-10 06:59:00,-64.818631,-3.115168
98,2015-05-10 12:00:00,-64.818836,-3.115312
98,2015-05-10 17:01:00,-64.819506,-3.11583
98,2015-05-10 22:02:00,-64.819705,-3.11616
98,2015-05-11 04:02:00,-64.82089,-3.116849
98,2015-05-11 08:04:00,-64.82085,-3.116634
98,2015-05-11 13:05:00,-64.820283,-3.116343
98,2015-05-11 18:06:00,-64.820497,-3.115989
98,2015-05-11 23:07:00,-64.821454,-3.117266
98,2015-05-12 05:02:00,-64.822067,-3.117238
98,2015-05-12 10:01:00,-64.820484,-3.11654
98,2015-05-12 15:01:00,-64.821057,-3.114738
98,2015-05-12 19:11:00,-64.820858,-3.114271
98,2015-05-13 01:02:00,-64.821837,-3.11476
98,2015-05-13 06:01:00,-64.818337,-3.121918
98,2015-05-13 10:14:00,-64.81797,-3.121461
98,2015-05-13 16:03:00,-64.819404,-3.11861
98,2015-05-13 21:02:00,-64.821276,-3.114736
98,2015-05-14 02:01:00,-64.822845,-3.113238
98,2015-05-14 06:18:00,-64.822883,-3.112832
98,2015-05-14 11:19:00,-64.823597,-3.112314
98,2015-05-14 16:20:00,-64.824083,-3.112112
98,2015-05-14 22:01:00,-64.823712,-3.112546
98,2015-05-15 02:22:00,-64.823782,-3.112173
98,2015-05-15 08:00:00,-64.821533,-3.116374
98,2015-05-15 12:24:00,-64.820823,-3.115914
98,2015-05-15 17:25:00,-64.820537,-3.115355
98,2015-05-15 22:26:00,-64.819914,-3.114724
98,2015-05-16 03:27:00,-64.820659,-3.114468
98,2015-05-16 08:28:00,-64.821197,-3.114819
98,2015-05-16 14:02:00,-64.820969,-3.115653
98,2015-05-16 18:30:00,-64.82044,-3.114961
98,2015-05-17 00:02:00,-64.836945,-3.101977
98,2015-05-17 04:32:00,-64.835701,-3.102264
98,2015-05-17 10:01:00,-64.83677,-3.102017
98,2015-05-17 15:00:00,-64.839915,-3.093308
98,2015-05-17 19:35:00,-64.839588,-3.09362
98,2015-05-18 01:01:00,-64.858345,-3.088117
98,2015-05-18 05:37:00,-64.857994,-3.087774
98,2015-05-18 10:38:00,-64.864424,-3.089658
98,2015-05-18 15:39:00,-64.870289,-3.092951
98,2015-05-18 21:01:00,-64.870337,-3.093244
98,2015-05-19 02:01:00,-64.869973,-3.093031
98,2015-05-19 06:42:00,-64.86973,-3.092114
98,2015-05-19 12:01:00,-64.857012,-3.090429
98,2015-05-19 17:00:00,-64.857111,-3.090417
98,2015-05-19 22:01:00,-64.857187,-3.090514
98,2015-05-20 02:46:00,-64.857087,-3.091133
98,2015-05-20 08:01:00,-64.857086,-3.091019
98,2015-05-20 13:01:00,-64.856214,-3.091335
98,2015-05-20 18:01:00,-64.855048,-3.091333
98,2015-05-20 23:00:00,-64.857055,-3.090795
98,2015-05-21 04:03:00,-64.856913,-3.091072
98,2015-05-21 09:01:00,-64.85612,-3.091333
98,2015-05-21 14:01:00,-64.85621,-3.091107
98,2015-05-21 19:00:00,-64.85709,-3.090791
98,2015-05-21 23:55:00,-64.856777,-3.091195
98,2015-05-22 05:02:00,-64.85563,-3.093168
98,2015-05-22 09:57:00,-64.85541,-3.092615
98,2015-05-22 14:58:00,-64.857345,-3.092728
98,2015-05-22 19:59:00,-64.860047,-3.092434
98,2015-05-23 01:00:00,-64.861606,-3.093316
98,2015-05-23 06:01:00,-64.864157,-3.093999
98,2015-05-23 11:02:00,-64.867657,-3.094402
98,2015-05-23 21:03:00,-64.868929,-3.094117
98,2015-05-24 02:01:00,-64.84485,-3.090781
98,2015-05-24 02:05:00,-64.845413,-3.089617
98,2015-05-24 12:01:00,-64.842947,-3.087709
98,2015-05-24 12:07:00,-64.841916,-3.087206
98,2015-05-24 22:01:00,-64.843477,-3.08805
98,2015-05-24 22:09:00,-64.843053,-3.087368
98,2015-05-25 08:01:00,-64.844888,-3.090767
98,2015-05-25 13:00:00,-64.844906,-3.090788
98,2015-05-25 18:01:00,-64.845094,-3.090691
98,2015-05-25 23:00:00,-64.844777,-3.090628
98,2015-05-26 04:00:00,-64.844971,-3.090838
98,2015-05-26 09:01:00,-64.84235,-3.092137
98,2015-05-26 14:02:00,-64.842256,-3.092223
98,2015-05-26 19:00:00,-64.842342,-3.092145
98,2015-05-27 00:00:00,-64.842391,-3.09231
98,2015-05-27 05:01:00,-64.843307,-3.099738
98,2015-05-27 05:20:00,-64.843044,-3.098658
98,2015-05-27 15:00:00,-64.841734,-3.099277
98,2015-05-27 20:00:00,-64.839828,-3.095386
98,2015-05-28 01:00:00,-64.83959,-3.09534
98,2015-05-28 01:24:00,-64.839631,-3.094395
98,2015-05-28 11:00:00,-64.849923,-3.095238
98,2015-05-28 11:26:00,-64.849757,-3.095099
98,2015-05-28 16:27:00,-64.847689,-3.096168
98,2015-05-28 21:28:00,-64.846649,-3.098384
98,2015-05-29 07:02:00,-64.84697,-3.098021
98,2015-05-29 12:02:00,-64.845149,-3.099134
98,2015-05-29 17:02:00,-64.846495,-3.09708
98,2015-05-29 17:32:00,-64.84553,-3.096681
98,2015-05-30 03:01:00,-64.846588,-3.096354
98,2015-05-30 03:34:00,-64.847344,-3.095393
98,2015-05-30 13:02:00,-64.846759,-3.096836
98,2015-05-30 18:02:00,-64.846658,-3.096875
98,2015-05-30 23:01:00,-64.845284,-3.09798
98,2015-05-31 04:01:00,-64.845411,-3.097483
98,2015-05-31 09:01:00,-64.854466,-3.09349
98,2015-05-31 14:02:00,-64.853939,-3.093775
98,2015-05-31 14:41:00,-64.853984,-3.093461
98,2015-06-01 00:02:00,-64.845453,-3.097983
98,2015-06-01 00:43:00,-64.845708,-3.09737
98,2015-06-01 05:44:00,-64.845137,-3.09684
98,2015-06-01 10:45:00,-64.845134,-3.097529
98,2015-06-01 20:01:00,-64.845391,-3.097799
98,2015-06-02 01:01:00,-64.845778,-3.097634
98,2015-06-02 01:48:00,-64.845363,-3.097128
98,2015-06-02 06:49:00,-64.845407,-3.096467
98,2015-06-02 16:01:00,-64.845913,-3.097361
98,2015-06-02 21:01:00,-64.845472,-3.09757
98,2015-06-02 21:52:00,-64.845142,-3.096692
98,2015-06-03 07:02:00,-64.842469,-3.093712
98,2015-06-03 12:01:00,-64.84266,-3.093727
98,2015-06-03 17:00:00,-64.842616,-3.093656
98,2015-06-03 22:01:00,-64.841287,-3.091304
98,2015-06-03 22:57:00,-64.841493,-3.090931
98,2015-06-04 08:01:00,-64.83246,-3.094835
98,2015-06-04 13:02:00,-64.83246,-3.094779
98,2015-06-04 18:01:00,-64.832457,-3.094685
98,2015-06-04 23:00:00,-64.835367,-3.095424
98,2015-06-05 04:00:00,-64.837829,-3.096065
98,2015-06-05 09:00:00,-64.837916,-3.095899
98,2015-06-05 14:00:00,-64.837458,-3.096045
98,2015-06-05 15:05:00,-64.837422,-3.095744
98,2015-06-06 00:01:00,-64.846258,-3.096887
98,2015-06-06 05:00:00,-64.866076,-3.08973
98,2015-06-06 06:08:00,-64.86482,-3.089609
98,2015-06-06 11:09:00,-64.866026,-3.095091
98,2015-06-06 20:00:00,-64.865571,-3.095386
98,2015-06-07 01:01:00,-64.840634,-3.102851
98,2015-06-07 02:12:00,-64.841235,-3.10179
98,2015-06-07 11:01:00,-64.840127,-3.101548
98,2015-06-07 16:01:00,-64.844103,-3.099187
98,2015-06-07 17:15:00,-64.843699,-3.098166
98,2015-06-07 22:16:00,-64.866313,-3.094758
98,2015-06-08 07:02:00,-64.866507,-3.095449
98,2015-06-08 12:01:00,-64.867664,-3.094343
98,2015-06-08 13:19:00,-64.866227,-3.094284
98,2015-06-08 18:20:00,-64.867146,-3.091906
98,2015-06-09 03:02:00,-64.868871,-3.092004
98,2015-06-09 04:22:00,-64.8691,-3.091284
98,2015-06-09 09:23:00,-64.868654,-3.090226
98,2015-06-09 18:02:00,-64.869188,-3.090394
98,2015-06-09 23:01:00,-64.869636,-3.09066
98,2015-06-10 04:01:00,-64.869162,-3.09041
98,2015-06-10 05:27:00,-64.868876,-3.089935
98,2015-06-10 10:28:00,-64.86635,-3.087514
98,2015-06-10 19:01:00,-64.866843,-3.087261
98,2015-06-10 20:30:00,-64.866402,-3.087765
98,2015-06-11 05:01:00,-64.857491,-3.084648
98,2015-06-11 10:02:00,-64.858964,-3.086242
98,2015-06-11 15:01:00,-64.858922,-3.086231
98,2015-06-11 20:02:00,-64.861079,-3.086323
98,2015-06-12 01:02:00,-64.86376,-3.08799
98,2015-06-12 06:02:00,-64.866615,-3.089227
98,2015-06-12 11:01:00,-64.869354,-3.090349
98,2015-06-12 16:02:00,-64.869229,-3.090438
98,2015-06-12 21:03:00,-64.866568,-3.086243
98,2015-06-13 02:01:00,-64.870821,-3.084463
98,2015-06-13 07:01:00,-64.870691,-3.084611
98,2015-06-13 08:42:00,-64.870272,-3.083826
98,2015-06-13 13:43:00,-64.868678,-3.072305
98,2015-06-13 22:01:00,-64.868285,-3.07306
98,2015-06-14 03:00:00,-64.865117,-3.072201
98,2015-06-14 08:02:00,-64.864808,-3.072398
98,2015-06-14 13:01:00,-64.865224,-3.071699
98,2015-06-14 18:01:00,-64.863757,-3.071078
98,2015-06-14 19:49:00,-64.863558,-3.070719
98,2015-06-15 00:50:00,-64.865271,-3.077658
98,2015-06-15 05:51:00,-64.867502,-3.085771
98,2015-06-15 14:01:00,-64.866621,-3.086108
98,2015-06-15 15:53:00,-64.866658,-3.08675
98,2015-06-16 00:01:00,-64.866351,-3.095537
98,2015-06-16 05:01:00,-64.863243,-3.09484
98,2015-06-16 10:02:00,-64.862972,-3.094892
98,2015-06-16 15:01:00,-64.862765,-3.093533
98,2015-06-16 20:02:00,-64.864923,-3.093394
98,2015-06-17 01:01:00,-64.865175,-3.09369
98,2015-06-17 03:00:00,-64.86456,-3.093764
98,2015-06-17 11:01:00,-64.87219,-3.091801
98,2015-06-17 16:02:00,-64.870921,-3.091115
98,2015-06-17 18:03:00,-64.870649,-3.089973
98,2015-06-17 23:04:00,-64.866431,-3.092569
98,2015-06-18 04:05:00,-64.862514,-3.096236
98,2015-06-18 12:00:00,-64.862954,-3.0966
98,2015-06-18 17:01:00,-64.861361,-3.097527
98,2015-06-18 22:01:00,-64.864463,-3.092206
98,2015-06-19 03:00:00,-64.864603,-3.092383
98,2015-06-19 05:10:00,-64.864096,-3.091627
98,2015-06-19 13:01:00,-64.869563,-3.090191
98,2015-06-19 18:01:00,-64.873593,-3.090807
98,2015-06-19 23:01:00,-64.875398,-3.090558
98,2015-06-20 04:01:00,-64.877502,-3.084583
98,2015-06-20 06:15:00,-64.877224,-3.083925
98,2015-06-20 11:16:00,-64.876266,-3.0822
98,2015-06-20 19:00:00,-64.876727,-3.082103
98,2015-06-21 00:00:00,-64.871049,-3.087777
98,2015-06-21 05:01:00,-64.867218,-3.090581
98,2015-06-21 07:20:00,-64.866846,-3.090179
98,2015-06-21 15:01:00,-64.869664,-3.090255
98,2015-06-21 20:01:00,-64.869272,-3.090832
98,2015-06-22 01:00:00,-64.858238,-3.079694
98,2015-06-22 06:02:00,-64.85664,-3.081365
98,2015-06-22 11:01:00,-64.855876,-3.08179
98,2015-06-22 13:26:00,-64.855564,-3.081385
98,2015-06-22 18:27:00,-64.853498,-3.073959
98,2015-06-23 02:01:00,-64.853465,-3.074593
98,2015-06-23 04:29:00,-64.853665,-3.07446
98,2015-06-23 12:01:00,-64.856634,-3.077272
98,2015-06-23 17:00:00,-64.857665,-3.077886
98,2015-06-23 22:01:00,-64.857964,-3.077977
98,2015-06-24 03:01:00,-64.857619,-3.077906
98,2015-06-24 08:02:00,-64.857749,-3.077903
98,2015-06-24 10:35:00,-64.857147,-3.077398
98,2015-06-24 15:36:00,-64.841351,-3.077202
98,2015-06-24 23:00:00,-64.841739,-3.077756
98,2015-06-25 04:01:00,-64.842121,-3.077699
98,2015-06-25 09:00:00,-64.842307,-3.077592
98,2015-06-25 14:00:00,-64.843642,-3.074836
98,2015-06-25 19:01:00,-64.842835,-3.074485
98,2015-06-26 00:01:00,-64.836465,-3.066745
98,2015-06-26 05:02:00,-64.838476,-3.06473
98,2015-06-26 10:01:00,-64.838311,-3.062967
98,2015-06-26 15:01:00,-64.838264,-3.063031
98,2015-06-26 20:01:00,-64.839803,-3.062739
98,2015-06-27 01:00:00,-64.840443,-3.061303
98,2015-06-27 03:48:00,-64.840611,-3.060866
98,2015-06-27 11:01:00,-64.839644,-3.060411
98,2015-06-27 16:01:00,-64.839588,-3.060332
98,2015-06-27 21:02:00,-64.841245,-3.060752
98,2015-06-28 02:01:00,-64.8416,-3.061097
98,2015-06-28 07:00:00,-64.841258,-3.061038
98,2015-06-28 12:00:00,-64.841286,-3.061123
98,2015-06-28 17:01:00,-64.841254,-3.061165
98,2015-06-28 19:56:00,-64.841317,-3.06067
98,2015-06-29 03:00:00,-64.844773,-3.073927
98,2015-06-29 08:01:00,-64.844575,-3.073968
98,2015-06-29 13:01:00,-64.844891,-3.07398
98,2015-06-29 16:00:00,-64.845251,-3.073619
98,2015-06-29 23:02:00,-64.833974,-3.084313
98,2015-06-30 04:02:00,-64.831943,-3.083225
98,2015-06-30 09:01:00,-64.831297,-3.082957
98,2015-06-30 14:00:00,-64.831279,-3.083212
98,2015-06-30 17:05:00,-64.830842,-3.082839
98,2015-07-01 00:01:00,-64.831436,-3.082848
98,2015-07-01 03:07:00,-64.831048,-3.082529
98,2015-07-01 10:03:00,-64.826886,-3.083136
98,2015-07-01 13:09:00,-64.827017,-3.082425
98,2015-07-01 18:10:00,-64.825786,-3.08383
98,2015-07-01 23:11:00,-64.825787,-3.086557
98,2015-07-02 06:01:00,-64.825765,-3.087158
98,2015-07-02 11:01:00,-64.825781,-3.087066
98,2015-07-02 16:01:00,-64.825757,-3.087212
98,2015-07-02 21:01:00,-64.825755,-3.087381
98,2015-07-03 02:03:00,-64.823108,-3.083459
98,2015-07-03 07:00:00,-64.823261,-3.083545
98,2015-07-03 12:00:00,-64.823195,-3.083586
98,2015-07-03 17:00:00,-64.822941,-3.08363
98,2015-07-03 22:02:00,-64.824323,-3.080751
98,2015-07-04 03:00:00,-64.824316,-3.081403
98,2015-07-04 08:01:00,-64.824411,-3.081472
98,2015-07-04 13:00:00,-64.825016,-3.080907
98,2015-07-04 18:01:00,-64.824533,-3.081332
98,2015-07-04 23:00:00,-64.824414,-3.081389
98,2015-07-05 04:01:00,-64.822394,-3.079729
98,2015-07-05 09:00:00,-64.822113,-3.079761
98,2015-07-05 14:01:00,-64.822226,-3.079683
98,2015-07-05 19:01:00,-64.819917,-3.079254
98,2015-07-06 00:01:00,-64.820366,-3.079042
98,2015-07-06 03:31:00,-64.81915,-3.077712
98,2015-07-06 10:01:00,-64.820045,-3.078333
98,2015-07-06 15:00:00,-64.820007,-3.078385
98,2015-07-06 20:01:00,-64.819959,-3.078395
98,2015-07-07 01:00:00,-64.819982,-3.078192
98,2015-07-07 06:01:00,-64.820691,-3.081028
98,2015-07-07 11:00:00,-64.821517,-3.081654
98,2015-07-07 16:00:00,-64.821451,-3.081653
98,2015-07-07 21:00:00,-64.827826,-3.080225
98,2015-07-08 02:02:00,-64.827278,-3.076054
98,2015-07-08 07:01:00,-64.824047,-3.074257
98,2015-07-08 12:00:00,-64.824023,-3.074381
98,2015-07-08 17:01:00,-64.824456,-3.072955
98,2015-07-08 22:02:00,-64.821641,-3.073027
98,2015-07-09 03:02:00,-64.818884,-3.075411
98,2015-07-09 08:01:00,-64.819541,-3.078601
98,2015-07-09 13:01:00,-64.819407,-3.07854
98,2015-07-09 18:01:00,-64.819462,-3.078542
98,2015-07-09 23:00:00,-64.827439,-3.088338
98,2015-07-10 02:50:00,-64.827255,-3.088533
98,2015-07-10 07:51:00,-64.827521,-3.094183
98,2015-07-10 12:52:00,-64.827647,-3.101182
98,2015-07-10 19:01:00,-64.827825,-3.101792
98,2015-07-11 00:00:00,-64.828184,-3.102528
98,2015-07-11 05:00:00,-64.822389,-3.100766
98,2015-07-11 10:01:00,-64.822255,-3.100693
98,2015-07-11 15:01:00,-64.822447,-3.100699
98,2015-07-11 18:58:00,-64.821868,-3.100623
98,2015-07-12 01:02:00,-64.813355,-3.095057
98,2015-07-12 06:01:00,-64.813413,-3.095269
98,2015-07-12 11:00:00,-64.813736,-3.095444
98,2015-07-12 16:01:00,-64.8135,-3.095279
98,2015-07-12 21:01:00,-64.813512,-3.095187
98,2015-07-13 01:04:00,-64.814809,-3.095243
98,2015-07-13 07:03:00,-64.827361,-3.108229
98,2015-07-13 12:01:00,-64.827485,-3.108993
98,2015-07-13 17:00:00,-64.828277,-3.109149
98,2015-07-13 21:08:00,-64.828355,-3.107914
98,2015-07-14 03:01:00,-64.836812,-3.103245
98,2015-07-14 08:01:00,-64.836748,-3.103338
98,2015-07-14 13:00:00,-64.834379,-3.105131
98,2015-07-14 17:12:00,-64.833558,-3.104115
98,2015-07-14 22:13:00,-64.83015,-3.107324
98,2015-07-15 04:01:00,-64.830233,-3.107614
98,2015-07-15 08:15:00,-64.830064,-3.106312
98,2015-07-15 13:16:00,-64.827886,-3.107195
98,2015-07-15 18:17:00,-64.825624,-3.108357
98,2015-07-15 23:18:00,-64.823582,-3.109732
98,2015-07-16 05:02:00,-64.823573,-3.110601
98,2015-07-16 10:00:00,-64.824433,-3.110151
98,2015-07-16 15:02:00,-64.822346,-3.114353
98,2015-07-16 20:01:00,-64.818781,-3.118127
98,2015-07-17 01:01:00,-64.828525,-3.109141
98,2015-07-17 06:01:00,-64.828403,-3.108781
98,2015-07-17 11:00:00,-64.828662,-3.108916
98,2015-07-17 16:01:00,-64.830079,-3.107087
98,2015-07-17 20:27:00,-64.829038,-3.106622
98,2015-07-18 01:28:00,-64.830646,-3.10558
98,2015-07-18 06:29:00,-64.83263,-3.104442
98,2015-07-18 11:30:00,-64.834133,-3.103736
98,2015-07-18 16:31:00,-64.836886,-3.103065
98,2015-07-18 22:01:00,-64.836992,-3.103709
98,2015-07-19 03:01:00,-64.837277,-3.104189
98,2015-07-19 07:34:00,-64.837038,-3.104123
98,2015-07-19 13:01:00,-64.839726,-3.102889
98,2015-07-19 18:02:00,-64.838131,-3.104765
98,2015-07-19 22:37:00,-64.837154,-3.104094
98,2015-07-20 03:38:00,-64.840065,-3.102235
98,2015-07-20 08:39:00,-64.84248,-3.099847
98,2015-07-20 13:40:00,-64.845107,-3.097584
98,2015-07-20 18:41:00,-64.847966,-3.095562
98,2015-07-20 23:42:00,-64.850458,-3.09388
98,2015-07-21 04:43:00,-64.853226,-3.092876
98,2015-07-21 10:00:00,-64.853881,-3.093835
98,2015-07-21 15:02:00,-64.846781,-3.096933
98,2015-07-21 20:01:00,-64.846242,-3.097803
98,2015-07-22 01:01:00,-64.847025,-3.096471
98,2015-07-22 05:48:00,-64.846798,-3.096348
98,2015-07-22 11:00:00,-64.84829,-3.096363
98,2015-07-22 15:50:00,-64.84823,-3.096384
98,2015-07-22 20:51:00,-64.849866,-3.094782
98,2015-07-23 01:52:00,-64.851172,-3.093687
98,2015-07-23 06:53:00,-64.853622,-3.092926
98,2015-07-23 11:54:00,-64.856191,-3.09194
98,2015-07-23 16:55:00,-64.858137,-3.091676
98,2015-07-23 22:01:00,-64.858784,-3.091694
98,2015-07-24 03:02:00,-64.857728,-3.093866
98,2015-07-24 08:02:00,-64.85654,-3.093095
98,2015-07-24 12:59:00,-64.855816,-3.093036
98,2015-07-24 18:00:00,-64.853539,-3.08989
98,2015-07-25 04:01:00,-64.854966,-3.089773
98,2015-07-25 04:02:00,-64.854737,-3.089122
98,2015-07-25 09:03:00,-64.842336,-3.098152
98,2015-07-25 19:01:00,-64.842898,-3.098644
98,2015-07-25 19:05:00,-64.842804,-3.098341
98,2015-07-26 05:01:00,-64.846999,-3.095288
98,2015-07-26 10:01:00,-64.847458,-3.095112
98,2015-07-26 15:00:00,-64.84778,-3.095009
98,2015-07-26 15:09:00,-64.8464,-3.094644
98,2015-07-27 01:02:00,-64.851766,-3.09156
98,2015-07-27 06:01:00,-64.85916,-3.088211
98,2015-07-27 06:12:00,-64.858973,-3.087731
98,2015-07-27 11:13:00,-64.859659,-3.087149
98,2015-07-27 16:14:00,-64.861649,-3.086161
98,2015-07-27 21:15:00,-64.863005,-3.085381
98,2015-07-28 07:00:00,-64.863059,-3.085179
98,2015-07-28 12:02:00,-64.862728,-3.085794
98,2015-07-28 12:18:00,-64.862692,-3.085039
98,2015-07-28 22:02:00,-64.862337,-3.090251
98,2015-07-28 22:20:00,-64.86119,-3.089634
98,2015-07-29 08:01:00,-64.861985,-3.092288
98,2015-07-29 13:01:00,-64.862003,-3.092266
98,2015-07-29 18:01:00,-64.863372,-3.092082
98,2015-07-29 23:02:00,-64.870777,-3.092844
98,2015-07-29 23:25:00,-64.869681,-3.092604
98,2015-07-30 04:26:00,-64.863597,-3.090915
98,2015-07-30 09:27:00,-64.858105,-3.089711
98,2015-07-30 14:28:00,-64.853713,-3.089273
98,2015-07-31 00:01:00,-64.853849,-3.089512
98,2015-07-31 05:02:00,-64.853628,-3.089737
98,2015-07-31 10:02:00,-64.853786,-3.089512
98,2015-07-31 15:01:00,-64.853964,-3.089545
98,2015-07-31 20:02:00,-64.853715,-3.08976
98,2015-07-31 20:34:00,-64.853673,-3.090256
98,2015-08-01 06:01:00,-64.836559,-3.100565
98,2015-08-01 06:36:00,-64.836113,-3.099674
98,2015-08-01 16:02:00,-64.852249,-3.090507
98,2015-08-01 21:01:00,-64.852776,-3.090038
98,2015-08-01 21:39:00,-64.852365,-3.089198
98,2015-08-02 02:40:00,-64.848015,-3.091779
98,2015-08-02 12:02:00,-64.84864,-3.091716
98,2015-08-02 12:42:00,-64.848686,-3.091001
98,2015-08-02 17:43:00,-64.848916,-3.091607
98,2015-08-02 22:44:00,-64.848816,-3.093779
98,2015-08-03 08:02:00,-64.849223,-3.094401
98,2015-08-03 13:01:00,-64.84702,-3.09526
98,2015-08-03 13:47:00,-64.846985,-3.094157
98,2015-08-03 23:01:00,-64.846258,-3.094218
98,2015-08-04 04:03:00,-64.844715,-3.095487
98,2015-08-04 04:50:00,-64.84484,-3.09436
98,2015-08-04 14:01:00,-64.844718,-3.095593
98,2015-08-04 14:52:00,-64.844513,-3.096168
98,2015-08-04 19:53:00,-64.846363,-3.094895
98,2015-08-05 05:02:00,-64.846628,-3.095713
98,2015-08-05 05:55:00,-64.846639,-3.095691
98,2015-08-05 10:56:00,-64.847356,-3.094035
98,2015-08-05 15:57:00,-64.84823,-3.091954
98,2015-08-06 01:01:00,-64.848013,-3.092445
98,2015-08-06 01:59:00,-64.84686,-3.091711
98,2015-08-06 11:02:00,-64.84778,-3.091651
98,2015-08-06 16:02:00,-64.847588,-3.091909
98,2015-08-06 21:02:00,-64.847498,-3.09187
98,2015-08-06 22:03:00,-64.847664,-3.091276
98,2015-08-07 03:04:00,-64.848902,-3.088077
98,2015-08-07 08:05:00,-64.851017,-3.085647
98,2015-08-07 13:06:00,-64.852686,-3.083384
98,2015-08-07 18:07:00,-64.854715,-3.082112
98,2015-08-07 23:08:00,-64.85538,-3.080442
98,2015-08-08 04:09:00,-64.856542,-3.079064
98,2015-08-08 09:10:00,-64.858147,-3.077778
98,2015-08-08 18:01:00,-64.859322,-3.078381
98,2015-08-08 23:02:00,-64.859286,-3.078665
98,2015-08-09 00:13:00,-64.859986,-3.078377
98,2015-08-09 09:00:00,-64.858906,-3.077936
98,2015-08-09 14:01:00,-64.859083,-3.077741
98,2015-08-09 19:02:00,-64.856349,-3.07775
98,2015-08-10 00:01:00,-64.857698,-3.076849
98,2015-08-10 01:18:00,-64.857768,-3.076946
98,2015-08-10 06:19:00,-64.856088,-3.075811
98,2015-08-10 11:20:00,-64.855466,-3.075972
98,2015-08-10 20:01:00,-64.855189,-3.076367
98,2015-08-11 01:02:00,-64.856208,-3.075165
98,2015-08-11 02:23:00,-64.855761,-3.074949
98,2015-08-11 07:24:00,-64.855556,-3.072923
98,2015-08-11 12:25:00,-64.855208,-3.071201
98,2015-08-11 17:26:00,-64.854857,-3.069876
98,2015-08-11 22:27:00,-64.854334,-3.069054
98,2015-08-12 03:28:00,-64.853727,-3.068362
98,2015-08-12 08:29:00,-64.852634,-3.067935
98,2015-08-12 13:30:00,-64.852711,-3.067765
98,2015-08-12 18:31:00,-64.852742,-3.068283
98,2015-08-13 03:02:00,-64.853609,-3.068236
98,2015-08-13 04:33:00,-64.853726,-3.068186
98,2015-08-13 09:34:00,-64.853269,-3.067563
98,2015-08-13 14:35:00,-64.853625,-3.067227
98,2015-08-13 19:36:00,-64.854655,-3.067543
98,2015-08-14 04:01:00,-64.854141,-3.067799
98,2015-08-14 09:01:00,-64.854248,-3.067889
98,2015-08-14 10:39:00,-64.853499,-3.067479
98,2015-08-14 15:40:00,-64.854343,-3.064171
98,2015-08-14 20:41:00,-64.856101,-3.061341
98,2015-08-15 01:42:00,-64.857486,-3.058744
98,2015-08-15 06:43:00,-64.859112,-3.056604
98,2015-08-15 15:02:00,-64.860258,-3.056912
98,2015-08-15 20:02:00,-64.859771,-3.055882
98,2015-08-16 01:01:00,-64.859585,-3.055898
98,2015-08-16 02:47:00,-64.859705,-3.055544
98,2015-08-16 07:48:00,-64.860959,-3.056663
98,2015-08-16 16:01:00,-64.86061,-3.056502
98,2015-08-16 21:01:00,-64.862181,-3.059595
98,2015-08-16 22:51:00,-64.861098,-3.058731
98,2015-08-17 07:01:00,-64.863574,-3.064502
98,2015-08-17 12:02:00,-64.863421,-3.065207
98,2015-08-17 17:01:00,-64.860377,-3.068891
98,2015-08-17 22:02:00,-64.859219,-3.072009
98,2015-08-17 23:56:00,-64.859715,-3.071983
98,2015-08-18 04:57:00,-64.860136,-3.074713
98,2015-08-18 09:58:00,-64.861269,-3.078431
98,2015-08-18 18:01:00,-64.861651,-3.079171
98,2015-08-18 23:01:00,-64.862637,-3.080735
98,2015-08-19 01:01:00,-64.861853,-3.080278
98,2015-08-19 06:02:00,-64.852709,-3.078893
98,2015-08-19 11:03:00,-64.845861,-3.07705
98,2015-08-19 16:04:00,-64.839412,-3.076108
98,2015-08-20 00:01:00,-64.839791,-3.076668
98,2015-08-20 02:06:00,-64.839872,-3.076471
98,2015-08-20 07:07:00,-64.837378,-3.089497
98,2015-08-20 15:01:00,-64.837616,-3.089643
98,2015-08-20 17:09:00,-64.837307,-3.089214
98,2015-08-20 22:10:00,-64.836848,-3.089355
98,2015-08-21 06:02:00,-64.837601,-3.089521
98,2015-08-21 11:01:00,-64.837633,-3.089612
98,2015-08-21 13:13:00,-64.838021,-3.089272
98,2015-08-21 18:14:00,-64.837973,-3.091189
98,2015-08-22 02:01:00,-64.83884,-3.09137
98,2015-08-22 04:16:00,-64.837836,-3.091133
98,2015-08-22 09:17:00,-64.838273,-3.091024
98,2015-08-22 17:01:00,-64.838631,-3.091352
98,2015-08-22 19:19:00,-64.838269,-3.091
98,2015-08-23 00:20:00,-64.835922,-3.086688
98,2015-08-23 05:21:00,-64.834484,-3.082982
98,2015-08-23 13:02:00,-64.834814,-3.083432
98,2015-08-23 15:23:00,-64.834344,-3.082724
98,2015-08-23 23:01:00,-64.835124,-3.082869
98,2015-08-24 01:25:00,-64.835047,-3.082747
98,2015-08-24 09:02:00,-64.83486,-3.083335
98,2015-08-24 11:27:00,-64.833849,-3.082537
98,2015-08-24 19:01:00,-64.835169,-3.083407
98,2015-08-24 21:29:00,-64.835124,-3.083006
98,2015-08-25 02:30:00,-64.833833,-3.081513
98,2015-08-25 07:31:00,-64.833184,-3.081487
98,2015-08-25 12:32:00,-64.832582,-3.082145
98,2015-08-25 20:01:00,-64.833101,-3.082733
98,2015-08-26 01:00:00,-64.832212,-3.081638
98,2015-08-26 03:35:00,-64.832048,-3.081218
98,2015-08-26 11:02:00,-64.832729,-3.081954
98,2015-08-26 13:37:00,-64.832345,-3.081551
98,2015-08-26 18:38:00,-64.831246,-3.080313
98,2015-08-26 23:39:00,-64.831082,-3.079814
98,2015-08-27 04:40:00,-64.830793,-3.079909
98,2015-08-27 09:41:00,-64.831104,-3.079761
98,2015-08-27 17:01:00,-64.831831,-3.080117
98,2015-08-27 22:01:00,-64.831767,-3.07945
98,2015-08-28 03:01:00,-64.831795,-3.080226
98,2015-08-28 05:45:00,-64.830543,-3.079746
98,2015-08-28 13:01:00,-64.831779,-3.079831
98,2015-08-28 15:47:00,-64.831202,-3.078879
98,2015-08-28 23:01:00,-64.831621,-3.073582
98,2015-08-29 04:02:00,-64.831714,-3.073427
98,2015-08-29 09:01:00,-64.831599,-3.073652
98,2015-08-29 14:02:00,-64.831783,-3.07347
98,2015-08-29 19:00:00,-64.83173,-3.073323
98,2015-08-30 00:02:00,-64.831651,-3.07342
98,2015-08-30 05:02:00,-64.831172,-3.073193
98,2015-08-30 07:55:00,-64.831059,-3.073252
98,2015-08-30 15:01:00,-64.828084,-3.073431
98,2015-08-30 20:01:00,-64.830808,-3.07327
98,2015-08-30 22:58:00,-64.830465,-3.073272
98,2015-08-31 03:59:00,-64.826297,-3.073544
98,2015-08-31 09:00:00,-64.822197,-3.073932
98,2015-08-31 14:01:00,-64.818517,-3.07486
98,2015-08-31 19:02:00,-64.814625,-3.076323
98,2015-09-01 02:01:00,-64.815167,-3.076491
98,2015-09-01 07:02:00,-64.813646,-3.087816
98,2015-09-01 12:02:00,-64.813722,-3.087644
98,2015-09-01 15:06:00,-64.813941,-3.087537
98,2015-09-01 20:07:00,-64.814145,-3.087276
98,2015-09-02 01:08:00,-64.814386,-3.087938
98,2015-09-02 06:09:00,-64.814767,-3.087487
98,2015-09-02 11:10:00,-64.815385,-3.087814
98,2015-09-02 16:11:00,-64.815762,-3.087979
98,2015-09-02 21:12:00,-64.816551,-3.088146
98,2015-09-03 02:13:00,-64.816638,-3.089359
98,2015-09-03 07:14:00,-64.818435,-3.089748
98,2015-09-03 12:15:00,-64.819134,-3.090178
98,2015-09-03 19:01:00,-64.818883,-3.090903
98,2015-09-04 00:02:00,-64.818832,-3.091049
98,2015-09-04 03:18:00,-64.818559,-3.090364
98,2015-09-04 08:19:00,-64.825926,-3.090922
98,2015-09-04 13:20:00,-64.832326,-3.090977
98,2015-09-04 20:02:00,-64.832512,-3.092246
98,2015-09-05 01:01:00,-64.847526,-3.079877
98,2015-09-05 06:02:00,-64.850335,-3.078459
98,2015-09-05 11:01:00,-64.850001,-3.078204
98,2015-09-05 14:25:00,-64.849979,-3.077409
98,2015-09-05 21:01:00,-64.858231,-3.047427
98,2015-09-06 00:27:00,-64.858321,-3.04772
98,2015-09-06 07:01:00,-64.850768,-3.065656
98,2015-09-06 12:02:00,-64.853145,-3.067253
98,2015-09-06 15:30:00,-64.852913,-3.066749
98,2015-09-06 22:03:00,-64.845585,-3.069867
98,2015-09-07 03:01:00,-64.836489,-3.058726
98,2015-09-07 06:33:00,-64.836882,-3.058718
98,2015-09-07 11:34:00,-64.842583,-3.064462
98,2015-09-07 18:01:00,-64.842987,-3.064544
98,2015-09-07 21:36:00,-64.843613,-3.063797
98,2015-09-08 02:37:00,-64.84216,-3.062276
98,2015-09-08 09:02:00,-64.841908,-3.062824
98,2015-09-08 12:39:00,-64.842258,-3.062269
98,2015-09-08 17:40:00,-64.84211,-3.064353
98,2015-09-08 22:41:00,-64.841652,-3.066673
98,2015-09-09 03:42:00,-64.841627,-3.069537
98,2015-09-09 08:43:00,-64.84222,-3.072038
98,2015-09-09 15:02:00,-64.842131,-3.072226
98,2015-09-09 18:45:00,-64.841344,-3.071093
98,2015-09-09 23:46:00,-64.844114,-3.065073
98,2015-09-10 04:47:00,-64.847842,-3.058892
98,2015-09-10 09:48:00,-64.85173,-3.053263
98,2015-09-10 14:49:00,-64.85489,-3.047446
98,2015-09-10 21:02:00,-64.855132,-3.048624
98,2015-09-11 00:51:00,-64.854717,-3.048283
98,2015-09-11 05:52:00,-64.854834,-3.048606
98,2015-09-11 10:53:00,-64.855137,-3.047969
98,2015-09-11 15:54:00,-64.85471,-3.047738
98,2015-09-11 20:55:00,-64.854664,-3.048221
98,2015-09-12 01:56:00,-64.854452,-3.048476
98,2015-09-12 08:01:00,-64.855168,-3.048789
98,2015-09-12 11:58:00,-64.854885,-3.048294
98,2015-09-12 16:59:00,-64.853522,-3.048204
98,2015-09-12 22:00:00,-64.851929,-3.048483
98,2015-09-13 03:01:00,-64.850869,-3.049954
98,2015-09-13 09:01:00,-64.851631,-3.049838
98,2015-09-13 14:02:00,-64.851683,-3.072234
98,2015-09-13 19:01:00,-64.852066,-3.072052
98,2015-09-13 23:05:00,-64.851716,-3.071526
98,2015-09-14 04:06:00,-64.851602,-3.074609
98,2015-09-14 09:07:00,-64.851656,-3.078553
98,2015-09-14 15:01:00,-64.851939,-3.078716
98,2015-09-14 20:01:00,-64.852053,-3.086776
98,2015-09-15 00:10:00,-64.85117,-3.085921
98,2015-09-15 05:11:00,-64.856942,-3.088839
98,2015-09-15 11:01:00,-64.85712,-3.089091
98,2015-09-15 16:01:00,-64.85756,-3.089115
98,2015-09-15 20:14:00,-64.858823,-3.088995
98,2015-09-16 01:15:00,-64.865654,-3.084956
98,2015-09-16 06:16:00,-64.870573,-3.081521
98,2015-09-16 12:01:00,-64.869146,-3.082423
98,2015-09-16 16:18:00,-64.869892,-3.081652
98,2015-09-16 21:19:00,-64.868236,-3.079786
98,2015-09-17 02:20:00,-64.866486,-3.078644
98,2015-09-17 07:21:00,-64.864664,-3.07657
98,2015-09-17 12:22:00,-64.864028,-3.075552
98,2015-09-17 18:01:00,-64.864596,-3.076188
98,2015-09-17 23:02:00,-64.865727,-3.068502
98,2015-09-18 03:25:00,-64.865226,-3.06781
98,2015-09-18 08:26:00,-64.872725,-3.064221
98,2015-09-18 13:27:00,-64.880518,-3.060831
98,2015-09-18 18:28:00,-64.886822,-3.058349
98,2015-09-19 00:02:00,-64.885503,-3.058876
98,2015-09-19 05:01:00,-64.880621,-3.059446
98,2015-09-19 09:31:00,-64.881431,-3.058903
98,2015-09-19 14:32:00,-64.877012,-3.047311
98,2015-09-19 19:33:00,-64.873658,-3.036589
98,2015-09-20 01:02:00,-64.874448,-3.036678
98,2015-09-20 05:35:00,-64.874176,-3.036377
98,2015-09-20 11:01:00,-64.868033,-3.054761
98,2015-09-20 15:37:00,-64.86767,-3.054442
98,2015-09-20 21:01:00,-64.87372,-3.07694
98,2015-09-21 01:39:00,-64.87277,-3.076276
98,2015-09-21 06:40:00,-64.874596,-3.063669
98,2015-09-21 11:41:00,-64.876924,-3.051058
98,2015-09-21 16:42:00,-64.880456,-3.038606
98,2015-09-21 21:43:00,-64.882542,-3.026389
98,2015-09-22 03:01:00,-64.883034,-3.026808
98,2015-09-22 08:02:00,-64.884338,-3.027201
98,2015-09-22 12:46:00,-64.883287,-3.027426
98,2015-09-22 18:01:00,-64.868271,-3.059955
98,2015-09-22 22:48:00,-64.86846,-3.059355
98,2015-09-23 03:49:00,-64.868786,-3.059213
98,2015-09-23 08:50:00,-64.868206,-3.059601
98,2015-09-23 13:51:00,-64.866492,-3.06037
98,2015-09-23 18:52:00,-64.86497,-3.061554
98,2015-09-24 00:01:00,-64.865061,-3.061856
98,2015-09-24 05:01:00,-64.864539,-3.059502
98,2015-09-24 09:55:00,-64.863493,-3.059563
98,2015-09-24 15:00:00,-64.864756,-3.059065
98,2015-09-24 20:02:00,-64.867356,-3.045733
98,2015-09-25 01:01:00,-64.867726,-3.049677
98,2015-09-25 06:01:00,-64.86677,-3.047685
98,2015-09-25 11:01:00,-64.866738,-3.047327
98,2015-09-25 21:01:00,-64.865369,-3.060287
98,2015-09-25 21:02:00,-64.866162,-3.059316
98,2015-09-26 02:03:00,-64.86699,-3.059411
98,2015-09-26 07:04:00,-64.866701,-3.059546
98,2015-09-26 12:05:00,-64.866528,-3.060099
98,2015-09-26 17:06:00,-64.866582,-3.060612
98,2015-09-26 22:07:00,-64.866206,-3.061601
98,2015-09-27 03:08:00,-64.866182,-3.063251
98,2015-09-27 08:09:00,-64.866507,-3.065083
98,2015-09-27 18:02:00,-64.866724,-3.065621
98,2015-09-27 23:01:00,-64.862829,-3.069635
98,2015-09-27 23:12:00,-64.862152,-3.069729
98,2015-09-28 09:03:00,-64.862555,-3.069682
98,2015-09-28 09:14:00,-64.863337,-3.069585
98,2015-09-28 14:15:00,-64.86298,-3.069863
98,2015-09-28 19:16:00,-64.861931,-3.069169
98,2015-09-29 00:17:00,-64.86167,-3.069183
98,2015-09-29 05:18:00,-64.861749,-3.069296
98,2015-09-29 15:02:00,-64.862018,-3.069283
98,2015-09-29 20:02:00,-64.862185,-3.072682
98,2015-09-29 20:21:00,-64.861327,-3.072446
98,2015-09-30 06:01:00,-64.877151,-3.086849
98,2015-09-30 11:01:00,-64.87752,-3.086895
98,2015-09-30 11:24:00,-64.877163,-3.086319
98,2015-09-30 16:25:00,-64.873086,-3.08216
98,2015-09-30 21:26:00,-64.870283,-3.079089
98,2015-10-01 02:27:00,-64.867762,-3.076019
98,2015-10-01 12:01:00,-64.867228,-3.0763
98,2015-10-01 12:29:00,-64.867181,-3.076474
98,2015-10-01 22:02:00,-64.87767,-3.078089
98,2015-10-02 03:00:00,-64.877696,-3.077896
98,2015-10-02 03:32:00,-64.877358,-3.077836
98,2015-10-02 08:33:00,-64.877607,-3.076739
98,2015-10-02 13:34:00,-64.876984,-3.075729
98,2015-10-02 18:35:00,-64.877384,-3.074877
98,2015-10-02 23:36:00,-64.876924,-3.07468
98,2015-10-03 04:37:00,-64.876768,-3.074935
98,2015-10-03 14:02:00,-64.877102,-3.075209
98,2015-10-03 14:39:00,-64.876343,-3.074597
98,2015-10-03 19:40:00,-64.879653,-3.078484
98,2015-10-04 05:01:00,-64.879556,-3.079202
98,2015-10-04 05:42:00,-64.878534,-3.078605
98,2015-10-04 10:43:00,-64.874528,-3.088504
98,2015-10-04 20:01:00,-64.874493,-3.088914
98,2015-10-05 01:00:00,-64.875621,-3.09041
98,2015-10-05 01:46:00,-64.87562,-3.090482
98,2015-10-05 11:01:00,-64.875209,-3.090333
98,2015-10-05 11:48:00,-64.874404,-3.090007
98,2015-10-05 16:49:00,-64.863578,-3.092801
98,2015-10-05 21:50:00,-64.852132,-3.096476
98,2015-10-06 07:01:00,-64.852722,-3.097061
98,2015-10-06 12:01:00,-64.852392,-3.09672
98,2015-10-06 12:53:00,-64.851407,-3.096276
98,2015-10-06 22:03:00,-64.856544,-3.095316
98,2015-10-07 03:01:00,-64.853192,-3.090972
98,2015-10-07 08:02:00,-64.853104,-3.09127
98,2015-10-07 13:02:00,-64.853679,-3.09033
98,2015-10-07 13:58:00,-64.853574,-3.089657
98,2015-10-07 18:59:00,-64.825762,-3.107882
98,2015-10-08 04:01:00,-64.826181,-3.108382
98,2015-10-08 05:01:00,-64.826217,-3.10728
98,2015-10-08 10:02:00,-64.852965,-3.095907
98,2015-10-08 19:01:00,-64.853717,-3.096704
98,2015-10-08 20:04:00,-64.853256,-3.095747
98,2015-10-09 01:05:00,-64.848094,-3.097816
98,2015-10-09 06:06:00,-64.842417,-3.100115
98,2015-10-09 11:07:00,-64.835707,-3.103389
98,2015-10-09 20:02:00,-64.835683,-3.10306
98,2015-10-09 21:09:00,-64.83502,-3.102904
98,2015-10-10 02:10:00,-64.834051,-3.101017
98,2015-10-10 07:11:00,-64.833327,-3.099725
98,2015-10-10 12:12:00,-64.832606,-3.098592
98,2015-10-10 17:13:00,-64.831355,-3.097482
98,2015-10-10 22:14:00,-64.830537,-3.096911
98,2015-10-11 03:15:00,-64.83012,-3.09676
98,2015-10-11 08:16:00,-64.829425,-3.096589
98,2015-10-11 17:02:00,-64.829369,-3.097416
98,2015-10-11 18:18:00,-64.828961,-3.09763
98,2015-10-12 03:00:00,-64.817779,-3.094536
98,2015-10-12 04:20:00,-64.817464,-3.093675
98,2015-10-12 13:01:00,-64.814665,-3.079874
98,2015-10-12 14:22:00,-64.814912,-3.079704
98,2015-10-12 23:01:00,-64.814471,-3.074395
98,2015-10-13 00:24:00,-64.814167,-3.074404
98,2015-10-13 09:01:00,-64.80312,-3.093745
98,2015-10-13 14:01:00,-64.811116,-3.089319
98,2015-10-13 15:27:00,-64.810693,-3.088924
98,2015-10-13 20:28:00,-64.816475,-3.072114
98,2015-10-14 05:01:00,-64.816648,-3.072992
98,2015-10-14 10:02:00,-64.840722,-3.063716
98,2015-10-14 15:01:00,-64.840651,-3.06405
98,2015-10-14 20:01:00,-64.847253,-3.064861
98,2015-10-14 21:33:00,-64.845973,-3.06487
98,2015-10-15 02:34:00,-64.84972,-3.065059
98,2015-10-15 07:35:00,-64.852906,-3.066437
98,2015-10-15 12:36:00,-64.855516,-3.067162
98,2015-10-15 17:37:00,-64.858014,-3.068029
98,2015-10-15 22:38:00,-64.861117,-3.069267
98,2015-10-16 03:39:00,-64.864237,-3.070996
98,2015-10-16 12:01:00,-64.864378,-3.070959
98,2015-10-16 13:41:00,-64.864837,-3.070748
98,2015-10-16 18:42:00,-64.866363,-3.071609
98,2015-10-17 03:00:00,-64.865947,-3.072403
98,2015-10-17 08:02:00,-64.865976,-3.072612
98,2015-10-17 09:45:00,-64.865386,-3.072198
98,2015-10-17 14:46:00,-64.867039,-3.076012
98,2015-10-17 23:01:00,-64.866828,-3.076375
98,2015-10-18 04:01:00,-64.866942,-3.076771
98,2015-10-18 09:00:00,-64.867124,-3.076661
98,2015-10-18 10:50:00,-64.86703,-3.076855
98,2015-10-18 19:02:00,-64.86481,-3.071907
98,2015-10-19 00:01:00,-64.864728,-3.071925
98,2015-10-19 01:53:00,-64.864813,-3.071806
98,2015-10-19 10:02:00,-64.866683,-3.076562
98,2015-10-19 15:00:00,-64.864777,-3.071973
98,2015-10-19 16:56:00,-64.864546,-3.071589
98,2015-10-19 21:57:00,-64.865781,-3.073763
98,2015-10-20 02:58:00,-64.867307,-3.076858
98,2015-10-20 11:00:00,-64.867548,-3.077224
98,2015-10-20 13:00:00,-64.866941,-3.077077
98,2015-10-20 18:01:00,-64.87341,-3.072691
98,2015-10-20 23:02:00,-64.881994,-3.069443
98,2015-10-21 07:03:00,-64.881932,-3.069494
98,2015-10-21 09:04:00,-64.881592,-3.068866
98,2015-10-21 17:01:00,-64.87864,-3.065824
98,2015-10-21 19:06:00,-64.878804,-3.06575
98,2015-10-22 00:07:00,-64.882986,-3.063622
98,2015-10-22 05:08:00,-64.887094,-3.061753
98,2015-10-22 10:09:00,-64.891982,-3.059839
98,2015-10-22 18:02:00,-64.89209,-3.060049
98,2015-10-22 20:11:00,-64.892324,-3.060173
98,2015-10-23 01:12:00,-64.891427,-3.059655
98,2015-10-23 06:13:00,-64.891049,-3.059123
98,2015-10-23 14:02:00,-64.890947,-3.058973
98,2015-10-23 16:15:00,-64.889766,-3.058716
98,2015-10-23 21:16:00,-64.877149,-3.061647
98,2015-10-24 02:17:00,-64.86518,-3.06499
98,2015-10-24 07:18:00,-64.852705,-3.069394
98,2015-10-24 12:19:00,-64.839877,-3.074317
98,2015-10-24 20:01:00,-64.84063,-3.07484
98,2015-10-24 22:21:00,-64.840599,-3.074376
98,2015-10-25 03:22:00,-64.841067,-3.072136
98,2015-10-25 08:23:00,-64.841106,-3.07027
98,2015-10-25 13:24:00,-64.841482,-3.068254
98,2015-10-25 18:25:00,-64.841722,-3.066967
98,2015-10-25 23:26:00,-64.841376,-3.065805
98,2015-10-26 04:27:00,-64.841394,-3.064685
98,2015-10-26 09:28:00,-64.841811,-3.06375
98,2015-10-26 14:29:00,-64.842558,-3.063034
98,2015-10-26 19:30:00,-64.842873,-3.062357
98,2015-10-27 00:31:00,-64.843958,-3.062068
98,2015-10-27 08:02:00,-64.844205,-3.061674
98,2015-10-27 13:01:00,-64.844046,-3.061791
98,2015-10-27 18:01:00,-64.839788,-3.05972
98,2015-10-27 20:35:00,-64.839557,-3.058968
98,2015-10-28 01:36:00,-64.83839,-3.059711
98,2015-10-28 09:01:00,-64.838912,-3.060264
98,2015-10-28 14:01:00,-64.838929,-3.060334
98,2015-11-09 11:02:00,-64.852288,-3.050582
