98,12/11/14 13:01,-64.85651,-3.054789000000002
98,12/11/14 18:00,-64.85647400000002,-3.0546209999999943
98,12/13/14 10:01,-64.856501,-3.0547120000000043
98,12/14/14 01:01,-64.848559,-3.098324999999995
98,12/14/14 06:01,-64.839915,-3.0957329999999925
98,12/14/14 11:02,-64.840445,-3.095384000000007
98,12/16/14 03:02,-64.863942,-3.087383999999995
98,12/16/14 13:01,-64.854758,-3.094703999999996
98,12/18/14 10:00,-64.854421,-3.0967069999999923
98,12/18/14 15:00,-64.84024435853088,-3.102177818038657
98,12/18/14 20:00,-64.841983,-3.1011380000000046
98,12/19/14 01:00,-64.839652,-3.102381000000001
98,12/19/14 06:00,-64.84054536837407,-3.1019874019701272
98,12/19/14 11:00,-64.840162,-3.100861999999996
98,12/19/14 16:00,-64.84058717393123,-3.101942117011241
98,12/19/14 21:00,-64.8405590170957,-3.1019150391023587
98,12/20/14 02:00,-64.833299,-3.105252000000006
98,12/20/14 07:00,-64.83207,-3.1063599999999965
98,12/20/14 12:00,-64.832314,-3.105902000000005
98,12/20/14 17:00,-64.83227,-3.105024
98,12/20/14 22:00,-64.84068469967328,-3.101932904150157
98,12/21/14 03:00,-64.843204,-3.101070999999996
98,12/21/14 08:00,-64.84466,-3.1000809999999968
98,12/21/14 13:00,-64.845559,-3.099749999999996
98,12/21/14 18:00,-64.846762,-3.0988779999999982
98,12/21/14 23:00,-64.847084,-3.098939
98,12/25/14 07:03,-64.856586,-3.055035999999994
98,12/25/14 22:01,-64.856596,-3.0548349999999957
98,12/26/14 08:01,-64.857171,-3.0563649999999964
98,12/27/14 06:00,-64.856591,-3.0561789999999927
98,12/27/14 12:00,-64.856961,-3.055906999999998
98,12/27/14 18:00,-64.85473576716387,-3.0592647265056256
98,12/28/14 00:00,-64.852301,-3.0717329999999965
98,12/28/14 06:00,-64.856695,-3.056002
98,12/28/14 12:00,-64.856651,-3.0558489999999985
98,12/28/14 18:00,-64.856173,-3.055766000000001
98,12/29/14 00:00,-64.85481583120949,-3.059074698891957
98,12/29/14 06:00,-64.852054,-3.057444000000002
98,12/29/14 12:00,-64.85482957331381,-3.059056590397338
98,12/29/14 18:00,-64.85483155645767,-3.0590656292618807
98,12/30/14 00:00,-64.856036,-3.0557419999999937
98,12/30/14 06:00,-64.855875,-3.055498999999992
98,12/30/14 12:00,-64.856034,-3.055772000000004
98,12/30/14 18:00,-64.856102,-3.059190999999997
98,12/31/14 00:00,-64.85484084782684,-3.059074655429415
98,12/31/14 06:00,-64.85483266525522,-3.059056585025586
98,12/31/14 12:00,-64.85404800000002,-3.0602570000000044
98,12/31/14 18:00,-64.856161,-3.0593629999999954
98,01/01/15 00:00,-64.85484450193945,-3.059074649080905
98,01/01/15 06:00,-64.855902,-3.059080999999992
98,01/01/15 12:00,-64.855962,-3.059155999999999
98,01/01/15 18:00,-64.855827,-3.0592539999999984
98,01/02/15 00:00,-64.855943,-3.059013999999999
98,01/02/15 06:00,-64.844892,-3.065958999999997
98,01/03/15 12:00,-64.855763,-3.059538000000003
98,01/03/15 18:00,-64.85385308373755,-3.0606949454249683
98,01/04/15 00:00,-64.85389824533893,-3.060640613075757
98,01/04/15 06:00,-64.84504,-3.064896999999997
98,01/04/15 12:00,-64.855917,-3.0590369999999965
98,01/04/15 18:00,-64.85403477546986,-3.0605951642960867
98,01/05/15 00:00,-64.856136,-3.059082000000005
98,01/05/15 06:00,-64.855914,-3.0590430000000066
98,01/05/15 12:00,-64.855997,-3.059268000000004
98,01/05/15 18:00,-64.855337,-3.061876999999993
98,01/07/15 00:00,-64.851727,-3.073604000000007
98,01/07/15 06:00,-64.85398614041488,-3.074457114591459
98,01/07/15 12:00,-64.851712,-3.0735740000000007
98,01/07/15 18:00,-64.85426559041215,-3.0743209921853527
98,01/08/15 00:00,-64.85428856167512,-3.074275740538074
98,01/08/15 06:00,-64.841771,-3.077510000000005
98,01/08/15 12:00,-64.851646,-3.073627000000004
98,01/08/15 18:00,-64.85455637760526,-3.074239103812017
98,01/09/15 00:00,-64.86736,-3.0673200000000014
98,01/09/15 06:00,-64.866097,-3.078065999999992
98,01/10/15 13:02,-64.851726,-3.073541999999994
98,01/10/15 18:02,-64.834206,-3.079336000000004
98,01/10/15 23:02,-64.834066,-3.079384000000009
98,01/12/15 00:00,-64.850478,-3.073827999999997
98,01/12/15 06:00,-64.850499,-3.074224999999997
98,01/12/15 12:00,-64.85062897439799,-3.074074148250576
98,01/12/15 18:00,-64.85063064535322,-3.074065103010847
98,01/13/15 00:00,-64.85069,-3.073978999999995
98,01/13/15 06:00,-64.850874,-3.0743209999999923
98,01/13/15 12:00,-64.85063401843529,-3.0740650971353585
98,01/13/15 18:00,-64.85063401843529,-3.0740650971353585
98,01/14/15 00:00,-64.85063484612,-3.0740560533645267
98,01/14/15 06:00,-64.850671,-3.073904000000008
98,01/15/15 05:00,-64.83363,-3.0816439999999963
98,01/15/15 10:00,-64.83338900000001,-3.0815579999999976
98,01/15/15 15:00,-64.846597,-3.0894600000000065
98,01/15/15 20:00,-64.84187312284752,-3.087734304172586
98,01/16/15 01:00,-64.846603,-3.089483999999995
98,01/16/15 06:00,-64.846714,-3.0894799999999947
98,01/16/15 11:00,-64.847171,-3.091955000000004
98,01/17/15 12:00,-64.846533,-3.089391000000003
98,01/17/15 18:00,-64.83775935315532,-3.089902591268165
98,01/18/15 00:00,-64.819099,-3.0789899999999983
98,01/18/15 06:00,-64.823809,-3.082811999999993
98,01/18/15 12:00,-64.83814525276989,-3.0897120300672483
98,01/18/15 18:00,-64.83824955504112,-3.0897208910821146
98,01/19/15 00:00,-64.84656100000001,-3.089333000000008
98,01/19/15 06:00,-64.846609,-3.089511999999996
98,01/19/15 12:00,-64.844373,-3.0913580000000014
98,01/19/15 18:00,-64.8384248968442,-3.0896844165947206
98,01/20/15 00:00,-64.83840714109786,-3.089657320307416
98,01/20/15 06:00,-64.841272,-3.094145000000007
98,01/20/15 12:00,-64.841333,-3.0938009999999925
98,01/20/15 18:00,-64.841141,-3.093805000000002
98,01/22/15 06:00,-64.841153,-3.093734000000006
98,01/22/15 12:00,-64.8416885627723,-3.1008279795695013
98,01/22/15 18:00,-64.84179992422905,-3.10069214929975
98,01/23/15 00:00,-64.842744,-3.0937089999999947
98,01/23/15 06:00,-64.84297,-3.0937360000000083
98,01/23/15 12:00,-64.842779,-3.0937240000000057
98,01/23/15 18:00,-64.842947,-3.093874000000003
98,01/24/15 00:00,-64.83232,-3.082256000000006
98,01/24/15 06:00,-64.832183,-3.082185999999996
98,01/24/15 12:00,-64.84185742374007,-3.1004569471460206
98,01/24/15 18:00,-64.842536,-3.0931110000000044
98,01/25/15 00:00,-64.837684,-3.090122000000004
98,01/25/15 06:00,-64.840301,-3.091978999999998
98,01/25/15 12:00,-64.84195494927278,-3.100447734255149
98,01/25/15 18:00,-64.840297,-3.0920139999999985
98,01/26/15 00:00,-64.84197993574541,-3.100429605827137
98,01/26/15 06:00,-64.841045,-3.092453999999997
98,01/26/15 12:00,-64.84198104449307,-3.100420561519305
98,01/26/15 18:00,-64.839421,-3.0961239999999925
98,01/27/15 00:00,-64.839083,-3.0961320000000057
98,01/27/15 06:00,-64.84202291251904,-3.1004114459419423
98,01/27/15 12:00,-64.84201502611549,-3.100402417362842
98,01/27/15 18:00,-64.839199,-3.0961850000000077
98,01/28/15 00:00,-64.843161,-3.102920999999998
98,01/28/15 06:00,-64.839482,-3.096554999999998
98,01/28/15 12:00,-64.84202036698635,-3.100402408024024
98,01/28/15 18:00,-64.839302,-3.0961920000000016
98,01/29/15 00:00,-64.84198911811795,-3.1003753355567336
98,01/29/15 06:00,-64.839269,-3.096238000000002
98,01/29/15 12:00,-64.839279,-3.096317999999997
98,01/29/15 18:00,-64.822076,-3.103889000000005
98,01/30/15 00:00,-64.839245,-3.096092999999993
98,01/30/15 06:00,-64.84201608792397,-3.1003662460303136
98,01/30/15 12:00,-64.84201104379798,-3.1003752972191343
98,01/30/15 18:00,-64.839263,-3.0961729999999945
98,01/31/15 00:00,-64.84201219948443,-3.100393379936364
98,01/31/15 06:00,-64.839136,-3.0961150000000064
98,01/31/15 12:00,-64.84202850319531,-3.100393351428439
98,01/31/15 18:00,-64.84202146008732,-3.100384321374781
98,02/01/15 00:00,-64.839119,-3.0963060000000016
98,02/01/15 06:00,-64.84202205357714,-3.1004024050749197
98,02/01/15 12:00,-64.839319,-3.0962359999999958
98,02/01/15 18:00,-64.84202909668532,-3.1004114351284957
98,02/02/15 00:00,-64.839035,-3.096177000000006
98,02/02/15 06:00,-64.839224,-3.096003
98,02/02/15 12:00,-64.839217,-3.096299999999993
98,02/02/15 18:00,-64.845129,-3.096749000000006
98,02/03/15 00:00,-64.85907600000002,-3.09771
98,02/03/15 06:00,-64.84219557013841,-3.1006100761213413
98,02/03/15 12:00,-64.858357,-3.0965650000000045
98,02/03/15 18:00,-64.845056,-3.096792000000004
98,02/04/15 00:00,-64.844976,-3.0967819999999957
98,02/04/15 06:00,-64.845491,-3.097406999999993
98,02/04/15 12:00,-64.852676,-3.0994359999999923
98,02/04/15 18:00,-64.841536,-3.1044089999999978
98,02/05/15 00:00,-64.84214726757165,-3.100474525069564
98,02/05/15 06:00,-64.84185,-3.104298999999997
98,02/05/15 12:00,-64.842137,-3.1043199999999938
98,02/05/15 18:00,-64.84222,-3.1045840000000013
98,02/06/15 00:00,-64.842266,-3.104345000000003
98,02/06/15 06:00,-64.842309,-3.104659000000001
98,02/06/15 12:00,-64.842008,-3.104377999999996
98,02/06/15 18:00,-64.842144,-3.1043369999999992
98,02/07/15 00:00,-64.84374,-3.105202999999995
98,02/07/15 06:00,-64.843889,-3.1050089999999977
98,02/07/15 12:00,-64.842269,-3.104747999999997
98,02/07/15 18:00,-64.842163,-3.104444999999999
98,02/08/15 00:00,-64.842194,-3.1045399999999934
98,02/08/15 06:00,-64.842375,-3.1048200000000006
98,02/08/15 12:00,-64.841965,-3.1044949999999965
98,02/08/15 18:00,-64.84223948351433,-3.1004834061734425
98,02/09/15 00:00,-64.848831,-3.103155000000003
98,02/09/15 06:00,-64.848698,-3.102852000000004
98,02/09/15 12:00,-64.84879,-3.1029910000000043
98,02/09/15 18:00,-64.84223083205733,-3.1005195907746503
98,02/10/15 00:00,-64.84867,-3.102904
98,02/10/15 06:00,-64.84222043141415,-3.100519608963505
98,02/10/15 12:00,-64.848786,-3.102804000000003
98,02/10/15 18:00,-64.848475,-3.103021000000001
98,02/11/15 00:00,-64.846179,-3.103574999999997
98,02/11/15 06:00,-64.846437,-3.103447999999997
98,02/11/15 12:00,-64.846403,-3.103354999999993
98,02/11/15 18:00,-64.84219282117064,-3.100483487776128
98,02/12/15 00:00,-64.845084,-3.104667999999992
98,02/12/15 06:00,-64.846069,-3.103511000000004
98,02/12/15 12:00,-64.84214439399581,-3.100438360621394
98,02/12/15 18:00,-64.837267,-3.1049459999999973
98,02/13/15 00:00,-64.846794,-3.1039719999999966
98,02/13/15 06:00,-64.84213986512528,-3.100420283804332
98,02/13/15 12:00,-64.846626,-3.1039869999999925
98,02/13/15 18:00,-64.832688,-3.107428000000003
98,02/14/15 00:00,-64.8421225460007,-3.100320848037055
98,02/14/15 06:00,-64.84205159967227,-3.100257675510517
98,02/14/15 12:00,-64.80866,-3.113940000000001
98,02/14/15 18:00,-64.84667,-3.1042810000000047
98,02/15/15 00:00,-64.8467,-3.1043519999999987
98,02/15/15 06:00,-64.846697,-3.1039959999999964
98,02/15/15 12:00,-64.84219397686127,-3.100501570491199
98,02/15/15 18:00,-64.846751,-3.1040350000000068
98,02/16/15 00:00,-64.846735,-3.1040580000000006
98,02/16/15 06:00,-64.846724,-3.1039949999999927
98,02/16/15 12:00,-64.846903,-3.1041000000000003
98,02/16/15 18:00,-64.846777,-3.104184000000008
98,02/18/15 00:00,-64.845808,-3.1004490000000064
98,02/18/15 06:00,-64.84079216514084,-3.0962902740388074
98,02/18/15 12:00,-64.845873,-3.100348999999995
98,02/18/15 18:00,-64.845858,-3.1003000000000007
98,02/19/15 00:00,-64.846641,-3.102037000000008
98,02/19/15 06:00,-64.847417,-3.101766000000004
98,02/19/15 12:00,-64.846641,-3.1019140000000003
98,02/19/15 18:00,-64.846786,-3.102151000000002
98,02/20/15 00:00,-64.84661,-3.1021919999999947
98,02/20/15 06:00,-64.84801,-3.0836910000000013
98,02/20/15 12:00,-64.84130715136087,-3.0959728921558383
98,02/20/15 18:00,-64.84135948233406,-3.095999927935292
98,02/21/15 00:00,-64.859105,-3.0949079999999958
98,02/21/15 06:00,-64.871981,-3.0904800000000057
98,02/21/15 12:00,-64.866235,-3.0852019999999984
98,02/21/15 18:00,-64.8411787523077,-3.0960092857506427
98,02/22/15 00:00,-64.84116654018304,-3.095936968072588
98,02/22/15 06:00,-64.846988,-3.102163999999996
98,02/22/15 12:00,-64.84119624280905,-3.095882661990983
98,02/22/15 18:00,-64.8411540001171,-3.095837523843488
98,02/23/15 00:00,-64.84110252806117,-3.095819528921266
98,02/23/15 06:00,-64.838347,-3.095564999999997
98,02/23/15 12:00,-64.834353,-3.0954639999999936
98,02/23/15 18:00,-64.841122470361,-3.09581045174527
98,02/24/15 00:00,-64.84108677099121,-3.0958105140446435
98,02/24/15 06:00,-64.837725,-3.1001809999999943
98,02/24/15 12:00,-64.84108731757068,-3.0958014707164168
98,02/24/15 18:00,-64.834446,-3.096606999999996
98,02/25/15 00:00,-64.8343,-3.096682999999997
98,02/25/15 06:00,-64.834731,-3.096614000000006
98,02/25/15 12:00,-64.8411263901089,-3.095801402530605
98,02/25/15 18:00,-64.84108113342786,-3.0958014815082837
98,02/26/15 00:00,-64.834458,-3.0964100000000068
98,02/26/15 06:00,-64.838698,-3.097146999999993
98,02/26/15 12:00,-64.838953,-3.096425000000006
98,02/26/15 18:00,-64.839086,-3.096553999999999
98,02/27/15 00:00,-64.84115004913753,-3.095828488364554
98,02/27/15 06:00,-64.8411047768404,-3.095819524996886
98,02/27/15 12:00,-64.839038,-3.0966509999999934
98,02/27/15 18:00,-64.839045,-3.0965060000000078
98,02/28/15 00:00,-64.84110897768589,-3.095810475291632
98,02/28/15 06:00,-64.8410515869706,-3.0957834483197653
98,02/28/15 12:00,-64.838979,-3.0966330000000037
98,02/28/15 18:00,-64.818074,-3.0917919999999985
98,03/01/15 00:00,-64.84100458124632,-3.095747360846582
98,03/01/15 06:00,-64.828484,-3.0984820000000037
98,03/01/15 12:00,-64.84107352818286,-3.095792452405582
98,03/01/15 18:00,-64.839636,-3.094877999999996
98,03/02/15 00:00,-64.84108314795567,-3.0958286051160004
98,03/02/15 06:00,-64.839755,-3.0949570000000013
98,03/02/15 12:00,-64.84107782272028,-3.095837656783498
98,03/02/15 18:00,-64.839594,-3.0949249999999973
98,03/03/15 00:00,-64.84104826064662,-3.0958105812481262
98,03/03/15 06:00,-64.828356,-3.0913650000000072
98,03/03/15 12:00,-64.842317,-3.093927999999998
98,03/03/15 18:00,-64.8410764484641,-3.0958557439305983
98,03/04/15 00:00,-64.84105620945,-3.09585577924971
98,03/04/15 06:00,-64.842285,-3.0936609999999933
98,03/04/15 12:00,-64.84105283628097,-3.095855785136191
98,03/04/15 18:00,-64.83608,-3.076002000000006
98,03/05/15 00:00,-64.84099260335879,-3.095810678371848
98,03/05/15 06:00,-64.841651,-3.0812319999999973
98,03/05/15 12:00,-64.842131,-3.093341999999992
98,03/06/15 18:00,-64.82491,-3.090859
98,03/07/15 00:00,-64.82058418048224,-3.087563183498553
98,03/07/15 06:00,-64.82347,-3.0849289999999976
98,03/07/15 12:00,-64.818629,-3.080820000000008
98,03/07/15 18:00,-64.822315,-3.079308
98,03/08/15 00:00,-64.82399,-3.085071999999994
98,03/08/15 06:00,-64.82076587414366,-3.0871288318173264
98,03/08/15 12:00,-64.82075864649464,-3.087011292037144
98,03/08/15 18:00,-64.811017,-3.099865000000008
98,03/09/15 00:00,-64.823272,-3.0850219999999973
98,03/10/15 05:00,-64.839815,-3.079246999999997
98,03/10/15 10:00,-64.839935,-3.078866999999996
98,03/10/15 15:00,-64.823908,-3.084408999999998
98,03/10/15 20:00,-64.823955,-3.0844340000000066
98,03/11/15 01:00,-64.823775,-3.084511999999996
98,03/12/15 00:00,-64.823534,-3.084524999999998
98,03/12/15 05:00,-64.823634,-3.084311000000002
98,03/12/15 10:00,-64.8224085914616,-3.084639324102844
98,03/12/15 15:00,-64.822029,-3.075954999999995
98,03/12/15 20:00,-64.82241206091784,-3.0845308084858742
98,03/13/15 01:00,-64.82195300000001,-3.0853530000000013
98,03/13/15 06:00,-64.821925,-3.0859890000000005
98,03/13/15 11:00,-64.821889,-3.0854129999999955
98,03/13/15 16:00,-64.821833,-3.086135999999996
98,03/13/15 21:00,-64.82244470290377,-3.0843860727799166
98,03/14/15 02:00,-64.823018,-3.0861539999999974
98,03/16/15 06:00,-64.822896,-3.104785000000001
98,03/16/15 12:00,-64.824154,-3.104428999999998
98,03/16/15 18:00,-64.85303578516218,-3.0937822006041764
98,03/17/15 00:00,-64.85486,-3.092017
98,03/17/15 06:00,-64.858408,-3.093722999999995
98,03/17/15 12:00,-64.858242,-3.0937579999999967
98,03/17/15 18:00,-64.859354,-3.092123999999995
98,03/18/15 00:00,-64.85337459715025,-3.0936730980937925
98,03/18/15 06:00,-64.859254,-3.0927709999999924
98,03/18/15 12:00,-64.85338018763058,-3.093655003655262
98,03/18/15 18:00,-64.85336977141164,-3.093645979629114
98,03/19/15 00:00,-64.860542,-3.0881800000000004
98,03/19/15 06:00,-64.86144,-3.0868059999999997
98,03/19/15 12:00,-64.85331473964749,-3.093682245486866
98,03/19/15 18:00,-64.861157,-3.088010000000003
98,03/20/15 00:00,-64.857804,-3.090891999999999
98,03/20/15 06:00,-64.857831,-3.0906720000000045
98,03/20/15 12:00,-64.857738,-3.0908419999999914
98,03/20/15 18:00,-64.864436,-3.095682999999995
98,03/23/15 00:00,-64.854597,-3.094419999999993
98,03/23/15 06:00,-64.84841590684655,-3.0940706121481925
98,03/23/15 12:00,-64.84854877112687,-3.0940161254655685
98,03/23/15 18:00,-64.85292,-3.096302000000004
98,03/24/15 00:00,-64.865217,-3.093574999999994
98,03/24/15 06:00,-64.855225,-3.0945600000000058
98,03/24/15 12:00,-64.8487327321205,-3.0939253799465285
98,03/24/15 18:00,-64.85439,-3.092644000000005
98,03/25/15 00:00,-64.84870568425298,-3.0938892579709885
98,03/25/15 06:00,-64.854258,-3.0948500000000068
98,03/25/15 12:00,-64.84867807419624,-3.0938531369781312
98,03/25/15 18:00,-64.845166,-3.09307
98,03/26/15 00:00,-64.8486670644559,-3.093826029249847
98,03/26/15 06:00,-64.84864990195034,-3.0938170169678783
98,03/26/15 12:00,-64.84861841923453,-3.093817072098188
98,03/26/15 18:00,-64.845416,-3.0929720000000045
98,03/27/15 00:00,-64.845384,-3.093185000000003
98,03/27/15 06:00,-64.845411,-3.0929229999999968
98,03/27/15 12:00,-64.84862572772218,-3.093817059300164
98,03/27/15 18:00,-64.845186,-3.0930820000000074
98,03/28/15 00:00,-64.84863245834926,-3.093808005177687
98,03/28/15 06:00,-64.84859505695533,-3.093799028334953
98,03/28/15 12:00,-64.840689,-3.096482
98,03/28/15 18:00,-64.840274,-3.096889
98,03/29/15 00:00,-64.84865521142945,-3.0937989229978107
98,03/29/15 06:00,-64.846936,-3.088041000000008
98,03/29/15 12:00,-64.84860466121518,-3.093826138526417
98,03/29/15 18:00,-64.84860213135403,-3.09382614295647
98,03/30/15 00:00,-64.846525,-3.090747999999993
98,03/30/15 06:00,-64.84859426067486,-3.093826156738821
98,03/30/15 12:00,-64.846557,-3.090481000000004
98,03/30/15 18:00,-64.84859230867399,-3.093835202493474
98,03/31/15 00:00,-64.847811,-3.088032000000005
98,03/31/15 06:00,-64.847946,-3.089930000000001
98,03/31/15 12:00,-64.846597,-3.090774000000005
98,03/31/15 18:00,-64.846634,-3.090866000000006
98,04/01/15 00:00,-64.846739,-3.0910060000000006
98,04/01/15 06:00,-64.8486479812888,-3.093844147339918
98,04/01/15 12:00,-64.84866962565617,-3.0938441094369926
98,04/01/15 18:00,-64.850762,-3.091440999999996
98,04/02/15 00:00,-64.84871577235714,-3.093871155632519
98,04/02/15 06:00,-64.86011800000001,-3.0948640000000007
98,04/02/15 12:00,-64.84872984281131,-3.0938801733275247
98,04/02/15 18:00,-64.84872362736587,-3.0938620995406683
98,04/03/15 00:00,-64.84873713562854,-3.093871118220145
98,04/03/15 06:00,-64.858067,-3.089347000000005
98,04/03/15 12:00,-64.857289,-3.0895839999999954
98,04/03/15 18:00,-64.84869050508595,-3.093889284553213
98,04/04/15 00:00,-64.84871578802733,-3.0938801979409525
98,04/04/15 06:00,-64.854618,-3.090419000000004
98,04/04/15 12:00,-64.85922,-3.0911100000000085
98,04/04/15 18:00,-64.84871385169808,-3.0938982860037
98,04/05/15 00:00,-64.85218700000001,-3.095664000000006
98,04/05/15 06:00,-64.852522,-3.095611000000005
98,04/05/15 12:00,-64.852285,-3.0957680000000054
98,04/05/15 18:00,-64.852344,-3.095457000000001
98,04/06/15 00:00,-64.848775,-3.0946960000000066
98,04/06/15 06:00,-64.848238,-3.0945220000000018
98,04/06/15 12:00,-64.84870897905068,-3.093844040521449
98,04/06/15 18:00,-64.848528,-3.094525000000003
98,04/07/15 00:00,-64.848096,-3.0947850000000074
98,04/07/15 06:00,-64.84868558543097,-3.0938079121443107
98,04/07/15 12:00,-64.84862933495867,-3.0937899259744657
98,04/07/15 18:00,-64.841394,-3.099574999999996
98,04/08/15 00:00,-64.841445,-3.099536999999997
98,04/08/15 06:00,-64.831209,-3.101737999999998
98,04/08/15 12:00,-64.84874859690784,-3.093672166762492
98,04/08/15 18:00,-64.83749,-3.096832999999996
98,04/10/15 00:00,-64.809044,-3.109999
98,04/10/15 06:00,-64.82324948544961,-3.1023158952898178
98,04/10/15 12:00,-64.82343409406755,-3.102107598929757
98,04/10/15 18:00,-64.806565,-3.109866999999993
98,04/11/15 00:00,-64.808725,-3.109665999999995
98,04/11/15 06:00,-64.82405525361229,-3.101898546421123
98,04/11/15 12:00,-64.82409520105688,-3.101916562137021
98,04/11/15 18:00,-64.841237,-3.092381
98,04/12/15 00:00,-64.84271,-3.094456
98,04/12/15 06:00,-64.82431825830903,-3.1016720293226063
98,04/12/15 12:00,-64.842799,-3.0900779999999983
98,04/13/15 18:00,-64.842279,-3.093540000000006
98,04/14/15 00:00,-64.843673,-3.0921700000000008
98,04/14/15 06:00,-64.844795,-3.091616999999999
98,04/14/15 12:00,-64.843745,-3.088653000000006
98,04/14/15 18:00,-64.845802,-3.0907899999999984
98,04/15/15 00:00,-64.84456964961738,-3.091301336539569
98,04/15/15 06:00,-64.846417,-3.090679999999993
98,04/15/15 12:00,-64.84459290244656,-3.091256084156748
98,04/15/15 18:00,-64.845925,-3.0906260000000065
98,04/17/15 06:00,-64.853698,-3.0919489999999943
98,04/17/15 12:00,-64.851358,-3.0867310000000026
98,04/17/15 18:00,-64.850877,-3.087068000000004
98,04/18/15 00:00,-64.850999,-3.087282000000003
98,04/18/15 06:00,-64.84464231540083,-3.0933357399660872
98,04/18/15 12:00,-64.861964,-3.086445999999998
98,04/18/15 18:00,-64.84483836418369,-3.09324497387889
98,04/19/15 00:00,-64.861206,-3.0872349999999997
98,04/19/15 06:00,-64.856487,-3.085792
98,04/19/15 12:00,-64.857677,-3.0867399999999923
98,04/19/15 18:00,-64.84504774951677,-3.0932265233087928
98,04/20/15 00:00,-64.870532,-3.083667000000003
98,04/20/15 06:00,-64.871557,-3.0843799999999977
98,04/20/15 12:00,-64.84506464655428,-3.0932445784919573
98,04/20/15 18:00,-64.870448,-3.084170999999993
98,04/21/15 00:00,-64.84510852881742,-3.093262586518829
98,04/21/15 06:00,-64.870806,-3.084790000000006
98,04/21/15 12:00,-64.870922,-3.072094
98,04/21/15 18:00,-64.871313,-3.084011000000006
98,04/22/15 00:00,-64.871037,-3.0846500000000017
98,04/22/15 06:00,-64.87149,-3.084457999999997
98,04/22/15 12:00,-64.871352,-3.084588000000005
98,04/22/15 18:00,-64.871103,-3.0842490000000047
98,04/23/15 00:00,-64.871276,-3.0847879999999988
98,04/23/15 06:00,-64.87862,-3.090323999999997
98,04/23/15 12:00,-64.871282,-3.084689
98,04/23/15 18:00,-64.871371,-3.084495000000005
98,04/24/15 00:00,-64.873532,-3.0852859999999995
98,04/24/15 06:00,-64.84502635494239,-3.0932084759838654
98,04/24/15 12:00,-64.871297,-3.0846940000000043
98,04/24/15 18:00,-64.8449069513165,-3.0930820916436668
98,04/25/15 00:00,-64.8448444541869,-3.093027946701417
98,04/25/15 06:00,-64.841972,-3.098755
98,04/25/15 12:00,-64.84494816300061,-3.093018723152176
98,04/25/15 18:00,-64.84489926792017,-3.093027850935299
98,04/26/15 00:00,-64.856245,-3.091888000000004
98,04/26/15 06:00,-64.855938,-3.0911499999999927
98,04/26/15 12:00,-64.84488694659393,-3.093054999528884
98,04/26/15 18:00,-64.84483713005596,-3.093018917141569
98,04/27/15 00:00,-64.849684,-3.073861999999993
98,04/27/15 06:00,-64.846004,-3.083907000000002
98,04/27/15 12:00,-64.84474785092986,-3.093082369609144
98,04/27/15 18:00,-64.857124,-3.091475999999993
98,04/28/15 00:00,-64.857024,-3.091067000000003
98,04/28/15 06:00,-64.8448228410551,-3.093046069173011
98,04/28/15 12:00,-64.842142,-3.0844369999999994
98,04/28/15 18:00,-64.84478230068872,-3.0930099705754555
98,04/29/15 00:00,-64.84475865735355,-3.09299192716834
98,04/29/15 06:00,-64.846264,-3.082891000000006
98,04/29/15 12:00,-64.847703,-3.0828709999999973
98,04/29/15 18:00,-64.84473485797966,-3.0930462228830664
98,04/30/15 00:00,-64.847522,-3.094406999999998
98,04/30/15 06:00,-64.847483,-3.094466999999995
98,04/30/15 12:00,-64.846081,-3.094931000000002
98,04/30/15 18:00,-64.844201,-3.098394999999995
98,05/01/15 00:00,-64.845608,-3.094196000000002
98,05/01/15 06:00,-64.84494444621666,-3.0929825602252112
98,05/01/15 12:00,-64.84482688553554,-3.0929465961929754
98,05/01/15 18:00,-64.845611,-3.094626
98,05/02/15 00:00,-64.84472508186626,-3.092919646973171
98,05/02/15 06:00,-64.82478,-3.0953189999999915
98,05/02/15 12:00,-64.84470026725644,-3.092874478539612
98,05/02/15 18:00,-64.826576,-3.093910999999994
98,05/03/15 00:00,-64.84475114564167,-3.092874389660456
98,05/03/15 06:00,-64.84464431351,-3.092865533925293
98,05/03/15 12:00,-64.831422,-3.102018999999998
98,05/03/15 18:00,-64.831347,-3.1021630000000044
98,05/04/15 00:00,-64.84481626613162,-3.0928200217629125
98,05/04/15 06:00,-64.84459827603307,-3.0927390213449764
98,05/04/15 12:00,-64.80380000000001,-3.116226000000001
98,05/04/15 18:00,-64.804248,-3.116204999999995
98,05/05/15 00:00,-64.84468838281705,-3.092666525099329
98,05/05/15 06:00,-64.80799700000001,-3.121769999999998
98,05/05/15 12:00,-64.807798,-3.121909000000001
98,05/05/15 18:00,-64.805181,-3.1119669999999986
98,05/06/15 00:00,-64.805694,-3.093206000000007
98,05/06/15 06:00,-64.804433,-3.093518000000002
98,05/06/15 12:00,-64.804754,-3.093481999999994
98,05/06/15 18:00,-64.84442727586732,-3.0926850658693
98,05/07/15 00:00,-64.804916,-3.0953410000000026
98,05/07/15 06:00,-64.803829,-3.1093009999999923
98,05/07/15 12:00,-64.84483686402514,-3.0927024351538077
98,05/07/15 18:00,-64.8449036708111,-3.0924853019150285
98,05/08/15 00:00,-64.812423,-3.1130049999999945
98,05/09/15 02:01,-64.816568,-3.1149640000000063
98,05/11/15 04:02,-64.82089,-3.1168490000000064
98,05/12/15 05:00,-64.822067,-3.1172379999999977
98,05/12/15 10:00,-64.820484,-3.1165400000000067
98,05/12/15 15:00,-64.821057,-3.114738000000004
98,05/12/15 20:00,-64.82113436010673,-3.116344431855997
98,05/13/15 01:00,-64.821837,-3.114759999999998
98,05/13/15 06:00,-64.818337,-3.121917999999994
98,05/13/15 11:00,-64.82115897304233,-3.116272049313978
98,05/13/15 16:00,-64.819404,-3.118610000000007
98,05/13/15 21:00,-64.821276,-3.1147360000000046
98,05/14/15 02:00,-64.822845,-3.113237999999993
98,05/14/15 07:00,-64.82116604733771,-3.11629916443748
98,05/14/15 12:00,-64.82116743731869,-3.1162901195504493
98,05/14/15 17:00,-64.82117221612008,-3.1162901112469155
98,05/14/15 22:00,-64.823712,-3.112545999999996
98,05/15/15 03:00,-64.82117743274351,-3.116217762408325
98,05/15/15 08:00,-64.821533,-3.116373999999994
98,05/16/15 12:00,-64.820969,-3.115652999999997
98,05/16/15 18:00,-64.85143798785003,-3.0948881672543505
98,05/17/15 00:00,-64.836945,-3.101977
98,05/17/15 06:00,-64.83677,-3.1020170000000014
98,05/17/15 12:00,-64.839915,-3.0933079999999924
98,05/17/15 18:00,-64.85200453343555,-3.094643030547399
98,05/18/15 00:00,-64.858345,-3.0881169999999987
98,05/18/15 06:00,-64.85205997203005,-3.0946791025375675
98,05/18/15 12:00,-64.85212353098606,-3.094697075635068
98,05/18/15 18:00,-64.870337,-3.093243999999998
98,05/19/15 00:00,-64.869973,-3.0930310000000025
98,05/19/15 06:00,-64.85211797189221,-3.09473325466444
98,05/19/15 12:00,-64.857012,-3.0904289999999968
98,05/19/15 18:00,-64.857187,-3.0905139999999967
98,05/20/15 00:00,-64.85207207483312,-3.0946881236173525
98,05/20/15 06:00,-64.857086,-3.091018999999994
98,05/20/15 12:00,-64.856214,-3.0913349999999995
98,05/20/15 18:00,-64.855048,-3.091333000000001
98,05/21/15 00:00,-64.856913,-3.091072000000004
98,05/21/15 06:00,-64.85612,-3.0913329999999943
98,05/21/15 12:00,-64.85621,-3.091107000000001
98,05/21/15 18:00,-64.85709,-3.0907909999999923
98,05/22/15 00:00,-64.85563,-3.0931680000000035
98,05/23/15 20:00,-64.868929,-3.094116999999996
98,05/24/15 01:00,-64.84485,-3.0907809999999976
98,05/24/15 06:00,-64.84217027042075,-3.08807739677058
98,05/24/15 11:00,-64.842947,-3.087709000000008
98,05/24/15 16:00,-64.8424842547748,-3.0877513245669137
98,05/24/15 21:00,-64.843477,-3.088049999999998
98,05/25/15 02:00,-64.84261255933941,-3.087660677387671
98,05/25/15 07:00,-64.844888,-3.0907670000000027
98,05/25/15 12:00,-64.844906,-3.090788000000008
98,05/25/15 17:00,-64.845094,-3.090691000000002
98,05/25/15 22:00,-64.844777,-3.0906279999999944
98,05/26/15 03:00,-64.844971,-3.0908380000000077
98,05/26/15 08:00,-64.84235,-3.092137000000001
98,05/26/15 13:00,-64.842256,-3.092222999999992
98,05/26/15 18:00,-64.842342,-3.092145000000007
98,05/26/15 23:00,-64.842391,-3.092309999999997
98,05/27/15 04:00,-64.843307,-3.0997379999999928
98,05/27/15 09:00,-64.84282934643784,-3.087533706595416
98,05/27/15 14:00,-64.841734,-3.0992770000000043
98,05/27/15 19:00,-64.839828,-3.095385999999998
98,05/28/15 00:00,-64.83959,-3.0953399999999944
98,05/28/15 05:00,-64.84284085574231,-3.087524644178293
98,05/28/15 10:00,-64.849923,-3.095237999999994
98,05/28/15 15:00,-64.84282480215425,-3.0875065874114784
98,05/28/15 20:00,-64.84277192512943,-3.087488594791739
98,05/29/15 01:00,-64.84272107811802,-3.08750676810155
98,05/29/15 06:00,-64.84697,-3.098021000000001
98,05/29/15 11:00,-64.845149,-3.0991339999999914
98,05/29/15 16:00,-64.846495,-3.0970799999999925
98,05/29/15 21:00,-64.84288392562308,-3.0875607386114434
98,05/30/15 02:00,-64.846588,-3.0963539999999976
98,05/30/15 07:00,-64.84286145361597,-3.087569820127732
98,05/30/15 12:00,-64.846759,-3.096836000000004
98,05/30/15 17:00,-64.846658,-3.0968750000000007
98,05/30/15 22:00,-64.845284,-3.0979799999999917
98,05/31/15 03:00,-64.845411,-3.0974830000000053
98,05/31/15 08:00,-64.854466,-3.0934899999999934
98,05/31/15 13:00,-64.853939,-3.093775000000005
98,05/31/15 18:00,-64.84287947487057,-3.0875878734650137
98,05/31/15 23:00,-64.845453,-3.0979830000000046
98,06/01/15 04:00,-64.842841121249,-3.087515601349003
98,06/01/15 09:00,-64.84276881749756,-3.0874795578381544
98,06/01/15 14:00,-64.84270026150406,-3.0874977619959574
98,06/01/15 19:00,-64.845391,-3.0977990000000006
98,06/02/15 00:00,-64.845778,-3.0976339999999984
98,06/02/15 05:00,-64.84282286566587,-3.0875246755186767
98,06/02/15 10:00,-64.84273880268762,-3.0875157795928647
98,06/02/15 15:00,-64.845913,-3.097361000000004
98,06/02/15 20:00,-64.84547200000002,-3.097569999999994
98,06/03/15 01:00,-64.84277904602939,-3.0875428365894027
98,06/03/15 06:00,-64.842469,-3.093711999999993
98,06/03/15 11:00,-64.84266,-3.093727
98,06/03/15 16:00,-64.842616,-3.0936560000000077
98,06/03/15 21:00,-64.841287,-3.0913039999999974
98,06/04/15 02:00,-64.84269176630805,-3.087461607324089
98,06/04/15 07:00,-64.83246,-3.0948349999999936
98,06/04/15 12:00,-64.83246,-3.0947789999999915
98,06/04/15 17:00,-64.832457,-3.0946850000000063
98,06/04/15 22:00,-64.835367,-3.095423999999997
98,06/05/15 03:00,-64.837829,-3.0960650000000007
98,06/05/15 08:00,-64.837916,-3.0958989999999926
98,06/05/15 13:00,-64.837458,-3.096045
98,06/05/15 18:00,-64.84289206178761,-3.0875516820704045
98,06/05/15 23:00,-64.846258,-3.0968869999999984
98,06/06/15 04:00,-64.866076,-3.0897300000000056
98,06/06/15 09:00,-64.84291437741238,-3.087614939757259
98,06/06/15 14:00,-64.84287218199067,-3.087596928537032
98,06/06/15 19:00,-64.865571,-3.0953859999999973
98,06/07/15 00:00,-64.840634,-3.1028509999999927
98,06/07/15 05:00,-64.84287608614223,-3.087578837002196
98,06/07/15 10:00,-64.840127,-3.101548
98,06/07/15 15:00,-64.844103,-3.0991869999999944
98,06/07/15 20:00,-64.84298290222067,-3.0875786509055576
98,06/08/15 01:00,-64.84296132026927,-3.087614857971356
98,06/08/15 06:00,-64.866507,-3.095448999999993
98,06/08/15 11:00,-64.867664,-3.094342999999997
98,06/08/15 16:00,-64.84297353207242,-3.087687175623547
98,06/08/15 21:00,-64.84294678128073,-3.0876600951330264
98,06/09/15 02:00,-64.868871,-3.092004000000001
98,06/09/15 07:00,-64.84294712473557,-3.0876962639993883
98,06/09/15 12:00,-64.84297048679865,-3.087714308027579
98,06/09/15 17:00,-64.869188,-3.090393999999996
98,06/09/15 22:00,-64.869636,-3.090660000000001
98,06/10/15 03:00,-64.869162,-3.09041
98,06/10/15 08:00,-64.84296856590505,-3.0877414384726265
98,06/10/15 13:00,-64.84294965459033,-3.087696259591623
98,06/10/15 18:00,-64.866843,-3.0872610000000047
98,06/10/15 23:00,-64.84294468842191,-3.087750522441337
98,06/11/15 04:00,-64.857491,-3.0846479999999925
98,06/11/15 09:00,-64.858964,-3.0862419999999924
98,06/11/15 14:00,-64.858922,-3.0862310000000024
98,06/11/15 19:00,-64.861079,-3.0863229999999957
98,06/12/15 00:00,-64.86376,-3.0879900000000067
98,06/12/15 05:00,-64.866615,-3.0892270000000037
98,06/12/15 10:00,-64.869354,-3.0903489999999945
98,06/12/15 15:00,-64.869229,-3.090437999999993
98,06/12/15 20:00,-64.866568,-3.086242999999993
98,06/13/15 01:00,-64.870821,-3.0844630000000026
98,06/13/15 06:00,-64.870691,-3.084611
98,06/13/15 11:00,-64.84293553701072,-3.0878228773158938
98,06/13/15 16:00,-64.84293688012364,-3.0877867055108217
98,06/13/15 21:00,-64.868285,-3.0730600000000003
98,06/14/15 02:00,-64.865117,-3.072201000000005
98,06/14/15 07:00,-64.864808,-3.072398000000003
98,06/14/15 12:00,-64.865224,-3.071698999999994
98,06/14/15 17:00,-64.863757,-3.071077999999998
98,06/14/15 22:00,-64.84267226059563,-3.0877238699617635
98,06/15/15 03:00,-64.84274634497339,-3.087651401962534
98,06/15/15 08:00,-64.84283406219743,-3.087660291514965
98,06/15/15 13:00,-64.866621,-3.086108000000004
98,06/15/15 18:00,-64.84297003374226,-3.0877776053793875
98,06/15/15 23:00,-64.866351,-3.095537000000004
98,06/16/15 04:00,-64.863243,-3.0948399999999947
98,06/16/15 09:00,-64.862972,-3.094892000000001
98,06/16/15 14:00,-64.862765,-3.093533000000002
98,06/16/15 19:00,-64.86492300000002,-3.093394
98,06/17/15 00:00,-64.865175,-3.0936899999999947
98,06/17/15 05:00,-64.84316464501866,-3.087831520467857
98,06/17/15 10:00,-64.87219,-3.091800999999997
98,06/17/15 15:00,-64.870921,-3.0911149999999963
98,06/17/15 20:00,-64.84300757574398,-3.087705201039849
98,06/18/15 01:00,-64.84296697334794,-3.0876329328543664
98,06/18/15 06:00,-64.84297940388618,-3.087669080660913
98,06/18/15 11:00,-64.862954,-3.096599999999992
98,06/18/15 16:00,-64.861361,-3.097526999999995
98,06/18/15 21:00,-64.864463,-3.0922060000000005
98,06/19/15 02:00,-64.864603,-3.0923830000000008
98,06/19/15 07:00,-64.84321502339039,-3.087867602137511
98,06/19/15 12:00,-64.869563,-3.090190999999994
98,06/19/15 17:00,-64.873593,-3.090807000000003
98,06/19/15 22:00,-64.875398,-3.0905579999999944
98,06/20/15 03:00,-64.877502,-3.0845829999999976
98,06/20/15 08:00,-64.84306123324933,-3.0878497853972684
98,06/20/15 13:00,-64.84308365848105,-3.0878135768593444
98,06/20/15 18:00,-64.876727,-3.0821030000000014
98,06/20/15 23:00,-64.871049,-3.087776999999995
98,06/21/15 04:00,-64.867218,-3.090580999999998
98,06/21/15 09:00,-64.84305934354389,-3.087895000518008
98,06/21/15 14:00,-64.869664,-3.0902550000000044
98,06/21/15 19:00,-64.869272,-3.090832000000006
98,06/22/15 00:00,-64.858238,-3.079693999999992
98,06/22/15 05:00,-64.85664,-3.081365000000007
98,06/22/15 10:00,-64.85587600000001,-3.0817899999999936
98,06/22/15 15:00,-64.84276299193127,-3.0876875424305226
98,06/22/15 20:00,-64.84274464281533,-3.08764236256061
98,06/23/15 01:00,-64.853465,-3.074593000000005
98,06/23/15 06:00,-64.84269977673148,-3.087705737291936
98,06/23/15 11:00,-64.856634,-3.077272000000001
98,06/23/15 16:00,-64.857665,-3.0778859999999915
98,06/23/15 21:00,-64.857964,-3.077977000000004
98,06/24/15 02:00,-64.857619,-3.077906000000003
98,06/24/15 07:00,-64.857749,-3.0779030000000045
98,06/24/15 12:00,-64.84257857801587,-3.08767882131742
98,06/24/15 17:00,-64.84253094826578,-3.087606565338033
98,06/24/15 22:00,-64.841739,-3.0777560000000053
98,06/25/15 03:00,-64.842121,-3.077699000000002
98,06/25/15 08:00,-64.84230700000002,-3.0775920000000028
98,06/25/15 13:00,-64.843642,-3.074836000000006
98,06/25/15 18:00,-64.84283500000001,-3.074484999999997
98,06/25/15 23:00,-64.836465,-3.066745000000005
98,06/26/15 04:00,-64.838476,-3.0647300000000075
98,06/26/15 09:00,-64.838311,-3.0629670000000075
98,06/26/15 14:00,-64.838264,-3.063030999999995
98,06/26/15 19:00,-64.839803,-3.062739000000005
98,06/27/15 00:00,-64.840443,-3.061303000000005
98,06/27/15 05:00,-64.84214367720881,-3.087652451688278
98,06/27/15 10:00,-64.839644,-3.0604109999999984
98,06/27/15 15:00,-64.839588,-3.0603319999999994
98,06/27/15 20:00,-64.841245,-3.0607519999999973
98,06/28/15 01:00,-64.8416,-3.061097
98,06/28/15 06:00,-64.841258,-3.0610380000000057
98,06/28/15 11:00,-64.841286,-3.061123000000006
98,06/28/15 16:00,-64.841254,-3.061164999999995
98,06/28/15 21:00,-64.84221035907808,-3.0876885050385297
98,06/29/15 02:00,-64.844773,-3.0739270000000043
98,06/29/15 07:00,-64.844575,-3.0739679999999927
98,06/29/15 12:00,-64.844891,-3.073980000000001
98,06/29/15 17:00,-64.84233552488294,-3.0875707362417857
98,06/29/15 22:00,-64.833974,-3.0843129999999963
98,06/30/15 03:00,-64.831943,-3.0832249999999983
98,06/30/15 08:00,-64.831297,-3.0829569999999973
98,06/30/15 13:00,-64.831279,-3.083212
98,06/30/15 18:00,-64.84244493375533,-3.0874439525215145
98,06/30/15 23:00,-64.831436,-3.082847999999995
98,07/01/15 04:00,-64.84243337769213,-3.087425887910759
98,07/01/15 09:00,-64.826886,-3.083136000000003
98,07/01/15 14:00,-64.84247722850876,-3.0874258115366207
98,07/01/15 19:00,-64.84244149827784,-3.0874077890298284
98,07/02/15 00:00,-64.84233911737019,-3.0873717978601003
98,07/02/15 05:00,-64.825765,-3.0871580000000005
98,07/02/15 10:00,-64.825781,-3.087066
98,07/02/15 15:00,-64.825757,-3.0872120000000027
98,07/02/15 20:00,-64.825755,-3.087381000000005
98,07/03/15 01:00,-64.823108,-3.083458999999998
98,07/03/15 06:00,-64.823261,-3.0835449999999995
98,07/03/15 11:00,-64.823195,-3.0835860000000053
98,07/03/15 16:00,-64.822941,-3.083630000000004
98,07/03/15 21:00,-64.824323,-3.0807510000000007
98,07/04/15 02:00,-64.824316,-3.081403000000008
98,07/04/15 07:00,-64.824411,-3.081472000000001
98,07/04/15 12:00,-64.825016,-3.0809069999999936
98,07/04/15 17:00,-64.824533,-3.081332000000008
98,07/04/15 22:00,-64.82441400000002,-3.081389000000002
98,07/05/15 03:00,-64.822394,-3.0797289999999995
98,07/05/15 08:00,-64.822113,-3.079761000000002
98,07/05/15 13:00,-64.822226,-3.079683000000006
98,07/05/15 18:00,-64.819917,-3.0792539999999984
98,07/05/15 23:00,-64.820366,-3.0790420000000056
98,07/06/15 04:00,-64.84214138293491,-3.0872998032415317
98,07/06/15 09:00,-64.820045,-3.078332999999994
98,07/06/15 14:00,-64.820007,-3.0783849999999933
98,07/06/15 19:00,-64.819959,-3.078395000000007
98,07/07/15 00:00,-64.819982,-3.078191999999996
98,07/07/15 05:00,-64.820691,-3.081028000000002
98,07/07/15 10:00,-64.821517,-3.0816540000000074
98,07/07/15 15:00,-64.821451,-3.081653000000008
98,07/07/15 20:00,-64.827826,-3.0802249999999933
98,07/08/15 01:00,-64.827278,-3.0760540000000067
98,07/08/15 06:00,-64.824047,-3.074256999999994
98,07/08/15 11:00,-64.824023,-3.074381000000004
98,07/08/15 16:00,-64.824456,-3.072954999999993
98,07/08/15 21:00,-64.821641,-3.0730270000000037
98,07/09/15 02:00,-64.818884,-3.0754109999999906
98,07/09/15 07:00,-64.819541,-3.078600999999998
98,07/09/15 12:00,-64.819407,-3.0785399999999927
98,07/09/15 17:00,-64.819462,-3.078542000000001
98,07/09/15 22:00,-64.827439,-3.0883380000000025
98,07/10/15 03:00,-64.84246340810132,-3.087398708501495
98,07/10/15 08:00,-64.84247265306631,-3.087380607662456
98,07/10/15 13:00,-64.84239980271789,-3.0873536074343133
98,07/10/15 18:00,-64.827825,-3.1017920000000045
98,07/10/15 23:00,-64.828184,-3.1025279999999915
98,07/11/15 04:00,-64.822389,-3.100765999999993
98,07/11/15 09:00,-64.822255,-3.1006930000000072
98,07/11/15 14:00,-64.822447,-3.100699000000006
98,07/11/15 19:00,-64.8424889259864,-3.087199731948705
98,07/12/15 00:00,-64.813355,-3.0950570000000064
98,07/12/15 05:00,-64.813413,-3.095268999999998
98,07/12/15 10:00,-64.813736,-3.095443999999998
98,07/12/15 15:00,-64.8135,-3.095279000000009
98,07/12/15 20:00,-64.813512,-3.0951869999999944
98,07/13/15 01:00,-64.84253146482288,-3.087253912073036
98,07/13/15 06:00,-64.827361,-3.108229000000008
98,07/13/15 11:00,-64.827485,-3.108992999999995
98,07/13/15 16:00,-64.828277,-3.109149000000008
98,07/13/15 21:00,-64.84278385633797,-3.087398150336772
98,07/14/15 02:00,-64.83681200000001,-3.103245
98,07/14/15 07:00,-64.836748,-3.1033380000000004
98,07/14/15 12:00,-64.834379,-3.105131000000005
98,07/14/15 17:00,-64.84288722132544,-3.087352758439664
98,07/14/15 22:00,-64.84286345401398,-3.087099613576079
98,07/15/15 03:00,-64.830233,-3.107613999999998
98,07/16/15 05:00,-64.823573,-3.110600999999999
98,07/16/15 10:00,-64.824433,-3.1101509999999988
98,07/16/15 15:00,-64.822346,-3.1143529999999973
98,07/16/15 20:00,-64.818781,-3.1181269999999945
98,07/17/15 01:00,-64.828525,-3.1091409999999957
98,07/17/15 06:00,-64.828403,-3.1087810000000005
98,07/17/15 11:00,-64.828662,-3.1089159999999945
98,07/17/15 16:00,-64.830079,-3.107087000000005
98,07/18/15 22:01,-64.836992,-3.103709000000007
98,07/19/15 03:01,-64.837277,-3.104189
98,07/19/15 13:01,-64.839726,-3.102889000000007
98,07/19/15 18:02,-64.838131,-3.1047650000000058
98,07/21/15 06:00,-64.853881,-3.093834999999997
98,07/21/15 12:00,-64.846781,-3.096933000000005
98,07/21/15 18:00,-64.846242,-3.0978030000000056
98,07/22/15 00:00,-64.847025,-3.096470999999995
98,07/22/15 06:00,-64.84829,-3.096362999999997
98,07/23/15 18:00,-64.858784,-3.091694000000001
98,07/24/15 00:00,-64.857728,-3.093865999999995
98,07/24/15 06:00,-64.85654,-3.0930949999999933
98,07/24/15 12:00,-64.85196610717138,-3.093558019666108
98,07/24/15 18:00,-64.85199526257784,-3.093512756927032
98,07/25/15 00:00,-64.854966,-3.089773000000001
98,07/25/15 06:00,-64.8519918109571,-3.0934675513855763
98,07/25/15 12:00,-64.85196787079093,-3.0934404664210704
98,07/25/15 18:00,-64.842898,-3.098644000000008
98,07/26/15 00:00,-64.846999,-3.095288000000003
98,07/26/15 06:00,-64.847458,-3.0951119999999923
98,07/26/15 12:00,-64.84778,-3.0950089999999983
98,07/26/15 18:00,-64.85208983464345,-3.093422167842605
98,07/27/15 00:00,-64.851766,-3.091559999999998
98,07/27/15 06:00,-64.85916,-3.088210999999996
98,07/28/15 06:00,-64.863059,-3.085178999999994
98,07/28/15 12:00,-64.862728,-3.0857939999999955
98,07/28/15 18:00,-64.862337,-3.090251000000003
98,07/29/15 00:00,-64.86253379706434,-3.0899677347039627
98,07/29/15 06:00,-64.861985,-3.092288000000006
98,07/29/15 12:00,-64.862003,-3.0922659999999955
98,07/29/15 18:00,-64.863372,-3.0920820000000044
98,07/31/15 00:00,-64.853849,-3.089511999999992
98,07/31/15 06:00,-64.853786,-3.0895120000000005
98,07/31/15 12:00,-64.853964,-3.089544999999997
98,07/31/15 18:00,-64.853715,-3.089759999999998
98,08/01/15 00:00,-64.84823849886664,-3.09307626556721
98,08/01/15 06:00,-64.836559,-3.1005649999999947
98,08/01/15 12:00,-64.852249,-3.090507000000008
98,08/01/15 18:00,-64.852776,-3.090038000000002
98,08/02/15 00:00,-64.84833172860849,-3.093021848351884
98,08/02/15 06:00,-64.84832804304172,-3.093003770127104
98,08/02/15 12:00,-64.84864,-3.091715999999997
98,08/02/15 18:00,-64.84833393038492,-3.0929947174840384
98,08/03/15 00:00,-64.84832491966624,-3.092985690918189
98,08/03/15 06:00,-64.849223,-3.0944009999999955
98,08/03/15 12:00,-64.84702,-3.095260000000002
98,08/03/15 18:00,-64.846258,-3.0942179999999992
98,08/04/15 00:00,-64.844715,-3.0954870000000065
98,08/04/15 06:00,-64.84834259735814,-3.0929675752997494
98,08/04/15 12:00,-64.844718,-3.0955930000000014
98,08/04/15 18:00,-64.84834119188064,-3.092967577759861
98,08/05/15 00:00,-64.846628,-3.0957129999999964
98,08/05/15 06:00,-64.84835160807663,-3.0929766018654523
98,08/05/15 12:00,-64.84833502344203,-3.0929766308948654
98,08/05/15 18:00,-64.848316486801,-3.09298570567877
98,08/06/15 00:00,-64.848013,-3.092445000000005
98,08/06/15 06:00,-64.84778,-3.0916510000000006
98,08/06/15 12:00,-64.847588,-3.0919090000000065
98,08/06/15 18:00,-64.847498,-3.091870000000001
98,08/08/15 18:00,-64.859322,-3.078381000000003
98,08/09/15 00:00,-64.85738022908187,-3.0773356775115888
98,08/09/15 06:00,-64.858906,-3.0779359999999967
98,08/09/15 12:00,-64.859083,-3.077741000000004
98,08/09/15 18:00,-64.856349,-3.0777500000000053
98,08/10/15 00:00,-64.857698,-3.076848999999993
98,08/10/15 06:00,-64.85743154326556,-3.077263249355338
98,08/10/15 12:00,-64.85742645232843,-3.0772451736771425
98,08/10/15 18:00,-64.855189,-3.0763669999999923
98,08/11/15 00:00,-64.856208,-3.075164999999993
98,08/13/15 03:02,-64.853609,-3.068235999999997
98,08/14/15 04:01,-64.854141,-3.0677990000000044
98,08/14/15 09:01,-64.854248,-3.067889000000002
98,08/15/15 12:00,-64.860258,-3.056912000000007
98,08/15/15 18:00,-64.859771,-3.0558820000000035
98,08/16/15 00:00,-64.859585,-3.055897999999999
98,08/16/15 06:00,-64.86100185440854,-3.063729749209707
98,08/16/15 12:00,-64.86061,-3.0565020000000005
98,08/16/15 18:00,-64.862181,-3.059594999999993
98,08/17/15 00:00,-64.86104592239815,-3.0636935031664163
98,08/17/15 06:00,-64.863574,-3.064501999999996
98,08/17/15 12:00,-64.863421,-3.065206999999995
98,08/17/15 18:00,-64.859219,-3.0720090000000013
98,08/18/15 00:00,-64.86105825885608,-3.0635126360826
98,08/18/15 06:00,-64.86105893029958,-3.0634131698595235
98,08/18/15 12:00,-64.86106792498927,-3.0632503931659443
98,08/18/15 18:00,-64.861651,-3.0791710000000023
98,08/20/15 00:00,-64.839791,-3.076667999999993
98,08/20/15 06:00,-64.83672046510743,-3.086495413062408
98,08/20/15 12:00,-64.837616,-3.089642999999994
98,08/20/15 18:00,-64.83679569154845,-3.086269222546564
98,08/21/15 00:00,-64.83680712328203,-3.0862149483192933
98,08/21/15 06:00,-64.837601,-3.0895210000000013
98,08/21/15 12:00,-64.83683037655926,-3.086169695971992
98,08/21/15 18:00,-64.83683178203697,-3.086169693532565
98,08/22/15 00:00,-64.83884,-3.0913700000000053
98,08/22/15 06:00,-64.8368382627651,-3.0861787246816355
98,08/22/15 12:00,-64.838631,-3.091351999999993
98,08/22/15 18:00,-64.83683171991473,-3.0861335240505743
98,08/23/15 00:00,-64.83681844630367,-3.086097377498565
98,08/23/15 06:00,-64.83680322055541,-3.08607027673151
98,08/23/15 12:00,-64.834814,-3.083432000000005
98,08/23/15 18:00,-64.835124,-3.082869000000002
98,08/24/15 00:00,-64.83679644320333,-3.0860522036988
98,08/24/15 06:00,-64.83486,-3.083335000000006
98,08/24/15 12:00,-64.83682124328888,-3.0859255670910755
98,08/24/15 18:00,-64.835169,-3.083407
98,08/25/15 20:01,-64.833101,-3.082733
98,08/26/15 01:00,-64.832212,-3.081637999999994
98,08/26/15 11:02,-64.832729,-3.081953999999995
98,08/27/15 12:00,-64.83183100000001,-3.0801169999999964
98,08/27/15 18:00,-64.831767,-3.079450000000003
98,08/28/15 00:00,-64.831795,-3.080226
98,08/28/15 06:00,-64.83128065885249,-3.0759613721009056
98,08/28/15 12:00,-64.831779,-3.0798309999999987
98,08/28/15 18:00,-64.831621,-3.0735820000000063
98,08/29/15 00:00,-64.831714,-3.073427000000007
98,08/29/15 06:00,-64.831599,-3.0736519999999947
98,08/29/15 12:00,-64.831783,-3.0734699999999973
98,08/29/15 18:00,-64.83173,-3.0733230000000047
98,08/30/15 00:00,-64.831651,-3.073419999999995
98,08/30/15 06:00,-64.83127023084027,-3.0757805415430504
98,08/30/15 12:00,-64.828084,-3.073431000000007
98,08/30/15 18:00,-64.830808,-3.0732699999999915
98,09/01/15 02:01,-64.815167,-3.076491
98,09/01/15 07:02,-64.813646,-3.087815999999997
98,09/01/15 12:02,-64.813722,-3.0876439999999925
98,09/03/15 18:00,-64.818883,-3.090902999999992
98,09/04/15 00:00,-64.818832,-3.091048999999994
98,09/04/15 06:00,-64.84035681817004,-3.07394731334052
98,09/04/15 12:00,-64.84043471369824,-3.073802500315556
98,09/04/15 18:00,-64.832512,-3.092246000000008
98,09/05/15 00:00,-64.847526,-3.079876999999996
98,09/05/15 06:00,-64.850335,-3.0784589999999987
98,09/05/15 12:00,-64.84081496875585,-3.0737656720825486
98,09/05/15 18:00,-64.858231,-3.0474269999999977
98,09/06/15 00:00,-64.84067753043115,-3.073774952559928
98,09/06/15 06:00,-64.850768,-3.065656
98,09/06/15 12:00,-64.853145,-3.0672529999999973
98,09/06/15 18:00,-64.845585,-3.069866999999996
98,09/07/15 00:00,-64.836489,-3.058725999999996
98,09/07/15 06:00,-64.84063163708703,-3.0735670573196465
98,09/07/15 12:00,-64.84063321514418,-3.0735037579254807
98,09/07/15 18:00,-64.842987,-3.064544
98,09/08/15 00:00,-64.8407708457585,-3.0731146972051224
98,09/08/15 06:00,-64.841908,-3.0628239999999995
98,09/09/15 15:02,-64.842131,-3.072226000000004
98,09/10/15 21:02,-64.855132,-3.048623999999992
98,09/12/15 08:01,-64.855168,-3.048788999999997
98,09/13/15 06:00,-64.851631,-3.0498380000000003
98,09/13/15 12:00,-64.851683,-3.0722340000000044
98,09/13/15 18:00,-64.852066,-3.0720520000000024
98,09/14/15 00:00,-64.85488535533212,-3.078850106049784
98,09/14/15 06:00,-64.85492303660203,-3.0786963209499563
98,09/14/15 12:00,-64.851939,-3.0787160000000027
98,09/14/15 18:00,-64.852053,-3.086776000000005
98,09/15/15 00:00,-64.85504715351583,-3.078623765472829
98,09/15/15 06:00,-64.85712,-3.0890910000000065
98,09/15/15 12:00,-64.85756,-3.0891150000000063
98,09/15/15 18:00,-64.85511483377705,-3.078587477902011
98,09/16/15 00:00,-64.85512390636558,-3.0784699120657923
98,09/16/15 06:00,-64.85518871258941,-3.078234698809009
98,09/16/15 12:00,-64.869146,-3.0824229999999995
98,09/17/15 18:01,-64.864596,-3.076187999999991
98,09/17/15 23:02,-64.865727,-3.068502000000004
98,09/19/15 00:00,-64.885503,-3.0588760000000046
98,09/19/15 06:00,-64.87470386604026,-3.059003792701049
98,09/19/15 12:00,-64.87480381796263,-3.0586148022755637
98,09/19/15 18:00,-64.87485953170824,-3.0583253538271933
98,09/20/15 00:00,-64.874448,-3.0366779999999944
98,09/20/15 06:00,-64.868033,-3.054760999999997
98,09/20/15 12:00,-64.87502887620475,-3.057592637793541
98,09/20/15 18:00,-64.87372,-3.076940000000004
98,09/22/15 03:01,-64.883034,-3.026808000000001
98,09/22/15 08:02,-64.884338,-3.0272010000000016
98,09/22/15 18:01,-64.868271,-3.059954999999995
98,09/24/15 00:00,-64.865061,-3.0618559999999944
98,09/24/15 05:00,-64.864539,-3.059502000000006
98,09/24/15 10:00,-64.86593553656584,-3.0546607872493183
98,09/24/15 15:00,-64.864756,-3.0590649999999986
98,09/24/15 20:00,-64.867356,-3.045733000000001
98,09/25/15 01:00,-64.867726,-3.049677000000007
98,09/25/15 06:00,-64.86677,-3.0476850000000075
98,09/25/15 11:00,-64.866738,-3.047327000000001
98,09/25/15 16:00,-64.86597365454483,-3.054271903824844
98,09/25/15 21:00,-64.865369,-3.060287000000005
98,09/27/15 18:02,-64.866724,-3.065621000000006
98,09/27/15 23:01,-64.862829,-3.069634999999993
98,09/28/15 09:03,-64.862555,-3.0696820000000016
98,09/29/15 15:02,-64.86201800000002,-3.0692830000000018
98,09/29/15 20:02,-64.862185,-3.072682000000003
98,09/30/15 06:01,-64.877151,-3.086849000000002
98,09/30/15 11:01,-64.87752,-3.0868949999999997
98,10/01/15 12:01,-64.867228,-3.076300000000002
98,10/01/15 22:02,-64.87767,-3.078089000000002
98,10/02/15 03:00,-64.877696,-3.077895999999999
98,10/03/15 12:00,-64.877102,-3.0752089999999965
98,10/03/15 18:00,-64.85857747275688,-3.0929134417118496
98,10/04/15 00:00,-64.879556,-3.079201999999999
98,10/04/15 06:00,-64.85901177357759,-3.0925961973152543
98,10/04/15 12:00,-64.85920193222881,-3.0925144820245385
98,10/04/15 18:00,-64.874493,-3.0889140000000075
98,10/05/15 00:00,-64.875621,-3.0904100000000057
98,10/05/15 06:00,-64.875209,-3.0903329999999944
98,10/05/15 12:00,-64.85936972691131,-3.0923423832732246
98,10/05/15 18:00,-64.85933080998083,-3.0922701135298665
98,10/06/15 00:00,-64.85925681936823,-3.092234074650842
98,10/06/15 06:00,-64.852722,-3.097060999999992
98,10/06/15 12:00,-64.852392,-3.096720000000007
98,10/06/15 18:00,-64.856544,-3.0953159999999937
98,10/07/15 00:00,-64.853192,-3.0909720000000016
98,10/07/15 06:00,-64.853104,-3.091270000000001
98,10/07/15 12:00,-64.853679,-3.0903300000000025
98,10/07/15 18:00,-64.85921139004864,-3.092134689511976
98,10/08/15 00:00,-64.826181,-3.1083819999999998
98,10/08/15 06:00,-64.85941816462106,-3.0920710295567617
98,10/08/15 12:00,-64.85947552100605,-3.091917209807733
98,10/08/15 18:00,-64.853717,-3.0967039999999946
98,10/09/15 20:02,-64.835683,-3.103060000000006
98,10/11/15 12:00,-64.829369,-3.097416
98,10/11/15 18:00,-64.82200325375038,-3.081339519125466
98,10/12/15 00:00,-64.817779,-3.094536000000005
98,10/12/15 06:00,-64.8223978336509,-3.08079629252425
98,10/12/15 12:00,-64.81466500000002,-3.079873999999996
98,10/12/15 18:00,-64.814471,-3.074394999999996
98,10/13/15 00:00,-64.82248729228114,-3.080506779677383
98,10/13/15 06:00,-64.80312,-3.0937450000000077
98,10/13/15 12:00,-64.811116,-3.089319000000006
98,10/13/15 18:00,-64.82270243863196,-3.08056970711781
98,10/14/15 00:00,-64.816648,-3.072992000000007
98,10/14/15 06:00,-64.840722,-3.0637159999999937
98,10/14/15 12:00,-64.840651,-3.064049999999992
98,10/14/15 18:00,-64.84725300000001,-3.0648609999999943
98,10/16/15 12:00,-64.864378,-3.0709590000000007
98,10/16/15 18:00,-64.86753511827871,-3.07359245323445
98,10/17/15 00:00,-64.865947,-3.072403000000008
98,10/17/15 06:00,-64.865976,-3.0726120000000074
98,10/17/15 12:00,-64.86775634772584,-3.073438346290986
98,10/17/15 18:00,-64.866828,-3.076374999999996
98,10/18/15 00:00,-64.866942,-3.0767709999999973
98,10/18/15 06:00,-64.867124,-3.0766609999999983
98,10/18/15 12:00,-64.86784788780675,-3.0733839319462093
98,10/18/15 18:00,-64.86481,-3.0719069999999973
98,10/19/15 00:00,-64.864728,-3.071925000000002
98,10/19/15 06:00,-64.866683,-3.076562000000004
98,10/19/15 12:00,-64.864777,-3.071972999999994
98,10/19/15 18:00,-64.86785489926028,-3.073374877381227
98,10/20/15 00:00,-64.867843390411,-3.073383939851284
98,10/20/15 06:00,-64.867548,-3.077224
98,10/20/15 12:00,-64.86788867691045,-3.073401944731776
98,10/20/15 18:00,-64.86789373648061,-3.0734019358382976
98,10/21/15 00:00,-64.8679375860881,-3.073401858760478
98,10/21/15 06:00,-64.881932,-3.069494000000001
98,10/21/15 12:00,-64.87864,-3.065824000000004
98,10/22/15 18:02,-64.89209,-3.0600489999999967
98,10/23/15 14:02,-64.890947,-3.0589730000000035
98,10/24/15 20:01,-64.84063,-3.0748400000000005
98,10/27/15 05:00,-64.844205,-3.061674000000001
98,10/27/15 10:00,-64.844046,-3.0617909999999937
98,10/27/15 15:00,-64.839788,-3.0597200000000004
98,10/27/15 20:00,-64.84097752324728,-3.060834788054849
98,10/28/15 01:00,-64.8409887204643,-3.0608076415949714
98,10/28/15 06:00,-64.838912,-3.060263999999997
98,10/28/15 11:00,-64.838929,-3.060334000000006
98,11/09/15 11:02,-64.852288,-3.050581999999996
