97,2014-10-21 16:16:00,-64.914479,-2.984805
97,2014-10-21 17:16:00,-64.870706,-3.02978
97,2014-10-21 22:03:00,-64.870105,-3.03021
97,2014-10-22 04:02:00,-64.870019,-3.030381
97,2014-10-22 10:00:00,-64.870019,-3.030982
97,2014-10-22 22:01:00,-64.863667,-3.032012
97,2014-10-23 10:02:00,-64.86341,-3.03184
97,2014-10-23 16:00:00,-64.863753,-3.032012
97,2014-10-31 10:00:00,-64.882722,-2.994418
97,2014-10-31 16:00:00,-64.882722,-2.994418
97,2014-10-31 22:00:00,-64.882722,-2.994418
97,2014-11-01 04:00:00,-64.88255,-2.994332
97,2014-11-01 10:00:00,-64.882636,-2.994332
97,2014-11-01 16:00:00,-64.882722,-2.994246
97,2014-11-09 22:01:00,-64.837918,-3.035274
97,2014-11-10 04:00:00,-64.855514,-3.018365
97,2014-11-10 16:00:00,-64.873023,-3.01785
97,2014-11-11 04:02:00,-64.880576,-3.001542
97,2014-11-11 10:00:00,-64.880748,-3.001542
97,2014-11-11 16:00:00,-64.880919,-3.001285
97,2014-11-26 10:00:00,-64.896111,-3.002315
97,2014-11-26 16:00:00,-64.892678,-3.009353
97,2014-11-27 04:01:00,-64.872766,-3.030124
97,2014-11-27 10:00:00,-64.879546,-3.034244
97,2014-11-27 16:01:00,-64.877143,-3.03493
97,2014-11-28 04:00:00,-64.86547,-3.033214
97,2014-11-30 10:01:00,-64.892507,-3.002057
97,2014-11-30 16:01:00,-64.891992,-3.004117
97,2014-11-30 22:02:00,-64.891648,-3.003774
97,2014-12-01 04:01:00,-64.888215,-3.01064
97,2014-12-01 10:00:00,-64.892077,-3.004117
97,2014-12-01 16:01:00,-64.891562,-3.005147
97,2014-12-03 22:00:00,-64.889588,-3.007121
97,2014-12-07 16:01:00,-64.892249,-2.999911
97,2014-12-07 22:02:00,-64.892592,-3.005404
97,2015-02-10 16:01:00,-64.876885,-2.97399
97,2015-02-10 22:03:00,-64.875855,-2.974162
97,2015-02-11 04:02:00,-64.876027,-2.974763
97,2015-02-11 10:02:00,-64.877572,-2.974505
97,2015-02-11 16:01:00,-64.8768,-2.973905
97,2015-02-11 22:01:00,-64.867787,-2.991757
97,2015-04-21 16:01:00,-64.905982,-2.970386
97,2015-04-21 22:01:00,-64.905725,-2.970729
97,2015-04-22 04:02:00,-64.914222,-2.979827
97,2015-04-22 10:01:00,-64.915423,-2.972274
97,2015-04-22 16:00:00,-64.915423,-2.972274
97,2015-04-22 22:00:00,-64.915338,-2.972188
97,2015-05-02 04:00:00,-64.901261,-2.94395
97,2015-05-02 10:01:00,-64.89594,-2.954335
97,2015-05-02 16:00:00,-64.89491,-2.954936
97,2015-05-02 22:00:00,-64.894996,-2.954936
97,2015-05-03 04:00:00,-64.889245,-2.959914
97,2015-05-03 10:00:00,-64.874053,-2.965665
97,2015-05-03 16:00:00,-64.871478,-2.96515
97,2015-05-19 16:00:00,-64.894052,-2.991672
97,2015-05-19 22:00:00,-64.894052,-2.991672
97,2015-05-20 04:01:00,-64.899459,-2.991328
97,2015-05-20 10:00:00,-64.907956,-2.986093
97,2015-05-20 16:00:00,-64.90787,-2.986178
97,2015-05-20 22:00:00,-64.90787,-2.986093
97,2015-05-21 04:01:00,-64.910617,-2.98223
97,2015-05-23 10:00:00,-64.88976,-2.922406
97,2015-05-23 16:00:00,-64.889674,-2.92232
97,2015-05-23 22:00:00,-64.88976,-2.922492
97,2015-05-24 10:01:00,-64.88255,-2.926183
97,2015-05-24 16:00:00,-64.882636,-2.926097
97,2015-05-24 22:00:00,-64.88255,-2.926183
97,2015-05-25 04:00:00,-64.882636,-2.926097
97,2015-05-28 22:00:00,-64.852853,-2.924981
97,2015-06-04 10:00:00,-64.875598,-2.923865
97,2015-06-04 16:00:00,-64.875684,-2.923865
97,2015-06-04 22:00:00,-64.875598,-2.923865
97,2015-06-05 10:00:00,-64.874568,-2.923179
97,2015-06-05 16:01:00,-64.87371,-2.923694
97,2015-06-05 22:00:00,-64.873881,-2.923608
97,2015-06-06 04:01:00,-64.872079,-2.923779
97,2015-06-06 10:01:00,-64.865813,-2.924037
97,2015-06-06 16:00:00,-64.865899,-2.924123
97,2015-06-06 22:00:00,-64.865813,-2.924123
97,2015-06-07 04:00:00,-64.865813,-2.924123
97,2015-06-07 10:00:00,-64.867702,-2.92335
97,2015-06-07 16:01:00,-64.867616,-2.923865
97,2015-06-07 22:00:00,-64.867702,-2.923694
97,2015-06-08 04:01:00,-64.867787,-2.923694
97,2015-06-08 16:00:00,-64.871821,-2.92541
97,2015-06-08 22:00:00,-64.871736,-2.925324
97,2015-06-09 04:00:00,-64.871821,-2.92541
97,2015-06-09 10:00:00,-64.873881,-2.923522
97,2015-06-09 16:01:00,-64.873881,-2.923779
97,2015-06-09 22:00:00,-64.873881,-2.923694
97,2015-06-10 04:01:00,-64.874396,-2.918286
97,2015-06-10 10:00:00,-64.876113,-2.917342
97,2015-06-10 16:00:00,-64.878173,-2.919488
97,2015-06-10 22:01:00,-64.877915,-2.919831
97,2015-06-11 04:00:00,-64.87783,-2.919745
97,2015-06-11 10:00:00,-64.877915,-2.919831
97,2015-06-11 16:00:00,-64.878087,-2.919745
97,2015-06-11 22:00:00,-64.879804,-2.919316
97,2015-06-18 22:00:00,-64.890018,-2.908072
97,2015-06-19 04:00:00,-64.890103,-2.907987
97,2015-06-19 10:01:00,-64.889073,-2.909532
97,2015-06-19 16:00:00,-64.889245,-2.909703
97,2015-06-19 22:00:00,-64.886413,-2.908244
97,2015-06-20 04:00:00,-64.886413,-2.908158
97,2015-06-20 10:00:00,-64.886584,-2.908244
97,2015-06-20 16:00:00,-64.886584,-2.908244
97,2015-06-20 22:00:00,-64.886584,-2.908244
97,2015-06-21 04:00:00,-64.885554,-2.908587
97,2015-06-21 10:01:00,-64.885898,-2.911334
97,2015-06-21 16:00:00,-64.886498,-2.908244
97,2015-06-21 22:00:00,-64.886498,-2.908244
97,2015-06-22 04:00:00,-64.886498,-2.90833
97,2015-06-22 10:00:00,-64.886498,-2.908244
97,2015-06-22 16:00:00,-64.886498,-2.908244
97,2015-06-22 22:00:00,-64.886413,-2.90833
97,2015-06-23 04:00:00,-64.885812,-2.908845
97,2015-06-23 10:00:00,-64.886584,-2.90833
97,2015-06-23 16:00:00,-64.886498,-2.908502
97,2015-06-23 22:00:00,-64.88667,-2.908072
97,2015-06-24 04:00:00,-64.886069,-2.908845
97,2015-06-24 10:01:00,-64.886413,-2.909789
97,2015-06-24 16:00:00,-64.886498,-2.908416
97,2015-06-24 22:00:00,-64.886413,-2.908158
97,2015-06-25 04:00:00,-64.882379,-2.910733
97,2015-06-25 10:00:00,-64.883151,-2.914166
97,2015-06-25 16:00:00,-64.883237,-2.914081
97,2015-06-25 22:00:00,-64.884953,-2.911935
97,2015-06-26 04:00:00,-64.889159,-2.910562
97,2015-06-26 10:00:00,-64.898772,-2.902236
97,2015-06-26 16:00:00,-64.898772,-2.90215
97,2015-06-26 22:00:00,-64.898858,-2.902236
97,2015-06-27 04:00:00,-64.901261,-2.899489
97,2015-06-27 10:00:00,-64.90315,-2.897687
97,2015-06-27 16:00:00,-64.905295,-2.891679
97,2015-06-29 16:00:00,-64.909759,-2.883267
97,2015-06-29 22:00:00,-64.909673,-2.883353
97,2015-06-30 04:01:00,-64.909673,-2.883267
97,2015-06-30 10:00:00,-64.908643,-2.879748
97,2015-06-30 16:00:00,-64.907441,-2.880092
97,2015-06-30 22:01:00,-64.904523,-2.884812
97,2015-07-01 04:00:00,-64.898171,-2.886014
97,2015-07-05 10:00:00,-64.90684,-2.875886
97,2015-07-05 16:00:00,-64.906754,-2.875886
97,2015-07-05 22:00:00,-64.90684,-2.875886
97,2015-07-06 04:00:00,-64.906754,-2.875886
97,2015-07-06 10:01:00,-64.906754,-2.875886
97,2015-07-06 16:00:00,-64.90684,-2.8758
97,2015-07-06 22:00:00,-64.906583,-2.8758
97,2015-07-08 16:01:00,-64.897742,-2.901378
97,2015-07-08 22:00:00,-64.897141,-2.90112
97,2015-07-09 04:00:00,-64.894481,-2.901292
97,2015-07-09 10:00:00,-64.891906,-2.898374
97,2015-07-09 16:01:00,-64.897313,-2.901292
97,2015-07-09 22:00:00,-64.896798,-2.900519
97,2015-07-10 04:02:00,-64.893966,-2.901807
97,2015-07-10 10:00:00,-64.893193,-2.903867
97,2015-07-10 16:01:00,-64.893279,-2.903867
97,2015-07-10 22:00:00,-64.893193,-2.903867
97,2015-07-11 04:00:00,-64.889245,-2.904983
97,2015-07-11 10:00:00,-64.887614,-2.903781
97,2015-07-11 16:00:00,-64.889159,-2.906785
97,2015-07-11 22:00:00,-64.889073,-2.906871
97,2015-07-12 04:00:00,-64.889159,-2.906785
97,2015-07-12 10:00:00,-64.887013,-2.908072
97,2015-07-12 16:01:00,-64.886413,-2.908244
97,2015-07-12 22:00:00,-64.886498,-2.908244
97,2015-07-13 04:00:00,-64.886498,-2.908416
97,2015-07-13 10:00:00,-64.883151,-2.907557
97,2015-07-13 16:00:00,-64.885468,-2.906785
97,2015-07-13 22:00:00,-64.885383,-2.906785
97,2015-07-19 16:00:00,-64.916368,-2.883782
97,2015-07-23 10:00:00,-64.895768,-2.894769
97,2015-07-23 16:00:00,-64.895682,-2.894769
97,2015-07-23 22:00:00,-64.895682,-2.894769
97,2015-07-24 10:00:00,-64.891992,-2.898374
97,2015-07-24 16:01:00,-64.896626,-2.901978
97,2015-07-24 22:00:00,-64.895682,-2.901292
97,2015-07-25 04:00:00,-64.895768,-2.901635
97,2015-07-27 10:00:00,-64.885297,-2.906785
97,2015-07-27 16:00:00,-64.885468,-2.906785
97,2015-07-27 22:01:00,-64.884095,-2.9073
97,2015-07-29 22:00:00,-64.885383,-2.906785
97,2015-07-30 04:00:00,-64.885383,-2.906871
97,2015-07-30 16:01:00,-64.891391,-2.913823
97,2015-07-30 22:00:00,-64.891219,-2.913995
97,2015-07-31 04:00:00,-64.890189,-2.911077
97,2015-07-31 10:01:00,-64.884696,-2.907987
97,2015-08-05 10:00:00,-64.912505,-2.879663
97,2015-08-05 16:03:00,-64.912248,-2.879148
97,2015-08-05 22:00:00,-64.912505,-2.879491
97,2015-08-06 04:01:00,-64.912162,-2.880864
97,2015-08-06 10:01:00,-64.915681,-2.890906
97,2015-08-06 16:01:00,-64.915509,-2.890649
97,2015-08-08 16:00:00,-64.904523,-2.899232
97,2015-08-08 22:00:00,-64.902291,-2.894683
97,2015-08-15 16:00:00,-64.906068,-2.902837
97,2015-08-15 22:00:00,-64.90624,-2.902837
97,2015-08-16 04:00:00,-64.906154,-2.902837
97,2015-08-16 10:00:00,-64.90375,-2.907987
97,2015-08-16 16:02:00,-64.899459,-2.905841
97,2015-08-16 22:01:00,-64.899545,-2.905154
97,2015-08-26 10:02:00,-64.971728,-2.926955
97,2015-08-26 16:01:00,-64.971213,-2.925839
97,2015-08-26 22:02:00,-64.970784,-2.926011
97,2015-08-27 04:00:00,-64.971385,-2.924981
97,2015-08-27 10:01:00,-64.968553,-2.91923
97,2015-08-27 16:01:00,-64.968123,-2.915711
97,2015-09-04 10:03:00,-64.953704,-2.939572
97,2015-09-04 16:00:00,-64.94761,-2.926183
97,2015-09-04 22:00:00,-64.947782,-2.926097
97,2015-09-05 10:02:00,-64.947782,-2.926097
97,2015-09-05 16:00:00,-64.947867,-2.926097
97,2015-09-05 22:01:00,-64.947867,-2.926097
97,2015-09-06 04:01:00,-64.948039,-2.926183
97,2015-09-06 10:00:00,-64.947953,-2.926183
97,2015-09-06 16:02:00,-64.947009,-2.92541
97,2015-09-06 22:00:00,-64.947009,-2.92541
97,2015-09-07 04:00:00,-64.945722,-2.926526
97,2015-09-07 10:03:00,-64.943919,-2.927556
97,2015-09-12 16:02:00,-64.871478,-2.933822
97,2015-09-13 04:01:00,-64.905381,-2.933393
97,2015-09-13 10:01:00,-64.905896,-2.933993
97,2015-09-13 16:00:00,-64.913192,-2.936997
97,2015-09-13 22:01:00,-64.913106,-2.936912
97,2015-09-17 16:00:00,-64.931302,-2.937169
97,2015-09-17 22:02:00,-64.93113,-2.937427
97,2015-09-19 04:00:00,-64.9507,-2.927728
97,2015-09-19 10:01:00,-64.949327,-2.928243
97,2015-09-19 22:00:00,-64.957051,-2.94704
97,2015-09-20 04:02:00,-64.965634,-2.932363
97,2015-09-20 10:00:00,-64.963489,-2.929959
97,2015-09-20 16:00:00,-64.950442,-2.941804
97,2015-09-21 04:03:00,-64.943919,-2.962575
97,2015-09-21 10:02:00,-64.945378,-2.960429
97,2015-09-21 16:01:00,-64.945378,-2.960172
97,2015-09-22 04:02:00,-64.945292,-2.960944
97,2015-09-22 10:01:00,-64.941516,-2.954249
97,2015-09-22 22:00:00,-64.941773,-2.947383
97,2015-09-24 22:01:00,-64.9301,-2.954936
97,2015-09-25 04:03:00,-64.935079,-2.953219
97,2015-09-25 22:01:00,-64.929671,-2.953477
97,2015-09-29 16:00:00,-64.939198,-2.947726
97,2015-09-29 22:01:00,-64.941173,-2.946181
97,2015-09-30 04:00:00,-64.942803,-2.962403
97,2015-09-30 16:00:00,-64.946837,-2.955194
97,2015-09-30 22:01:00,-64.946923,-2.955022
97,2015-10-01 04:01:00,-64.935679,-2.946525
97,2015-10-01 10:01:00,-64.930701,-2.934937
97,2015-10-01 16:00:00,-64.925551,-2.936225
97,2015-10-01 22:00:00,-64.92641,-2.936654
97,2015-10-02 04:00:00,-64.926152,-2.937512
97,2015-10-02 10:01:00,-64.925981,-2.937427
97,2015-10-02 16:02:00,-64.926324,-2.937427
97,2015-10-02 22:01:00,-64.925551,-2.937598
97,2015-10-03 04:01:00,-64.927182,-2.943778
97,2015-10-03 10:00:00,-64.927182,-2.943692
97,2015-10-03 16:00:00,-64.937396,-2.943435
97,2015-10-03 22:01:00,-64.938941,-2.94292
97,2015-10-06 16:00:00,-64.96778,-2.921119
97,2015-10-07 10:02:00,-64.951386,-2.926869
97,2015-10-07 16:03:00,-64.944606,-2.93777
97,2015-10-07 22:02:00,-64.954906,-2.943864
97,2015-10-08 22:01:00,-64.957309,-2.942147
97,2015-10-09 04:02:00,-64.946494,-2.952704
97,2015-10-11 04:03:00,-64.937053,-2.939487
97,2015-10-11 10:02:00,-64.937568,-2.939916
97,2015-10-11 22:02:00,-64.938083,-2.939916
97,2015-10-12 04:00:00,-64.934134,-2.946868
97,2015-10-12 10:03:00,-64.934306,-2.94704
97,2015-10-12 16:00:00,-64.931817,-2.95013
97,2015-10-22 10:01:00,-64.943662,-2.958283
97,2015-10-22 16:01:00,-64.946237,-2.96206
97,2015-10-22 22:02:00,-64.946237,-2.96206
97,2015-10-23 10:00:00,-64.95585,-2.959571
97,2015-10-23 16:02:00,-64.955935,-2.959399
97,2015-10-23 22:00:00,-64.956021,-2.956052
97,2015-10-24 04:01:00,-64.953532,-2.957253
97,2015-10-27 22:00:00,-64.950185,-2.961202
97,2015-10-28 10:01:00,-64.936881,-2.952704
97,2015-10-28 22:02:00,-64.931302,-2.951417
97,2015-10-29 10:00:00,-64.932246,-2.938199
97,2015-10-29 16:01:00,-64.932246,-2.938199
97,2015-10-29 22:00:00,-64.932332,-2.938027
97,2015-10-30 04:02:00,-64.938083,-2.940259
97,2015-10-30 10:02:00,-64.938083,-2.940516
97,2015-10-30 16:01:00,-64.937997,-2.939916
97,2015-10-31 10:00:00,-64.938083,-2.940602
97,2015-10-31 16:02:00,-64.938083,-2.940345
97,2015-11-01 04:00:00,-64.938083,-2.940602
97,2015-11-01 10:01:00,-64.937997,-2.940774
97,2015-11-01 22:02:00,-64.937997,-2.940688
97,2015-11-07 22:00:00,-64.920487,-2.970729
97,2015-11-08 04:03:00,-64.908299,-2.969699
97,2015-11-08 10:00:00,-64.935164,-2.946181
97,2015-11-08 16:00:00,-64.940658,-2.944293
