93,3/12/14 17:39,-64.877263,-3.03684
93,3/14/14 4:00,-64.877105,-3.038135
93,3/14/14 10:02,-64.876807,-3.038255
93,3/14/14 16:00,-64.877153,-3.03809
93,3/14/14 22:00,-64.877072,-3.03821
93,3/15/14 10:01,-64.885507,-3.033158
93,3/15/14 22:00,-64.887686,-3.031688
93,3/16/14 4:00,-64.887788,-3.031543
93,3/16/14 10:00,-64.888473,-3.031137
93,3/16/14 22:00,-64.888699,-3.031063
93,3/17/14 4:00,-64.888955,-3.03231
93,3/17/14 10:01,-64.886187,-3.033822
93,3/17/14 22:00,-64.886215,-3.033063
93,3/18/14 4:02,-64.879131,-3.038117
93,3/18/14 10:01,-64.858988,-3.055827
93,3/18/14 16:01,-64.860149,-3.061158
93,3/19/14 10:00,-64.856348,-3.065276
93,3/20/14 4:00,-64.856865,-3.065576
93,3/20/14 10:00,-64.858464,-3.063364
93,3/20/14 16:01,-64.858319,-3.061604
93,3/21/14 10:01,-64.85287,-3.053182
93,3/21/14 16:01,-64.852853,-3.053228
93,3/21/14 22:01,-64.852804,-3.053295
93,3/22/14 4:00,-64.854644,-3.051432
93,3/22/14 10:01,-64.845433,-3.041538
93,3/22/14 16:01,-64.845734,-3.04091
93,3/22/14 22:02,-64.846087,-3.040576
93,3/23/14 4:00,-64.84413,-3.031678
93,3/23/14 16:00,-64.832733,-3.056607
93,3/23/14 22:01,-64.832657,-3.056687
93,3/25/14 4:01,-64.848737,-3.022774
93,3/25/14 10:00,-64.867467,-2.982191
93,3/25/14 16:00,-64.867225,-2.982062
93,3/25/14 22:01,-64.867833,-2.982134
93,3/26/14 10:00,-64.841446,-2.967679
93,3/26/14 16:01,-64.841179,-2.97884
93,3/26/14 22:01,-64.841174,-2.978939
93,3/27/14 4:03,-64.850137,-2.986542
93,3/27/14 16:01,-64.82001,-3.026823
93,3/28/14 10:00,-64.793374,-3.070651
93,3/28/14 16:01,-64.788907,-3.075709
93,3/28/14 22:00,-64.788864,-3.075769
93,3/29/14 4:03,-64.800494,-3.070019
93,3/29/14 10:02,-64.800122,-3.077272
93,3/29/14 16:03,-64.800801,-3.077138
93,3/29/14 22:01,-64.801697,-3.079345
93,3/30/14 4:02,-64.800423,-3.085492
93,3/31/14 4:00,-64.793741,-3.096356
93,3/31/14 10:01,-64.79386,-3.107163
93,3/31/14 22:00,-64.794894,-3.105254
93,4/1/14 4:01,-64.78957,-3.094597
93,4/1/14 10:02,-64.796758,-3.086742
93,4/1/14 16:02,-64.796756,-3.086584
93,4/2/14 10:01,-64.803615,-3.096635
93,4/2/14 16:01,-64.803457,-3.098497
93,4/3/14 4:03,-64.80283,-3.115164
93,4/3/14 10:02,-64.801826,-3.110866
93,4/3/14 16:01,-64.801627,-3.110523
93,4/3/14 22:01,-64.801564,-3.110046
93,4/4/14 10:00,-64.806337,-3.097308
93,4/4/14 16:01,-64.831866,-3.098838
93,4/5/14 4:01,-64.833393,-3.103597
93,4/5/14 10:01,-64.84539,-3.096214
93,4/5/14 16:02,-64.857759,-3.088129
93,4/5/14 22:03,-64.856116,-3.088172
93,4/6/14 10:02,-64.865837,-3.090578
93,4/6/14 22:01,-64.859979,-3.082253
93,4/7/14 10:01,-64.862329,-3.071715
93,4/7/14 16:00,-64.862281,-3.071849
93,4/8/14 4:02,-64.866634,-3.080211
93,4/8/14 22:01,-64.866634,-3.093862
93,4/9/14 4:02,-64.865546,-3.094265
93,4/9/14 10:01,-64.86557,-3.094415
93,4/9/14 16:02,-64.8655,-3.094052
93,4/9/14 22:02,-64.865386,-3.094105
93,4/10/14 4:00,-64.855249,-3.097182
93,4/10/14 10:00,-64.852852,-3.095017
93,4/10/14 22:01,-64.855251,-3.092935
93,4/11/14 4:01,-64.842296,-3.096182
93,4/11/14 10:01,-64.821983,-3.094637
93,4/11/14 16:02,-64.824996,-3.09954
93,4/11/14 22:02,-64.825025,-3.099351
93,4/12/14 16:01,-64.808302,-3.08494
93,4/12/14 22:01,-64.808277,-3.084781
93,4/13/14 4:00,-64.809093,-3.081388
93,4/13/14 10:00,-64.811703,-3.072262
93,4/13/14 16:01,-64.808869,-3.075243
93,4/13/14 22:00,-64.808729,-3.075272
93,4/14/14 10:01,-64.807435,-3.078063
93,4/14/14 16:02,-64.808378,-3.075947
93,4/14/14 22:01,-64.808414,-3.075809
93,4/15/14 4:00,-64.807176,-3.078031
93,4/15/14 10:00,-64.807179,-3.078019
93,4/16/14 10:01,-64.806998,-3.078289
93,4/17/14 4:00,-64.807231,-3.077781
93,4/17/14 10:01,-64.807336,-3.077746
93,4/17/14 16:02,-64.808431,-3.075679
93,4/17/14 22:02,-64.808336,-3.075541
93,4/18/14 4:01,-64.80736,-3.077742
93,4/18/14 10:02,-64.80718,-3.077818
93,4/18/14 22:02,-64.808442,-3.075496
93,4/19/14 4:00,-64.807593,-3.077902
93,4/19/14 10:02,-64.808151,-3.076128
93,4/19/14 22:01,-64.808377,-3.075626
93,4/20/14 4:00,-64.808895,-3.07526
93,4/20/14 10:01,-64.807283,-3.077609
93,4/20/14 16:01,-64.802478,-3.073036
93,4/21/14 4:00,-64793,-3.078133
93,4/21/14 10:01,-64.793052,-3.078095
93,4/21/14 22:00,-64.791711,-3.083604
93,4/22/14 4:01,-64.788267,-3.090155
93,4/22/14 10:01,-64.783974,-3.099092
93,4/22/14 16:00,-64.784014,-3.09907
93,4/22/14 22:01,-64.784149,-3.099117
93,4/23/14 4:00,-64.789089,-3.100055
93,4/23/14 10:00,-64.788877,-3.099905
93,4/23/14 22:02,-64.790261,-3.092808
93,4/24/14 4:02,-64.783949,-3.090476
93,4/24/14 10:00,-64.789562,-3.074051
93,4/24/14 22:00,-64.795727,-3.065478
93,4/25/14 10:01,-64.811569,-3.037831
93,4/26/14 4:03,-64.841961,-3.028398
93,4/26/14 10:01,-64.855123,-2.989565
93,4/26/14 16:00,-64.846483,-2.982523
93,4/27/14 10:02,-64.833818,-2.977842
93,4/27/14 22:02,-64.833806,-2.977754
93,4/28/14 10:02,-64.837177,-2.99225
93,4/30/14 4:01,-64.837569,-2.999746
93,4/30/14 10:02,-64.834909,-2.981649
93,4/30/14 16:01,-64.833409,-2.979756
93,4/30/14 22:00,-64.833453,-2.979476
93,5/1/14 4:01,-64.82895,-2.979175
93,5/1/14 16:00,-64831,-2988
93,5/1/14 22:01,-64.830896,-2.987867
93,5/2/14 4:00,-64.832618,-2.990272
93,5/2/14 10:02,-64.83543,-2.988845
93,5/2/14 16:01,-64.835626,-2.989117
93,5/3/14 4:00,-64.839154,-2.987759
93,5/3/14 16:01,-64.830711,-2.980263
93,5/3/14 22:01,-64.83033,-2.979813
93,5/4/14 4:01,-64.829903,-2.980113
93,5/4/14 10:00,-64.830565,-2.980178
93,5/4/14 22:03,-64.830683,-2.979983
93,5/5/14 10:02,-64.831508,-2.981403
93,5/5/14 16:02,-64.831469,-2.98125
93,5/5/14 22:00,-64.831694,-2.981096
93,5/6/14 4:01,-64.832182,-2.995299
93,5/6/14 10:00,-64.832751,-3.000265
93,5/6/14 16:00,-64.832899,-2.999695
93,5/6/14 22:00,-64.832962,-2.999766
93,5/7/14 22:02,-64.843281,-2.99708
93,5/8/14 4:00,-64.840703,-2.990427
93,5/8/14 10:01,-64.836129,-2.981546
93,5/8/14 16:00,-64.835853,-2.980421
93,5/8/14 22:00,-64.835789,-2.97903
93,5/9/14 10:00,-64.840737,-3.02246
93,5/9/14 16:00,-64.825374,-3.037745
93,5/9/14 22:00,-64.825191,-3.037738
93,5/10/14 4:00,-64.816822,-3.05414
93,5/10/14 10:00,-64.816832,-3.054384
93,5/10/14 16:00,-64.816597,-3.054742
93,5/10/14 22:00,-64.816934,-3.054207
93,5/11/14 10:01,-64.814839,-3.067242
93,5/11/14 16:00,-64.814436,-3.067088
93,5/12/14 4:01,-64.80395,-3.064296
93,5/12/14 10:02,-64.781814,-3.09382
93,5/12/14 22:00,-64.781815,-3.093753
93,5/13/14 4:00,-64.781977,-3.093704
93,5/13/14 16:00,-64.784392,-3.098594
93,5/13/14 22:00,-64.784323,-3.098518
93,5/14/14 4:01,-64.78406,-3.099108
93,5/14/14 10:00,-64.784627,-3.101672
93,5/14/14 16:00,-64.784676,-3.101623
93,5/14/14 22:00,-64.786217,-3.097904
93,5/15/14 4:00,-64.786139,-3.097685
93,5/15/14 10:01,-64.79195,-3.101194
93,5/15/14 16:00,-64.791808,-3.101317
93,5/15/14 22:01,-64.791784,-3.101349
93,5/16/14 4:01,-64.788819,-3.109455
93,5/16/14 10:00,-64.789422,-3.108549
93,5/16/14 16:00,-64.789612,-3.108886
93,5/16/14 22:00,-64.789511,-3.108593
93,5/17/14 4:02,-64.795966,-3.102338
93,5/17/14 10:00,-64.791898,-3.101287
93,5/17/14 16:00,-64.791882,-3.101343
93,5/17/14 22:00,-64.79184,-3.101323
93,5/18/14 4:00,-64.787651,-3.102481
93,5/18/14 10:00,-64.784237,-3.101498
93,5/18/14 16:00,-64.784276,-3.101584
93,5/18/14 22:01,-64.784654,-3.101589
93,5/19/14 4:01,-64.782909,-3.10531
93,5/19/14 10:00,-64.775409,-3.106239
93,5/19/14 16:00,-64.772518,-3.102278
93,5/19/14 22:01,-64.7725,-3.102276
93,5/20/14 10:00,-64.766054,-3.084755
93,5/20/14 16:00,-64.766138,-3.084701
93,5/20/14 22:00,-64.767714,-3.083347
93,5/21/14 4:00,-64.767873,-3.08881
93,5/21/14 10:00,-64.768297,-3.088032
93,5/21/14 16:01,-64.768369,-3.088113
93,5/21/14 22:01,-64.768225,-3.088361
93,5/22/14 4:00,-64.767787,-3.088559
93,5/22/14 10:01,-64.767707,-3.088535
93,5/22/14 16:00,-64.767696,-3.088663
93,5/22/14 22:00,-64.767773,-3.088551
93,5/23/14 4:01,-64.768075,-3.088427
93,5/23/14 10:00,-64.777398,-3.081962
93,5/23/14 16:00,-64.788474,-3.079859
93,5/23/14 22:00,-64.788477,-3.079875
93,5/24/14 4:00,-64.797435,-3.071331
93,5/24/14 10:00,-64.797388,-3.07135
93,5/24/14 16:00,-64.79744,-3.071274
93,5/24/14 22:00,-64.797395,-3.071341
93,5/25/14 10:00,-64.812004,-3.067784
93,5/25/14 16:00,-64.812073,-3.067777
93,5/25/14 22:00,-64.812075,-3.06779
93,5/26/14 4:00,-64.818339,-3.06406
93,5/26/14 10:00,-64.818422,-3.064113
93,5/26/14 16:00,-64.81845,-3.064086
93,5/26/14 22:00,-64.818449,-3.06409
93,5/27/14 4:00,-64.82776,-3.058455
93,5/27/14 10:00,-64.834464,-3.044894
93,5/27/14 16:00,-64.83446,-3.044913
93,5/27/14 22:00,-64.8344,-3.044884
93,5/28/14 4:01,-64.82658,-3.035155
93,5/28/14 10:00,-64.821003,-3.034257
93,5/28/14 16:00,-64.820644,-3.033345
93,5/28/14 22:00,-64.820534,-3.03329
93,5/29/14 10:01,-64.828411,-3.029608
93,5/29/14 16:00,-64.828748,-3.029407
93,5/29/14 22:00,-64.828735,-3.029459
93,5/30/14 4:00,-64.82962,-3.019867
93,5/30/14 10:00,-64.819681,-3.02386
93,5/30/14 16:00,-64.819722,-3.023823
93,5/30/14 22:00,-64.819688,-3.023834
93,5/31/14 4:03,-64.824979,-3.015062
93,5/31/14 10:00,-64.838584,-3.011707
93,5/31/14 16:00,-64.838468,-3.011717
93,5/31/14 22:00,-64.838444,-3.011745
93,6/1/14 4:01,-64.841705,-3.012366
93,6/1/14 16:00,-64.838981,-3.015018
93,6/1/14 22:00,-64.839088,-3.015013
93,6/2/14 4:00,-64.8481,-3.012691
93,6/2/14 10:00,-64.848802,-3.012308
93,6/2/14 16:00,-64.848712,-3.01232
93,6/2/14 22:00,-64.84882,-3.012353
93,6/3/14 4:00,-64.855331,-3.009256
93,6/3/14 10:00,-64.861683,-2.997942
93,6/3/14 16:00,-64.862987,-2.998435
93,6/3/14 22:00,-64.859102,-2.989624
93,6/4/14 10:00,-64.850866,-2.992039
93,6/4/14 16:00,-64.850868,-2.99201
93,6/4/14 22:00,-64.850826,-2.99198
93,6/5/14 10:00,-64.843928,-3.020274
93,6/5/14 16:00,-64.843999,-3.020206
93,6/5/14 22:00,-64.843873,-3.020248
93,6/6/14 10:00,-64.81452,-3.033815
93,6/6/14 16:00,-64.814477,-3.033701
93,6/6/14 22:00,-64.814852,-3.033961
93,6/7/14 4:01,-64.81536,-3.033509
93,6/7/14 10:00,-64.815614,-3.032854
93,6/7/14 16:01,-64.815191,-3.03301
93,6/7/14 22:00,-64.81513,-3.033114
93,6/8/14 4:01,-64.80715,-3.033995
93,6/8/14 16:00,-64.806562,-3.043914
93,6/8/14 22:00,-64.806805,-3.043978
93,6/9/14 4:00,-64.806554,-3.053243
93,6/9/14 10:00,-64.807523,-3.057029
93,6/9/14 16:01,-64.811711,-3.066815
93,6/9/14 22:00,-64.811644,-3.066935
93,6/10/14 4:00,-64.808716,-3.077084
93,6/10/14 10:01,-64.809086,-3.076874
93,6/10/14 16:00,-64.820034,-3.074023
93,6/10/14 22:00,-64.819948,-3.073925
93,6/11/14 4:00,-64.824845,-3.072416
93,6/11/14 10:00,-64.824827,-3.072492
93,6/11/14 16:01,-64.824277,-3.074185
93,6/11/14 22:02,-64.824312,-3.074138
93,6/12/14 10:00,-64.834574,-3.070323
93,6/12/14 16:00,-64.837847,-3.071476
93,6/12/14 22:00,-64.837774,-3.071442
93,6/13/14 4:00,-64.839735,-3.078115
93,6/13/14 10:01,-64.835337,-3.079169
93,6/13/14 16:00,-64.835356,-3.079151
93,6/13/14 22:00,-64.835566,-3.079112
93,6/14/14 4:00,-64.833739,-3.078977
93,6/14/14 10:00,-64.832742,-3.079346
93,6/14/14 16:00,-64.827323,-3.079302
93,6/14/14 22:00,-64.827252,-3.079222
93,6/15/14 4:00,-64.826725,-3.083399
93,6/15/14 10:00,-64.826765,-3.08346
93,6/15/14 16:00,-64.826779,-3.083472
93,6/15/14 22:00,-64.822981,-3.086851
93,6/16/14 4:01,-64.81731,-3.090345
93,6/16/14 10:00,-64.812097,-3.098417
93,6/16/14 16:00,-64.812059,-3.098327
93,6/16/14 22:00,-64.812052,-3.098374
93,6/17/14 4:00,-64.811202,-3.100443
93,6/17/14 10:01,-64.811213,-3.10046
93,6/17/14 16:00,-64.814563,-3.10307
93,6/17/14 22:00,-64.815782,-3.104841
93,6/18/14 4:00,-64.815715,-3.104942
93,6/18/14 10:00,-64.817326,-3.10691
93,6/18/14 16:00,-64.816859,-3.106891
93,6/18/14 22:00,-64.816793,-3.106875
93,6/19/14 4:00,-64.816919,-3.10644
93,6/19/14 10:00,-64.816353,-3.105966
93,6/19/14 16:00,-64.816363,-3.105927
93,6/19/14 22:00,-64.816443,-3.105961
93,6/20/14 4:03,-64.819492,-3.104854
93,6/20/14 10:00,-64.81749,-3.104949
93,6/20/14 16:00,-64.816618,-3.104988
93,6/20/14 22:00,-64.816415,-3.10503
93,6/21/14 4:00,-64.81525,-3.102401
93,6/21/14 10:00,-64.815215,-3.10231
93,6/21/14 16:00,-64.815243,-3.102389
93,6/21/14 22:00,-64.815223,-3.10234
93,6/22/14 4:00,-64.815204,-3.102212
93,6/22/14 10:00,-64.815249,-3.102319
93,6/22/14 16:00,-64.814384,-3.105068
93,6/22/14 22:00,-64.814421,-3.105092
93,6/23/14 4:00,-64.810392,-3.101396
93,6/23/14 10:00,-64.810788,-3.101088
93,6/23/14 16:00,-64.810951,-3.101059
93,6/23/14 22:00,-64.810979,-3.101162
93,6/24/14 4:00,-64.812742,-3.099237
93,6/24/14 10:00,-64.814533,-3.100323
93,6/24/14 16:01,-64.814615,-3.100326
93,6/24/14 22:00,-64.814553,-3.100338
93,6/25/14 4:01,-64.815268,-3.09093
93,6/25/14 10:00,-64.815097,-3.092755
93,6/25/14 16:00,-64.815042,-3.092716
93,6/25/14 22:02,-64.815008,-3.09262
93,6/26/14 4:02,-64.801983,-3.089114
93,6/26/14 10:01,-64.802682,-3.089315
93,6/26/14 16:00,-64.793185,-3.088282
93,6/26/14 22:00,-64.794047,-3.088433
93,6/27/14 4:01,-64.794018,-3.08844
93,6/27/14 10:00,-64.79364,-3.088404
93,6/27/14 16:00,-64.793652,-3.088408
93,6/27/14 22:00,-64.79364,-3.088446
93,6/28/14 4:01,-64.791942,-3.101392
93,6/28/14 10:02,-64.791725,-3.101341
93,6/28/14 16:00,-64.791972,-3.10308
93,6/28/14 22:00,-64.79196,-3.103094
93,6/29/14 4:00,-64.787778,-3.107685
93,6/29/14 10:01,-64.77972,-3.110542
93,6/29/14 16:00,-64.779679,-3.110581
93,6/29/14 22:00,-64.779498,-3.110488
93,6/30/14 4:02,-64.779719,-3.110504
93,6/30/14 10:00,-64.77956,-3.109894
93,6/30/14 16:00,-64.779606,-3.109884
93,6/30/14 22:00,-64.779551,-3.109937
93,7/1/14 4:00,-64.779498,-3.109913
93,7/1/14 10:00,-64.779588,-3.10984
93,7/1/14 16:00,-64.784069,-3.101486
93,7/1/14 22:00,-64.784154,-3.101489
93,7/2/14 4:00,-64.784099,-3.101506
93,7/2/14 10:00,-64.784062,-3.101465
93,7/2/14 16:00,-64.784044,-3.101389
93,7/2/14 22:00,-64.784089,-3.101452
93,7/3/14 4:01,-64.788366,-3.089991
93,7/3/14 10:00,-64.790731,-3.080629
93,7/3/14 16:01,-64.789968,-3.078502
93,7/3/14 22:01,-64.789869,-3.078544
93,7/4/14 4:01,-64.789877,-3.073711
93,7/4/14 10:00,-64.792988,-3.076033
93,7/4/14 16:01,-64.792975,-3076
93,7/4/14 22:00,-64.793011,-3.07601
93,7/5/14 4:00,-64.805031,-3.067774
93,7/5/14 10:00,-64.81219,-3.067831
93,7/5/14 16:00,-64.812181,-3.067804
93,7/5/14 22:00,-64.812148,-3.067768
93,7/6/14 4:00,-64.816168,-3.067378
93,7/6/14 10:00,-64.819621,-3.06332
93,7/6/14 16:00,-64.816869,-3.054197
93,7/6/14 22:01,-64.817025,-3.054192
93,7/7/14 10:00,-64.824906,-3.053334
93,7/7/14 16:01,-64.825031,-3.053295
93,7/7/14 22:00,-64.825203,-3.050495
93,7/8/14 10:00,-64.832833,-3.049329
93,7/8/14 16:00,-64.840149,-3.039355
93,7/8/14 22:00,-64.840155,-3.039392
93,7/9/14 4:00,-64.840168,-3.039371
93,7/9/14 10:00,-64.840096,-3.039645
93,7/9/14 16:00,-64.840144,-3.039338
93,7/9/14 22:00,-64.840135,-3.039228
93,7/10/14 4:03,-64.838233,-3.035928
93,7/10/14 10:01,-64.830163,-3.028597
93,7/10/14 16:00,-64.828628,-3.02937
93,7/10/14 22:00,-64.82862,-3.029421
93,7/11/14 4:00,-64.829989,-3.029104
93,7/11/14 10:00,-64.840509,-3.022385
93,7/11/14 16:00,-64.840531,-3.022336
93,7/11/14 22:00,-64.840455,-3.022447
93,7/12/14 4:00,-64.845616,-3.019472
93,7/12/14 10:00,-64.846579,-3.018218
93,7/12/14 16:01,-64.845467,-3.013924
93,7/12/14 22:01,-64.845313,-3.01418
93,7/13/14 10:01,-64.878238,-3.018595
93,7/13/14 16:00,-64.878244,-3.018386
93,7/13/14 22:00,-64.878389,-3.018378
93,7/14/14 4:02,-64.883486,-3.013524
93,7/14/14 10:00,-64.884091,-3.017006
93,7/14/14 16:00,-64.884229,-3.016539
93,7/14/14 22:00,-64.884202,-3.016556
93,7/15/14 10:00,-64.893604,-3.005482
93,7/15/14 16:00,-64.891211,-3.004856
93,7/15/14 22:01,-64.886327,-3.012705
93,7/16/14 4:00,-64.886423,-3.01277
93,7/16/14 10:00,-64.886418,-3.012784
93,7/16/14 16:00,-64.886478,-3.012759
93,7/16/14 22:00,-64.886537,-3.0128
93,7/17/14 4:00,-64.883984,-3.017031
93,7/17/14 10:00,-64.884065,-3.017009
93,7/17/14 16:00,-64.884069,-3.017023
93,7/17/14 22:00,-64.884119,-3.017024
93,7/18/14 4:02,-64.886343,-3.024091
93,7/18/14 10:01,-64.874864,-3.028401
93,7/18/14 16:00,-64.874439,-3.03268
93,7/18/14 22:00,-64.874358,-3.032648
93,7/19/14 4:01,-64.870874,-3.035148
93,7/19/14 10:01,-64.870765,-3.035518
93,7/19/14 16:00,-64.869198,-3.036298
93,7/19/14 22:00,-64.8691,-3.036275
93,7/20/14 4:01,-64.857577,-3.032233
93,7/20/14 10:00,-64.853637,-3.027183
93,7/20/14 16:00,-64.853425,-3.027274
93,7/20/14 22:00,-64.853036,-3.026919
93,7/21/14 4:00,-64.851899,-3.026175
93,7/21/14 10:00,-64.851988,-3.026218
93,7/21/14 16:01,-64.838247,-3.035864
93,7/21/14 22:00,-64.838239,-3.035868
93,7/22/14 4:01,-64.840768,-3.039327
93,7/22/14 10:00,-64.840754,-3.039385
93,7/22/14 16:00,-64.84116,-3.039567
93,7/22/14 22:00,-64.84078,-3.039373
93,7/23/14 4:02,-64.845674,-3.04006
93,7/23/14 10:01,-64.851429,-3.039018
93,7/23/14 16:00,-64.851511,-3.039075
93,7/23/14 22:01,-64.85155,-3.03905
93,7/24/14 4:01,-64.851451,-3.038996
93,7/24/14 10:00,-64.859035,-3.032096
93,7/24/14 16:01,-64.866134,-3.027479
93,7/24/14 22:00,-64.86607,-3.027408
93,7/25/14 4:00,-64.869145,-3.035061
93,7/25/14 10:00,-64.876153,-3.028041
93,7/25/14 16:00,-64.876276,-3.028101
93,7/25/14 22:00,-64.882855,-3.019395
93,7/26/14 4:00,-64.881278,-3.023664
93,7/26/14 10:00,-64.869399,-3.030051
93,7/26/14 16:00,-64.869494,-3.030065
93,7/26/14 22:00,-64.866056,-3.027414
93,7/27/14 4:00,-64.866043,-3.027582
93,7/27/14 10:02,-64.866088,-3.027398
93,7/27/14 16:00,-64.866107,-3.0274
93,7/27/14 22:00,-64.866053,-3.027375
93,7/28/14 4:02,-64.864461,-3.025889
93,7/28/14 10:00,-64.852653,-3.026355
93,7/28/14 16:00,-64.852766,-3.026107
93,7/28/14 22:00,-64.852486,-3.026127
93,7/29/14 10:00,-64.851319,-3.026525
93,7/29/14 16:01,-64.837988,-3.030945
93,7/29/14 22:01,-64.837833,-3.031221
93,7/30/14 4:03,-64.827622,-3.034741
93,7/30/14 10:00,-64.827392,-3.036098
93,7/31/14 10:01,-64.827218,-3.041065
93,7/31/14 16:01,-64.827212,-3.040885
93,7/31/14 22:00,-64.827354,-3.040747
93,8/1/14 10:01,-64.849259,-3.023222
93,8/1/14 16:00,-64.845419,-3.013946
93,8/1/14 22:00,-64.845324,-3.013943
93,8/2/14 10:00,-64.847048,-2.996051
93,8/2/14 16:00,-64.844513,-2.989852
93,8/3/14 4:02,-64.856607,-2.998411
93,8/3/14 10:00,-64.870154,-2.99047
93,8/3/14 16:00,-64.870208,-2.990458
93,8/3/14 22:00,-64.876099,-2.993254
93,8/4/14 4:00,-64.874921,-3.00117
93,8/4/14 10:00,-64.874945,-3.00125
93,8/4/14 16:00,-64.874965,-3.001269
93,8/4/14 22:00,-64.877659,-3.006179
93,8/5/14 4:01,-64.883547,-3.013637
93,8/5/14 10:00,-64.880544,-3.016767
93,8/5/14 16:00,-64.880626,-3.016745
93,8/5/14 22:00,-64.880621,-3.01673
93,8/6/14 10:00,-64.858052,-3.019636
93,8/6/14 22:01,-64.855434,-3.004498
93,8/7/14 4:01,-64.855517,-3.004551
93,8/7/14 10:00,-64.855599,-3.00442
93,8/8/14 4:00,-64.857248,-2.994874
93,8/8/14 10:01,-64.857151,-2.994834
93,8/8/14 16:01,-64.854327,-2.987887
93,8/8/14 22:01,-64.841298,-2.979564
93,8/9/14 10:02,-64.846707,-3.002686
93,8/9/14 16:01,-64.841719,-3.014238
93,8/10/14 10:00,-64.866395,-3.023531
93,8/10/14 16:00,-64.866349,-3.023597
93,8/10/14 22:00,-64.865992,-3.027341
93,8/11/14 4:00,-64.866076,-3.027408
93,8/11/14 10:00,-64.865012,-3.02752
93,8/11/14 16:00,-64.866058,-3.027419
93,8/11/14 22:02,-64.878306,-3.021796
93,8/12/14 4:01,-64.888041,-3.001347
93,8/12/14 16:02,-64.842723,-2.980117
93,8/12/14 22:01,-64.842772,-2.98064
93,8/13/14 4:01,-64.842827,-2.980746
93,8/13/14 10:01,-64.842481,-2.980589
93,8/13/14 16:01,-64.842479,-2.980554
93,8/13/14 22:00,-64.840955,-2.97944
93,8/14/14 4:00,-64.840971,-2.979384
93,8/14/14 10:01,-64.841063,-2.97956
93,8/14/14 16:00,-64.84094,-2.979388
93,8/14/14 22:01,-64.841056,-2.979473
93,8/15/14 4:00,-64.84094,-2.979545
93,8/15/14 10:00,-64.841138,-2.979021
93,8/15/14 16:00,-64.841127,-2.979062
93,8/15/14 22:00,-64.84165,-2.979054
93,8/16/14 4:01,-64.843197,-3.017124
93,8/16/14 22:01,-64.839476,-3.016162
93,8/17/14 4:01,-64.839526,-3.016272
93,8/17/14 10:01,-64.839392,-3.016151
93,8/17/14 16:01,-64.839628,-3.016045
93,8/17/14 22:01,-64.839561,-3.016169
93,8/18/14 4:01,-64.839147,-3.016112
93,8/18/14 10:02,-64.839583,-3.01604
93,8/18/14 16:01,-64.839512,-3.016133
93,8/18/14 22:00,-64.839511,-3.016229
93,8/19/14 4:01,-64.839554,-3.016206
93,8/19/14 10:02,-64.839488,-3.016223
93,8/19/14 22:01,-64.845915,-3.007536
93,8/20/14 10:01,-64.865456,-2.991269
93,8/20/14 22:01,-64.888229,-2.968303
93,8/21/14 16:01,-64.909375,-2.973195
93,8/21/14 22:01,-64.909539,-2.973102
93,8/22/14 4:03,-64.907275,-2.975486
93,8/23/14 4:03,-64.909828,-2.971511
93,8/24/14 22:00,-64.904504,-2.938404
93,8/25/14 4:02,-64.897669,-2.958839
93,8/25/14 22:01,-64.88202,-2.970459
93,8/26/14 10:00,-64.868063,-2.996698
93,8/27/14 16:01,-64.848641,-3.030671
93,8/27/14 22:01,-64.848796,-3.030873
93,8/28/14 4:01,-64.854879,-3.017743
93,8/28/14 10:00,-64.867262,-2.974943
93,8/28/14 16:01,-64.86733,-2.974848
93,8/28/14 22:01,-64.867545,-2.975172
93,8/29/14 4:00,-64.867337,-2.975415
93,8/29/14 10:00,-64.869615,-2.974845
93,8/29/14 16:02,-64.870898,-2.974622
93,8/29/14 22:00,-64.882269,-2.970119
93,8/30/14 10:01,-64.91278,-2.966595
93,8/30/14 16:00,-64.912078,-2.965716
93,8/30/14 22:00,-64.912047,-2.965764
93,8/31/14 16:00,-64.912084,-2.965696
93,8/31/14 22:01,-64.912122,-2.96601
93,9/1/14 10:00,-64.903769,-2.967844
93,9/2/14 4:00,-64.912101,-2.966263
93,9/2/14 10:02,-64.909436,-2.967919
93,9/2/14 16:00,-64.87327,-2.973788
93,9/2/14 22:01,-64.873222,-2.973516
93,9/3/14 4:01,-64.873839,-2.974575
93,9/3/14 10:01,-64.873321,-2.974528
93,9/3/14 16:01,-64.872508,-2.974367
93,9/3/14 22:00,-64.871941,-2.975322
93,9/4/14 4:01,-64.871472,-2.975519
93,9/4/14 10:00,-64.870782,-2.975126
93,9/4/14 16:01,-64.869929,-2.975754
93,9/4/14 22:00,-64.866466,-2.982084
93,9/5/14 4:01,-64.867179,-2.988392
93,9/5/14 10:02,-64.867998,-2.990898
93,9/5/14 16:00,-64.871436,-2.991412
93,9/5/14 22:00,-64.869352,-2.989626
93,9/6/14 4:00,-64.868195,-2.986459
93,9/6/14 10:00,-64.911005,-2.962197
93,9/6/14 22:00,-64.912386,-2.948268
93,9/7/14 4:02,-64.904798,-2.946827
93,9/7/14 10:03,-64.875722,-2.955219
93,9/7/14 16:00,-64.859132,-2.962816
93,9/7/14 22:00,-64.857426,-2.96258
93,9/8/14 16:02,-64.837381,-3.000253
93,9/8/14 22:03,-64.83738,-2.999827
93,9/9/14 16:00,-64.849283,-2.977455
93,9/10/14 4:02,-64.871961,-2.966151
93,9/10/14 22:01,-64.873262,-2.963853
93,9/11/14 10:01,-64.827706,-2.999852
93,9/11/14 16:00,-64.833001,-2.992409
93,9/12/14 10:01,-64.865335,-3.009008
93,9/12/14 16:00,-64.866468,-3.00959
93,9/12/14 22:00,-64.869886,-3.011621
93,9/13/14 4:01,-64.879697,-3.010268
93,9/13/14 16:02,-64.877247,-3.016939
93,9/14/14 4:01,-64.877306,-3.025395
93,9/14/14 10:00,-64.868845,-3.027482
93,9/14/14 22:00,-64.868314,-3.02576
93,9/15/14 4:00,-64.867907,-3.025472
93,9/16/14 16:00,-64.823512,-3.073456
93,9/17/14 10:00,-64.817153,-3.035029
93,9/18/14 4:02,-64.846433,-3.025011
93,9/18/14 16:02,-64.846883,-2.982237
93,9/19/14 22:01,-64.905164,-2.948935
93,9/20/14 4:01,-64.883198,-2.968003
93,9/20/14 10:00,-64.884436,-2.971519
93,9/20/14 16:00,-64.884187,-2.971338
93,9/20/14 22:00,-64.892831,-2.991085
93,9/21/14 10:01,-64.856403,-3.006442
93,9/21/14 22:01,-64.856486,-3.006276
93,9/22/14 4:00,-64.856326,-3.006403
93,9/22/14 16:03,-64.852057,-2.986624
93,9/23/14 10:02,-64.836006,-3.019185
93,9/23/14 16:00,-64.834898,-3.01838
93,9/23/14 22:00,-64.823612,-3.0225
93,9/24/14 10:02,-64.816281,-3.026334
93,9/24/14 16:00,-64.833532,-3.020991
93,9/24/14 22:00,-64.836025,-3.018934
93,9/25/14 4:03,-64.844118,-2.961272
93,9/25/14 10:01,-64.852843,-2.956797
93,9/25/14 16:01,-64.876149,-2.996027
93,9/26/14 16:00,-64.852424,-3.022103
93,9/26/14 22:00,-64.85156,-3.023436
93,9/27/14 4:00,-64.856809,-3.029863
93,9/27/14 16:00,-64.862165,-3.024026
93,9/27/14 22:01,-64.867418,-2.997293
93,9/28/14 4:00,-64.861025,-2.97098
93,9/28/14 10:00,-64.840232,-2.992567
93,9/28/14 16:00,-64.842043,-3.008688
93,9/29/14 10:02,-64.837919,-3.01819
93,9/29/14 16:00,-64.839811,-3.016423
93,9/30/14 4:02,-64.845698,-3.00402
93,9/30/14 10:02,-64.845653,-3.00402
93,9/30/14 16:01,-64.84571,-3.003879
93,9/30/14 22:03,-64.841565,-2.989827
93,10/1/14 10:01,-64.86456,-2.972758
93,10/1/14 16:00,-64.875028,-2.971743
93,10/2/14 4:01,-64.890034,-2.988522
93,10/2/14 10:00,-64.88756,-2.996308
93,10/2/14 22:00,-64.889919,-3.007251
93,10/3/14 10:00,-64.896099,-2.98409
93,10/3/14 16:00,-64.897186,-2.982188
93,10/3/14 22:01,-64.897396,-2.980872
93,10/4/14 10:00,-64.880104,-2.999052
93,10/4/14 16:01,-64.87562,-3.000828
93,10/4/14 22:00,-64.875991,-3.000525
93,10/5/14 4:02,-64.875759,-3.000942
93,10/5/14 10:00,-64.875894,-3.000733
93,10/5/14 16:00,-64.875797,-3.000894
93,10/5/14 22:03,-64.867328,-2.986961
93,10/6/14 4:00,-64.88935,-2.986194
93,10/6/14 10:01,-64.886867,-2.990961
93,10/6/14 16:01,-64.886011,-2.989316
93,10/7/14 10:03,-64.881592,-2.969667
93,10/7/14 16:00,-64.876546,-2.971545
93,10/8/14 10:01,-64.874432,-2.975189
93,10/8/14 16:03,-64.877212,-2.976782
93,10/8/14 22:01,-64.881036,-2.971277
93,10/9/14 4:02,-64.868664,-2.988121
93,10/9/14 10:01,-64.881526,-2.983284
93,10/9/14 16:00,-64.88155,-2.983176
93,10/9/14 22:01,-64.885626,-2.990242
93,10/10/14 10:01,-64.882753,-2.995123
93,10/10/14 16:00,-64.882736,-2.995025
93,10/10/14 22:01,-64.882592,-2.994823
93,10/11/14 4:02,-64.882679,-2.995032
93,10/11/14 10:01,-64.882534,-2.994965
93,10/11/14 16:01,-64.883009,-2.994973
93,10/12/14 4:01,-64.881017,-3.002777
93,10/12/14 10:01,-64.881083,-3.003807
93,10/12/14 16:00,-64.873354,-3.013155
93,10/12/14 22:00,-64.87356,-3.015519
93,10/13/14 4:01,-64.864824,-3.021499
93,10/13/14 10:00,-64.862277,-3.023879
93,10/13/14 16:00,-64.862245,-3.023791
93,10/13/14 22:01,-64.852282,-3.020657
93,10/14/14 16:00,-64.852775,-2.98617
93,10/14/14 22:01,-64.856581,-2.99321
93,10/15/14 4:01,-64.856489,-2.993628
93,10/15/14 10:00,-64.853368,-2.984787
93,10/15/14 16:01,-64.848644,-2.982541
93,10/16/14 4:01,-64.846539,-2.977779
93,10/16/14 10:00,-64.850669,-2.975696
93,10/16/14 16:00,-64.854984,-2.974882
93,10/17/14 10:00,-64.866885,-2.993033
93,10/17/14 16:00,-64.866277,-3.000824
93,10/17/14 22:00,-64.867646,-3.001888
93,10/18/14 4:02,-64.866898,-3.002728
93,10/18/14 10:02,-64.865994,-3.001814
93,10/18/14 16:00,-64.866644,-2.998657
93,10/18/14 22:00,-64.867042,-2.996815
93,10/19/14 4:00,-64.867224,-2.997295
93,10/19/14 10:02,-64.867219,-2.99751
93,10/19/14 16:00,-64.866575,-2.996996
93,10/20/14 4:00,-64.894139,-2.984785
93,10/20/14 10:00,-64.894228,-2.984745
93,10/20/14 16:00,-64.894814,-2.984457
93,10/21/14 4:02,-64.882337,-2.996843
93,10/21/14 10:01,-64.88522,-2.999183
93,10/21/14 16:00,-64.885555,-2.999091
93,10/21/14 22:00,-64.884893,-2.998808
93,10/22/14 4:00,-64.890589,-3.002134
93,10/22/14 10:00,-64.890752,-3.002059
93,10/22/14 16:00,-64.889529,-3.004187
93,10/22/14 22:01,-64.869576,-3.01264
93,10/23/14 10:00,-64.833564,-3.018403
93,10/23/14 16:00,-64.826424,-3.021841
93,10/23/14 22:01,-64.823783,-3.018556
93,10/24/14 4:01,-64.829268,-3.015655
93,10/24/14 16:00,-64.836221,-3.003907
93,10/24/14 22:01,-64.836895,-3.003964
93,10/25/14 10:00,-64.839084,-3.00047
93,10/25/14 16:00,-64.839111,-3.000522
93,10/26/14 4:01,-64.838599,-2.999171
93,10/26/14 10:01,-64.837029,-2.999862
93,10/26/14 16:00,-64.837019,-2.997371
93,10/27/14 4:00,-64.856091,-2.987122
93,10/27/14 10:00,-64.857089,-3.006238
93,10/27/14 16:00,-64.856901,-3.006091
93,10/28/14 4:01,-64.856928,-3.006151
93,10/28/14 16:01,-64.86255,-3.010844
93,10/28/14 22:02,-64.866579,-3.024891
93,10/29/14 4:01,-64.885747,-3.012812
93,10/29/14 10:01,-64.885705,-3.012202
93,10/29/14 16:00,-64.886579,-3.011429
93,10/29/14 22:01,-64.89113,-3.002926
93,10/30/14 16:00,-64.886826,-2.994021
93,10/30/14 22:01,-64.899606,-2.984973
93,10/31/14 4:00,-64.907192,-2.984853
93,10/31/14 10:00,-64.908465,-2.983695
93,10/31/14 16:00,-64.88788,-2.963438
93,10/31/14 22:01,-64.865701,-2.95809
93,11/1/14 4:00,-64.878848,-2.957314
93,11/1/14 10:00,-64.86819,-2.970673
93,11/1/14 16:00,-64.871448,-2.972361
93,11/1/14 22:01,-64.875662,-2.976517
93,11/2/14 4:00,-64.879564,-2.999149
93,11/2/14 10:00,-64.876744,-3.009367
93,11/2/14 16:00,-64.876759,-3.009335
93,11/2/14 22:00,-64.884604,-3.019826
93,11/3/14 4:03,-64.874201,-3.026373
93,11/3/14 16:01,-64.871341,-3.025409
93,11/3/14 22:01,-64.864693,-3.032076
93,11/4/14 4:01,-64.85431,-3.029226
93,11/4/14 10:03,-64.854456,-3.029174
93,11/4/14 16:01,-64.85171,-3.02316
93,11/4/14 22:03,-64.850052,-3.024821
93,11/5/14 4:01,-64.847375,-3.028573
93,11/5/14 16:01,-64.843079,-3.03505
93,11/5/14 22:01,-64.836559,-3.046848
93,11/6/14 4:01,-64.837992,-3.049361
93,11/6/14 16:01,-64.837759,-3.049149
93,11/7/14 4:01,-64.849806,-3.039034
93,11/7/14 10:01,-64.850398,-3.03753
93,11/7/14 16:01,-64.851712,-3.027625
93,11/7/14 22:01,-64.848962,-3.010265
93,11/8/14 4:01,-64.857881,-2.994099
93,11/8/14 16:01,-64.855233,-3.007671
93,11/8/14 22:00,-64.83485,-3.017696
93,11/9/14 10:01,-64.817316,-3.005169
93,11/9/14 16:00,-64.827208,-2.990077
93,11/9/14 22:00,-64.827864,-2.999605
93,11/10/14 10:02,-64.834765,-2.988745
93,11/11/14 4:01,-64.862171,-3.002457
93,11/11/14 10:00,-64.860128,-3.002333
93,11/11/14 16:01,-64.878756,-3.008226
93,11/11/14 22:00,-64.888654,-3.009124
93,11/12/14 4:00,-64.890127,-3.007769
93,11/12/14 16:00,-64.889671,-3.007916
93,11/12/14 22:00,-64.874911,-3.0132
93,11/13/14 4:01,-64.874769,-3.013456
93,11/13/14 10:00,-64.874858,-3.013469
93,11/13/14 16:00,-64.874894,-3.013333
93,11/13/14 22:01,-64.874662,-3.013567
93,11/14/14 4:00,-64.880084,-3.014653
93,11/14/14 10:02,-64.880099,-3.014661
93,11/14/14 16:00,-64.849345,-2.980633
93,11/14/14 22:01,-64.854443,-2.974497
93,11/15/14 4:00,-64.847273,-2.964333
93,11/15/14 10:00,-64.847084,-2.96442
93,11/15/14 16:00,-64.844041,-2.967179
93,11/16/14 4:02,-64.845347,-2.999598
93,11/16/14 10:01,-64.845149,-3.000042
93,11/16/14 16:00,-64.845641,-3.004291
93,11/16/14 22:02,-64.857947,-2.995872
93,11/17/14 4:02,-64.857558,-2.995906
93,11/17/14 10:02,-64.857621,-2.995996
93,11/17/14 16:01,-64.862944,-2.996266
93,11/17/14 22:02,-64.854984,-3.011673
93,11/18/14 4:02,-64.824298,-3.021037
93,11/18/14 10:00,-64.817551,-3.020342
93,11/18/14 16:01,-64.817798,-3.020173
93,11/19/14 4:01,-64.838616,-3.000434
93,11/19/14 10:00,-64.838634,-2.99968
93,11/19/14 16:00,-64.837109,-2.997248
93,11/20/14 4:00,-64.827787,-3.035078
93,11/20/14 10:00,-64.839424,-3.019907
93,11/21/14 4:00,-64.88499,-3.009929
93,11/21/14 10:01,-64.885248,-3.009837
93,11/21/14 16:00,-64.877603,-2.992831
93,11/21/14 22:01,-64.853264,-2.99674
93,11/22/14 4:01,-64.84421,-3.014362
93,11/22/14 10:00,-64.844276,-3.014629
93,11/23/14 4:00,-64.824639,-3.0272
93,11/23/14 10:01,-64.84317,-3.020319
93,11/23/14 16:01,-64.843577,-3.020247
93,11/24/14 4:02,-64.843445,-3.020566
93,11/24/14 10:00,-64.843609,-3.020675
93,11/24/14 16:01,-64.838534,-3.011432
93,11/25/14 4:02,-64.851652,-3.015277
93,11/25/14 10:00,-64.857243,-3.009835
93,11/25/14 22:01,-64.841114,-2.980423
93,11/26/14 4:01,-64.827223,-2.99056
93,11/26/14 10:00,-64.827115,-2.990583
93,11/26/14 16:01,-64.827546,-2.989931
93,11/26/14 22:01,-64.825493,-2.989882
93,11/27/14 10:01,-64.838513,-3.019625
93,11/27/14 22:03,-64.837944,-3.018033
93,11/28/14 4:01,-64.843264,-3.016716
93,11/28/14 10:01,-64.846393,-3.017301
93,11/28/14 16:00,-64.849806,-3.012855
93,11/29/14 4:01,-64.85135,-3.036561
93,11/29/14 10:00,-64.851184,-3.036617
93,11/29/14 16:00,-64.850703,-3.036748
93,11/30/14 4:01,-64.849298,-3.030961
93,11/30/14 10:01,-64.849976,-3.03075
93,11/30/14 16:01,-64.849082,-3.030772
93,11/30/14 22:02,-64.838166,-3.044969
93,12/1/14 10:00,-64.838201,-3.045201
93,12/1/14 16:03,-64.837571,-3.045452
93,12/1/14 22:01,-64.839149,-3.044796
93,12/2/14 4:01,-64.837532,-3.047895
93,12/2/14 10:00,-64.837296,-3.047658
93,12/3/14 10:00,-64.847593,-3.029075
93,12/3/14 16:00,-64.847588,-3.029185
93,12/3/14 22:01,-64.856707,-3.010175
93,12/4/14 4:02,-64.854549,-2.990659
93,12/4/14 10:00,-64.850168,-2.99112
93,12/5/14 4:01,-64.825979,-2.987999
93,12/5/14 10:00,-64.827577,-2.988854
93,12/5/14 16:00,-64.829973,-2.987724
93,12/5/14 22:02,-64.834641,-2.960023
93,12/6/14 4:01,-64.844184,-2.961425
93,12/6/14 16:01,-64.845357,-2.966824
93,12/7/14 4:01,-64.854404,-2.981987
93,12/7/14 10:00,-64.854443,-2.982516
93,12/7/14 16:00,-64.854296,-2.98264
93,12/8/14 10:02,-64.81033,-3.063032
93,12/8/14 16:01,-64.810589,-3.063393
93,12/8/14 22:01,-64.821332,-3.057207
93,12/9/14 22:01,-64.82835,-3.044886
93,12/10/14 10:00,-64.858409,-3.025448
93,12/10/14 16:01,-64.858313,-3.024945
93,12/10/14 22:00,-64.866888,-3.025464
93,12/12/14 4:01,-64.856367,-3.007417
93,12/12/14 10:00,-64.856182,-3.007458
93,12/12/14 22:01,-64.845422,-2.978267
93,12/13/14 4:01,-64.845397,-2.978243
93,12/13/14 10:01,-64.845162,-2.978333
93,12/13/14 16:01,-64.845099,-2.978273
93,12/13/14 22:01,-64.840405,-2.97659
93,12/14/14 4:01,-64.835993,-2.973098
93,12/15/14 4:00,-64.814959,-3.017936
93,12/15/14 10:00,-64.816479,-3.017521
93,12/16/14 4:02,-64.820666,-3.016729
93,12/16/14 16:01,-64.821358,-3.017189
93,12/17/14 4:01,-64.835086,-2.985724
93,12/17/14 10:00,-64.835543,-2.9855
93,12/17/14 16:00,-64.83883,-2.986376
93,12/18/14 10:01,-64.873803,-2.990101
93,12/19/14 10:00,-64.874351,-3.027342
93,12/19/14 16:00,-64.874359,-3.026223
93,12/19/14 22:01,-64.868306,-3.025805
93,12/20/14 10:02,-64.859803,-3.023439
93,12/20/14 16:00,-64.859835,-3.02373
93,12/21/14 4:01,-64.866776,-2.982716
93,12/21/14 10:01,-64.868121,-2.982424
93,12/21/14 16:01,-64.867947,-2.983545
93,12/22/14 4:00,-64.885642,-2.988783
93,12/22/14 16:00,-64.874776,-2.99711
93,12/23/14 10:01,-64.820856,-3.023511
93,12/23/14 16:00,-64.831751,-3.019295
93,12/24/14 10:00,-64.831573,-2.969286
93,12/24/14 16:01,-64.847466,-2.955628
93,12/25/14 4:02,-64.848126,-2.958758
93,12/25/14 10:01,-64.848122,-2.958678
93,12/25/14 16:02,-64.848208,-2.958804
93,12/25/14 22:00,-64.847718,-2.96654
93,12/26/14 4:02,-64.845195,-2.969289
93,12/26/14 10:02,-64.848115,-2.978735
93,12/26/14 16:01,-64.84646,-2.992495
93,12/27/14 10:00,-64.845764,-2.977599
93,12/27/14 16:01,-64.845782,-2.977539
93,12/27/14 22:02,-64.862391,-2.997411
93,12/28/14 4:02,-64.886818,-3.016714
93,12/28/14 10:00,-64.886901,-3.01659
93,12/28/14 16:00,-64.885946,-3.00753
93,12/29/14 4:02,-64.857841,-3.006946
93,12/29/14 16:01,-64.877746,-3.010677
93,12/29/14 22:01,-64.870442,-3.012251
93,12/30/14 10:00,-64.874024,-3.01669
93,12/30/14 16:00,-64.873891,-3.016745
93,12/30/14 22:00,-64.844053,-3.036113
93,12/31/14 4:01,-64.843856,-3.052796
93,12/31/14 10:01,-64.843349,-3.052741
93,12/31/14 22:00,-64.843011,-3.062762
93,1/1/15 10:00,-64.819833,-3.067123
93,1/1/15 22:00,-64.836291,-3.048155
93,1/2/15 4:00,-64.843697,-3.034538
93,1/2/15 10:00,-64.843661,-3.034568
93,1/3/15 10:00,-64.836479,-3.021229
93,1/3/15 22:00,-64.825307,-3.016007
93,1/4/15 4:01,-64.825109,-3.016234
93,1/4/15 22:02,-64.837911,-2.988243
93,1/5/15 10:00,-64.843959,-2.976844
93,1/5/15 22:01,-64.829091,-3.009774
93,1/6/15 10:00,-64.817971,-3.01909
93,1/6/15 16:00,-64.831074,-3.017388
93,1/7/15 10:01,-64.853773,-3.004693
93,1/7/15 22:02,-64.854904,-3.002413
93,1/8/15 10:00,-64.857806,-2.995693
93,1/9/15 10:00,-64.86457,-2.996906
93,1/9/15 16:01,-64.865419,-2.995329
93,1/10/15 4:02,-64.86142,-2.965633
93,1/10/15 10:00,-64.873001,-2.987308
93,1/11/15 10:01,-64.844743,-3.035519
93,1/11/15 22:02,-64.840324,-3.033678
93,1/12/15 4:02,-64.840088,-3.0337
93,1/12/15 10:01,-64.840566,-3.033347
93,1/12/15 16:02,-64.844398,-3.041171
93,2/18/15 4:02,-64.832511,-3.031068
93,4/4/15 10:01,-64.85002,-3.083768
93,4/4/15 16:01,-64.849935,-3.084712
93,4/4/15 22:02,-64.849935,-3.083339
93,4/5/15 4:01,-64.840236,-3.078704
93,4/5/15 10:00,-64.838347,-3.073726
93,4/5/15 16:00,-64.838433,-3.073726
93,4/5/15 22:01,-64.838347,-3.073726
93,4/27/15 10:00,-64.776206,-3.103852
93,4/27/15 16:00,-64.776292,-3.103766
93,4/27/15 22:00,-64.776292,-3.103766
93,4/28/15 4:00,-64.775519,-3.10617
93,4/28/15 10:01,-64.775262,-3.10617
93,4/28/15 16:01,-64.775434,-3.106256
93,4/28/15 22:01,-64.775262,-3.106256
93,5/3/15 10:00,-64.782987,-3.100762
93,5/3/15 16:00,-64.782987,-3.100762
93,5/3/15 22:00,-64.783072,-3.100762
93,5/4/15 4:00,-64.782901,-3.100762
93,5/4/15 10:00,-64.782987,-3.100762
93,5/4/15 16:00,-64.782987,-3.100677
93,5/4/15 22:00,-64.782987,-3.100677
93,5/5/15 4:01,-64.782214,-3.101106
93,5/5/15 10:00,-64.782214,-3.101192
93,5/5/15 16:00,-64.782214,-3.101192
93,5/5/15 22:00,-64.782214,-3.101277
93,5/12/15 4:02,-64.773202,-3.101449
93,5/12/15 10:01,-64.773116,-3.101707
93,5/12/15 16:00,-64.773288,-3.101449
93,5/12/15 22:00,-64.773202,-3.101449
93,5/13/15 4:01,-64.773288,-3.101621
93,5/13/15 10:00,-64.773202,-3.101449
93,5/13/15 16:00,-64.77303,-3.101621
93,5/13/15 22:00,-64.773116,-3.101535
93,5/17/15 10:00,-64.787793,-3.107715
93,5/17/15 16:00,-64.791055,-3.104882
93,5/17/15 22:00,-64.791055,-3.104968
93,6/1/15 22:00,-64.825301,-3.037076
93,6/2/15 4:01,-64.825387,-3.037248
93,6/2/15 10:02,-64.825301,-3.037162
93,6/2/15 16:00,-64.825387,-3.037076
93,6/2/15 22:00,-64.826589,-3.040595
93,6/3/15 4:00,-64.826589,-3.040681
93,6/3/15 10:01,-64.826503,-3.040681
93,6/3/15 16:00,-64.826589,-3.040595
93,6/3/15 22:00,-64.826674,-3.040509
93,6/4/15 4:01,-64.82676,-3.040767
93,6/4/15 10:00,-64.826503,-3.040595
93,6/4/15 16:00,-64.826674,-3.039308
93,6/4/15 22:00,-64.826674,-3.039308
93,6/5/15 4:01,-64.828734,-3.029437
93,6/5/15 16:00,-64.834313,-3.026776
93,6/5/15 22:00,-64.834399,-3.026776
93,6/6/15 4:00,-64.838519,-3.024201
93,6/6/15 10:01,-64.827361,-3.034329
93,6/10/15 4:01,-64.811482,-3.035531
93,6/10/15 10:01,-64.820666,-3.033471
93,6/10/15 16:00,-64.820409,-3.033385
93,6/10/15 22:00,-64.82058,-3.033385
93,6/11/15 4:01,-64.821095,-3.03184
93,6/11/15 10:00,-64.828563,-3.029437
93,6/11/15 16:00,-64.828649,-3.029437
93,6/14/15 22:00,-64.849162,-3.012357
93,6/21/15 22:00,-64.840751,-3.039393
93,6/22/15 4:01,-64.834313,-3.0442
93,6/22/15 10:00,-64.832768,-3.049264
93,6/22/15 16:00,-64.832854,-3.049264
93,6/22/15 22:00,-64.832854,-3.04935
93,6/23/15 10:01,-64.824357,-3.05759
93,6/23/15 16:02,-64.822383,-3.058877
93,6/24/15 10:01,-64.818263,-3.064456
93,6/24/15 16:00,-64.817662,-3.064971
93,7/12/15 22:01,-64.850535,-3.036904
93,7/13/15 4:01,-64.851737,-3.035188
93,7/13/15 10:00,-64.851737,-3.035188
93,7/13/15 16:00,-64.851823,-3.035274
93,7/13/15 22:00,-64.851823,-3.035188
93,7/14/15 4:02,-64.851136,-3.034844
93,7/14/15 10:00,-64.851136,-3.032269
93,7/14/15 16:00,-64.851308,-3.029008
93,7/14/15 22:00,-64.851394,-3.029094
93,7/15/15 10:00,-64.843583,-3.020768
93,7/15/15 16:01,-64.843583,-3.020768
93,7/15/15 22:00,-64.843669,-3.020768
93,7/24/15 16:00,-64.823928,-3.040938
93,7/24/15 22:00,-64.824014,-3.040938
93,7/28/15 4:00,-64.808221,-3.067718
93,7/28/15 10:01,-64.808307,-3.067632
93,7/28/15 16:00,-64.811225,-3.068061
93,7/28/15 22:01,-64.811311,-3.068061
93,7/31/15 10:00,-64.816031,-3.087201
93,7/31/15 16:00,-64.816031,-3.087115
93,7/31/15 22:00,-64.816203,-3.086944
93,8/1/15 4:00,-64.813113,-3.090892
93,8/1/15 10:00,-64.813113,-3.090892
93,8/1/15 16:01,-64.813113,-3.09072
93,8/1/15 22:00,-64.813113,-3.090892
