93,03/14/14 04:00,-64.877105,-3.038135
93,03/14/14 10:02,-64.876807,-3.038255
93,03/14/14 16:00,-64.877153,-3.03809
93,03/14/14 22:00,-64.877072,-3.03821
93,03/15/14 10:01,-64.885507,-3.033158
93,03/15/14 22:00,-64.887686,-3.031688
93,03/16/14 04:00,-64.887788,-3.031543
93,03/16/14 10:00,-64.888473,-3.031137
93,03/16/14 22:00,-64.888699,-3.031063
93,03/17/14 04:00,-64.888955,-3.03231
93,03/17/14 10:01,-64.886187,-3.033822
93,03/17/14 22:00,-64.886215,-3.033063
93,03/18/14 04:02,-64.879131,-3.038117
93,03/18/14 10:01,-64.858988,-3.055827
93,03/18/14 16:01,-64.860149,-3.061158
93,03/19/14 10:00,-64.856348,-3.065276
93,03/20/14 04:00,-64.856865,-3.065576
93,03/20/14 10:00,-64.858464,-3.063364
93,03/20/14 16:01,-64.858319,-3.061604
93,03/21/14 10:01,-64.85287,-3.053182
93,03/21/14 16:01,-64.852853,-3.053228
93,03/21/14 22:01,-64.852804,-3.053295
93,03/22/14 04:00,-64.854644,-3.051432
93,03/22/14 10:01,-64.845433,-3.041538
93,03/22/14 16:01,-64.845734,-3.04091
93,03/22/14 22:02,-64.846087,-3.040576
93,03/23/14 04:00,-64.84413,-3.031678
93,03/23/14 16:00,-64.832733,-3.056607
93,03/23/14 22:01,-64.832657,-3.056687
93,03/25/14 04:01,-64.848737,-3.022774
93,03/25/14 10:00,-64.867467,-2.982191
93,03/25/14 16:00,-64.867225,-2.982062
93,03/25/14 22:01,-64.867833,-2.982134
93,03/26/14 10:00,-64.841446,-2.967679
93,03/26/14 16:01,-64.841179,-2.97884
93,03/26/14 22:01,-64.841174,-2.978939
93,03/27/14 04:03,-64.850137,-2.986542
93,03/27/14 16:01,-64.82001,-3.026823
93,03/28/14 10:00,-64.793374,-3.070651
93,03/28/14 16:01,-64.788907,-3.075709
93,03/28/14 22:00,-64.788864,-3.075769
93,03/29/14 04:03,-64.800494,-3.070019
93,03/29/14 10:02,-64.800122,-3.077272
93,03/29/14 16:03,-64.800801,-3.077138
93,03/29/14 22:01,-64.801697,-3.079345
93,03/30/14 04:02,-64.800423,-3.085492
93,03/31/14 04:00,-64.793741,-3.096356
93,03/31/14 10:01,-64.79386,-3.107163
93,03/31/14 22:00,-64.794894,-3.105254
93,04/01/14 04:01,-64.78957,-3.094597
93,04/01/14 10:02,-64.796758,-3.086742
93,04/01/14 16:02,-64.796756,-3.086584
93,04/02/14 10:01,-64.803615,-3.096635
93,04/02/14 16:01,-64.803457,-3.098497
93,04/03/14 04:03,-64.80283,-3.115164
93,04/03/14 10:02,-64.801826,-3.110866
93,04/03/14 16:01,-64.801627,-3.110523
93,04/03/14 22:01,-64.801564,-3.110046
93,04/04/14 10:00,-64.806337,-3.097308
93,04/04/14 16:01,-64.831866,-3.098838
93,04/05/14 04:01,-64.833393,-3.103597
93,04/05/14 10:01,-64.84539,-3.096214
93,04/05/14 16:02,-64.857759,-3.088129
93,04/05/14 22:03,-64.856116,-3.088172
93,04/06/14 10:02,-64.865837,-3.090578
93,04/06/14 22:01,-64.859979,-3.082253
93,04/07/14 10:01,-64.862329,-3.071715
93,04/07/14 16:00,-64.862281,-3.071849
93,04/08/14 04:02,-64.866634,-3.080211
93,04/08/14 22:01,-64.866634,-3.093862
93,04/09/14 04:02,-64.865546,-3.094265
93,04/09/14 10:01,-64.86557,-3.094415
93,04/09/14 16:02,-64.8655,-3.094052
93,04/09/14 22:02,-64.865386,-3.094105
93,04/10/14 04:00,-64.855249,-3.097182
93,04/10/14 10:00,-64.852852,-3.095017
93,04/10/14 22:01,-64.855251,-3.092935
93,04/11/14 04:01,-64.842296,-3.096182
93,04/11/14 10:01,-64.821983,-3.094637
93,04/11/14 16:02,-64.824996,-3.09954
93,04/11/14 22:02,-64.825025,-3.099351
93,04/12/14 16:01,-64.808302,-3.08494
93,04/12/14 22:01,-64.808277,-3.084781
93,04/13/14 04:00,-64.809093,-3.081388
93,04/13/14 10:00,-64.811703,-3.072262
93,04/13/14 16:01,-64.808869,-3.075243
93,04/13/14 22:00,-64.808729,-3.075272
93,04/14/14 10:01,-64.807435,-3.078063
93,04/14/14 16:02,-64.808378,-3.075947
93,04/14/14 22:01,-64.808414,-3.075809
93,04/15/14 04:00,-64.807176,-3.078031
93,04/15/14 10:00,-64.807179,-3.078019
93,04/16/14 10:01,-64.806998,-3.078289
93,04/17/14 04:00,-64.807231,-3.077781
93,04/17/14 10:01,-64.807336,-3.077746
93,04/17/14 16:02,-64.808431,-3.075679
93,04/17/14 22:02,-64.808336,-3.075541
93,04/18/14 04:01,-64.80736,-3.077742
93,04/18/14 10:02,-64.80718,-3.077818
93,04/18/14 22:02,-64.808442,-3.075496
93,04/19/14 04:00,-64.807593,-3.077902
93,04/19/14 10:02,-64.808151,-3.076128
93,04/19/14 22:01,-64.808377,-3.075626
93,04/20/14 04:00,-64.808895,-3.07526
93,04/20/14 10:01,-64.807283,-3.077609
93,04/20/14 16:01,-64.802478,-3.073036
93,04/21/14 04:00,-64793.0,-3.078133
93,04/21/14 10:01,-64.793052,-3.078095
93,04/21/14 22:00,-64.791711,-3.083604
93,04/22/14 04:01,-64.788267,-3.090155
93,04/22/14 10:01,-64.783974,-3.099092
93,04/22/14 16:00,-64.784014,-3.09907
93,04/22/14 22:01,-64.784149,-3.099117
93,04/23/14 04:00,-64.789089,-3.100055
93,04/23/14 10:00,-64.788877,-3.099905
93,04/23/14 22:02,-64.790261,-3.092808
93,04/24/14 04:02,-64.783949,-3.090476
93,04/24/14 10:00,-64.789562,-3.074051
93,04/24/14 22:00,-64.795727,-3.065478
93,04/25/14 10:01,-64.811569,-3.037831
93,04/26/14 04:03,-64.841961,-3.028398
93,04/26/14 10:01,-64.855123,-2.989565
93,04/26/14 16:00,-64.846483,-2.982523
93,04/27/14 10:02,-64.833818,-2.977842
93,04/27/14 22:02,-64.833806,-2.977754
93,04/28/14 10:02,-64.837177,-2.99225
93,04/30/14 04:01,-64.837569,-2.999746
93,04/30/14 10:02,-64.834909,-2.981649
93,04/30/14 16:01,-64.833409,-2.979756
93,04/30/14 22:00,-64.833453,-2.979476
93,05/01/14 04:01,-64.82895,-2.979175
93,05/01/14 16:00,-64831.0,-2988.0
93,05/01/14 22:01,-64.830896,-2.987867
93,05/02/14 04:00,-64.832618,-2.990272
93,05/02/14 10:02,-64.83543,-2.988845
93,05/02/14 16:01,-64.835626,-2.989117
93,05/03/14 04:00,-64.839154,-2.987759
93,05/03/14 16:01,-64.830711,-2.980263
93,05/03/14 22:01,-64.83033,-2.979813
93,05/04/14 04:01,-64.829903,-2.980113
93,05/04/14 10:00,-64.830565,-2.980178
93,05/04/14 22:03,-64.830683,-2.979983
93,05/05/14 10:02,-64.831508,-2.981403
93,05/05/14 16:02,-64.831469,-2.98125
93,05/05/14 22:00,-64.831694,-2.981096
93,05/06/14 04:01,-64.832182,-2.995299
93,05/06/14 10:00,-64.832751,-3.000265
93,05/06/14 16:00,-64.832899,-2.999695
93,05/06/14 22:00,-64.832962,-2.999766
93,05/07/14 22:02,-64.843281,-2.99708
93,05/08/14 04:00,-64.840703,-2.990427
93,05/08/14 10:01,-64.836129,-2.981546
93,05/08/14 16:00,-64.835853,-2.980421
93,05/08/14 22:00,-64.835789,-2.97903
93,05/09/14 10:00,-64.840737,-3.02246
93,05/09/14 16:00,-64.825374,-3.037745
93,05/09/14 22:00,-64.825191,-3.037738
93,05/10/14 04:00,-64.816822,-3.05414
93,05/10/14 10:00,-64.816832,-3.054384
93,05/10/14 16:00,-64.816597,-3.054742
93,05/10/14 22:00,-64.816934,-3.054207
93,05/11/14 10:01,-64.814839,-3.067242
93,05/11/14 16:00,-64.814436,-3.067088
93,05/12/14 04:01,-64.80395,-3.064296
93,05/12/14 10:02,-64.781814,-3.09382
93,05/12/14 22:00,-64.781815,-3.093753
93,05/13/14 04:00,-64.781977,-3.093704
93,05/13/14 16:00,-64.784392,-3.098594
93,05/13/14 22:00,-64.784323,-3.098518
93,05/14/14 04:01,-64.78406,-3.099108
93,05/14/14 10:00,-64.784627,-3.101672
93,05/14/14 16:00,-64.784676,-3.101623
93,05/14/14 22:00,-64.786217,-3.097904
93,05/15/14 04:00,-64.786139,-3.097685
93,05/15/14 10:01,-64.79195,-3.101194
93,05/15/14 16:00,-64.791808,-3.101317
93,05/15/14 22:01,-64.791784,-3.101349
93,05/16/14 04:01,-64.788819,-3.109455
93,05/16/14 10:00,-64.789422,-3.108549
93,05/16/14 16:00,-64.789612,-3.108886
93,05/16/14 22:00,-64.789511,-3.108593
93,05/17/14 04:02,-64.795966,-3.102338
93,05/17/14 10:00,-64.791898,-3.101287
93,05/17/14 16:00,-64.791882,-3.101343
93,05/17/14 22:00,-64.79184,-3.101323
93,05/18/14 04:00,-64.787651,-3.102481
93,05/18/14 10:00,-64.784237,-3.101498
93,05/18/14 16:00,-64.784276,-3.101584
93,05/18/14 22:01,-64.784654,-3.101589
93,05/19/14 04:01,-64.782909,-3.10531
93,05/19/14 10:00,-64.775409,-3.106239
93,05/19/14 16:00,-64.772518,-3.102278
93,05/19/14 22:01,-64.7725,-3.102276
93,05/20/14 10:00,-64.766054,-3.084755
93,05/20/14 16:00,-64.766138,-3.084701
93,05/20/14 22:00,-64.767714,-3.083347
93,05/21/14 04:00,-64.767873,-3.08881
93,05/21/14 10:00,-64.768297,-3.088032
93,05/21/14 16:01,-64.768369,-3.088113
93,05/21/14 22:01,-64.768225,-3.088361
93,05/22/14 04:00,-64.767787,-3.088559
93,05/22/14 10:01,-64.767707,-3.088535
93,05/22/14 16:00,-64.767696,-3.088663
93,05/22/14 22:00,-64.767773,-3.088551
93,05/23/14 04:01,-64.768075,-3.088427
93,05/23/14 10:00,-64.777398,-3.081962
93,05/23/14 16:00,-64.788474,-3.079859
93,05/23/14 22:00,-64.788477,-3.079875
93,05/24/14 04:00,-64.797435,-3.071331
93,05/24/14 10:00,-64.797388,-3.07135
93,05/24/14 16:00,-64.79744,-3.071274
93,05/24/14 22:00,-64.797395,-3.071341
93,05/25/14 10:00,-64.812004,-3.067784
93,05/25/14 16:00,-64.812073,-3.067777
93,05/25/14 22:00,-64.812075,-3.06779
93,05/26/14 04:00,-64.818339,-3.06406
93,05/26/14 10:00,-64.818422,-3.064113
93,05/26/14 16:00,-64.81845,-3.064086
93,05/26/14 22:00,-64.818449,-3.06409
93,05/27/14 04:00,-64.82776,-3.058455
93,05/27/14 10:00,-64.834464,-3.044894
93,05/27/14 16:00,-64.83446,-3.044913
93,05/27/14 22:00,-64.8344,-3.044884
93,05/28/14 04:01,-64.82658,-3.035155
93,05/28/14 10:00,-64.821003,-3.034257
93,05/28/14 16:00,-64.820644,-3.033345
93,05/28/14 22:00,-64.820534,-3.03329
93,05/29/14 10:01,-64.828411,-3.029608
93,05/29/14 16:00,-64.828748,-3.029407
93,05/29/14 22:00,-64.828735,-3.029459
93,05/30/14 04:00,-64.82962,-3.019867
93,05/30/14 10:00,-64.819681,-3.02386
93,05/30/14 16:00,-64.819722,-3.023823
93,05/30/14 22:00,-64.819688,-3.023834
93,05/31/14 04:03,-64.824979,-3.015062
93,05/31/14 10:00,-64.838584,-3.011707
93,05/31/14 16:00,-64.838468,-3.011717
93,05/31/14 22:00,-64.838444,-3.011745
93,06/01/14 04:01,-64.841705,-3.012366
93,06/01/14 16:00,-64.838981,-3.015018
93,06/01/14 22:00,-64.839088,-3.015013
93,06/02/14 04:00,-64.8481,-3.012691
93,06/02/14 10:00,-64.848802,-3.012308
93,06/02/14 16:00,-64.848712,-3.01232
93,06/02/14 22:00,-64.84882,-3.012353
93,06/03/14 04:00,-64.855331,-3.009256
93,06/03/14 10:00,-64.861683,-2.997942
93,06/03/14 16:00,-64.862987,-2.998435
93,06/03/14 22:00,-64.859102,-2.989624
93,06/04/14 10:00,-64.850866,-2.992039
93,06/04/14 16:00,-64.850868,-2.99201
93,06/04/14 22:00,-64.850826,-2.99198
93,06/05/14 10:00,-64.843928,-3.020274
93,06/05/14 16:00,-64.843999,-3.020206
93,06/05/14 22:00,-64.843873,-3.020248
93,06/06/14 10:00,-64.81452,-3.033815
93,06/06/14 16:00,-64.814477,-3.033701
93,06/06/14 22:00,-64.814852,-3.033961
93,06/07/14 04:01,-64.81536,-3.033509
93,06/07/14 10:00,-64.815614,-3.032854
93,06/07/14 16:01,-64.815191,-3.03301
93,06/07/14 22:00,-64.81513,-3.033114
93,06/08/14 04:01,-64.80715,-3.033995
93,06/08/14 16:00,-64.806562,-3.043914
93,06/08/14 22:00,-64.806805,-3.043978
93,06/09/14 04:00,-64.806554,-3.053243
93,06/09/14 10:00,-64.807523,-3.057029
93,06/09/14 16:01,-64.811711,-3.066815
93,06/09/14 22:00,-64.811644,-3.066935
93,06/10/14 04:00,-64.808716,-3.077084
93,06/10/14 10:01,-64.809086,-3.076874
93,06/10/14 16:00,-64.820034,-3.074023
93,06/10/14 22:00,-64.819948,-3.073925
93,06/11/14 04:00,-64.824845,-3.072416
93,06/11/14 10:00,-64.824827,-3.072492
93,06/11/14 16:01,-64.824277,-3.074185
93,06/11/14 22:02,-64.824312,-3.074138
93,06/12/14 10:00,-64.834574,-3.070323
93,06/12/14 16:00,-64.837847,-3.071476
93,06/12/14 22:00,-64.837774,-3.071442
93,06/13/14 04:00,-64.839735,-3.078115
93,06/13/14 10:01,-64.835337,-3.079169
93,06/13/14 16:00,-64.835356,-3.079151
93,06/13/14 22:00,-64.835566,-3.079112
93,06/14/14 04:00,-64.833739,-3.078977
93,06/14/14 10:00,-64.832742,-3.079346
93,06/14/14 16:00,-64.827323,-3.079302
93,06/14/14 22:00,-64.827252,-3.079222
93,06/15/14 04:00,-64.826725,-3.083399
93,06/15/14 10:00,-64.826765,-3.08346
93,06/15/14 16:00,-64.826779,-3.083472
93,06/15/14 22:00,-64.822981,-3.086851
93,06/16/14 04:01,-64.81731,-3.090345
93,06/16/14 10:00,-64.812097,-3.098417
93,06/16/14 16:00,-64.812059,-3.098327
93,06/16/14 22:00,-64.812052,-3.098374
93,06/17/14 04:00,-64.811202,-3.100443
93,06/17/14 10:01,-64.811213,-3.10046
93,06/17/14 16:00,-64.814563,-3.10307
93,06/17/14 22:00,-64.815782,-3.104841
93,06/18/14 04:00,-64.815715,-3.104942
93,06/18/14 10:00,-64.817326,-3.10691
93,06/18/14 16:00,-64.816859,-3.106891
93,06/18/14 22:00,-64.816793,-3.106875
93,06/19/14 04:00,-64.816919,-3.10644
93,06/19/14 10:00,-64.816353,-3.105966
93,06/19/14 16:00,-64.816363,-3.105927
93,06/19/14 22:00,-64.816443,-3.105961
93,06/20/14 04:03,-64.819492,-3.104854
93,06/20/14 10:00,-64.81749,-3.104949
93,06/20/14 16:00,-64.816618,-3.104988
93,06/20/14 22:00,-64.816415,-3.10503
93,06/21/14 04:00,-64.81525,-3.102401
93,06/21/14 10:00,-64.815215,-3.10231
93,06/21/14 16:00,-64.815243,-3.102389
93,06/21/14 22:00,-64.815223,-3.10234
93,06/22/14 04:00,-64.815204,-3.102212
93,06/22/14 10:00,-64.815249,-3.102319
93,06/22/14 16:00,-64.814384,-3.105068
93,06/22/14 22:00,-64.814421,-3.105092
93,06/23/14 04:00,-64.810392,-3.101396
93,06/23/14 10:00,-64.810788,-3.101088
93,06/23/14 16:00,-64.810951,-3.101059
93,06/23/14 22:00,-64.810979,-3.101162
93,06/24/14 04:00,-64.812742,-3.099237
93,06/24/14 10:00,-64.814533,-3.100323
93,06/24/14 16:01,-64.814615,-3.100326
93,06/24/14 22:00,-64.814553,-3.100338
93,06/25/14 04:01,-64.815268,-3.09093
93,06/25/14 10:00,-64.815097,-3.092755
93,06/25/14 16:00,-64.815042,-3.092716
93,06/25/14 22:02,-64.815008,-3.09262
93,06/26/14 04:02,-64.801983,-3.089114
93,06/26/14 10:01,-64.802682,-3.089315
93,06/26/14 16:00,-64.793185,-3.088282
93,06/26/14 22:00,-64.794047,-3.088433
93,06/27/14 04:01,-64.794018,-3.08844
93,06/27/14 10:00,-64.79364,-3.088404
93,06/27/14 16:00,-64.793652,-3.088408
93,06/27/14 22:00,-64.79364,-3.088446
93,06/28/14 04:01,-64.791942,-3.101392
93,06/28/14 10:02,-64.791725,-3.101341
93,06/28/14 16:00,-64.791972,-3.10308
93,06/28/14 22:00,-64.79196,-3.103094
93,06/29/14 04:00,-64.787778,-3.107685
93,06/29/14 10:01,-64.77972,-3.110542
93,06/29/14 16:00,-64.779679,-3.110581
93,06/29/14 22:00,-64.779498,-3.110488
93,06/30/14 04:02,-64.779719,-3.110504
93,06/30/14 10:00,-64.77956,-3.109894
93,06/30/14 16:00,-64.779606,-3.109884
93,06/30/14 22:00,-64.779551,-3.109937
93,07/01/14 04:00,-64.779498,-3.109913
93,07/01/14 10:00,-64.779588,-3.10984
93,07/01/14 16:00,-64.784069,-3.101486
93,07/01/14 22:00,-64.784154,-3.101489
93,07/02/14 04:00,-64.784099,-3.101506
93,07/02/14 10:00,-64.784062,-3.101465
93,07/02/14 16:00,-64.784044,-3.101389
93,07/02/14 22:00,-64.784089,-3.101452
93,07/03/14 04:01,-64.788366,-3.089991
93,07/03/14 10:00,-64.790731,-3.080629
93,07/03/14 16:01,-64.789968,-3.078502
93,07/03/14 22:01,-64.789869,-3.078544
93,07/04/14 04:01,-64.789877,-3.073711
93,07/04/14 10:00,-64.792988,-3.076033
93,07/04/14 16:01,-64.792975,-3076.0
93,07/04/14 22:00,-64.793011,-3.07601
93,07/05/14 04:00,-64.805031,-3.067774
93,07/05/14 10:00,-64.81219,-3.067831
93,07/05/14 16:00,-64.812181,-3.067804
93,07/05/14 22:00,-64.812148,-3.067768
93,07/06/14 04:00,-64.816168,-3.067378
93,07/06/14 10:00,-64.819621,-3.06332
93,07/06/14 16:00,-64.816869,-3.054197
93,07/06/14 22:01,-64.817025,-3.054192
93,07/07/14 10:00,-64.824906,-3.053334
93,07/07/14 16:01,-64.825031,-3.053295
93,07/07/14 22:00,-64.825203,-3.050495
93,07/08/14 10:00,-64.832833,-3.049329
93,07/08/14 16:00,-64.840149,-3.039355
93,07/08/14 22:00,-64.840155,-3.039392
93,07/09/14 04:00,-64.840168,-3.039371
93,07/09/14 10:00,-64.840096,-3.039645
93,07/09/14 16:00,-64.840144,-3.039338
93,07/09/14 22:00,-64.840135,-3.039228
93,07/10/14 04:03,-64.838233,-3.035928
93,07/10/14 10:01,-64.830163,-3.028597
93,07/10/14 16:00,-64.828628,-3.02937
93,07/10/14 22:00,-64.82862,-3.029421
93,07/11/14 04:00,-64.829989,-3.029104
93,07/11/14 10:00,-64.840509,-3.022385
93,07/11/14 16:00,-64.840531,-3.022336
93,07/11/14 22:00,-64.840455,-3.022447
93,07/12/14 04:00,-64.845616,-3.019472
93,07/12/14 10:00,-64.846579,-3.018218
93,07/12/14 16:01,-64.845467,-3.013924
93,07/12/14 22:01,-64.845313,-3.01418
93,07/13/14 10:01,-64.878238,-3.018595
93,07/13/14 16:00,-64.878244,-3.018386
93,07/13/14 22:00,-64.878389,-3.018378
93,07/14/14 04:02,-64.883486,-3.013524
93,07/14/14 10:00,-64.884091,-3.017006
93,07/14/14 16:00,-64.884229,-3.016539
93,07/14/14 22:00,-64.884202,-3.016556
93,07/15/14 10:00,-64.893604,-3.005482
93,07/15/14 16:00,-64.891211,-3.004856
93,07/15/14 22:01,-64.886327,-3.012705
93,07/16/14 04:00,-64.886423,-3.01277
93,07/16/14 10:00,-64.886418,-3.012784
93,07/16/14 16:00,-64.886478,-3.012759
93,07/16/14 22:00,-64.886537,-3.0128
93,07/17/14 04:00,-64.883984,-3.017031
93,07/17/14 10:00,-64.884065,-3.017009
93,07/17/14 16:00,-64.884069,-3.017023
93,07/17/14 22:00,-64.884119,-3.017024
93,07/18/14 04:02,-64.886343,-3.024091
93,07/18/14 10:01,-64.874864,-3.028401
93,07/18/14 16:00,-64.874439,-3.03268
93,07/18/14 22:00,-64.874358,-3.032648
93,07/19/14 04:01,-64.870874,-3.035148
93,07/19/14 10:01,-64.870765,-3.035518
93,07/19/14 16:00,-64.869198,-3.036298
93,07/19/14 22:00,-64.8691,-3.036275
93,07/20/14 04:01,-64.857577,-3.032233
93,07/20/14 10:00,-64.853637,-3.027183
93,07/20/14 16:00,-64.853425,-3.027274
93,07/20/14 22:00,-64.853036,-3.026919
93,07/21/14 04:00,-64.851899,-3.026175
93,07/21/14 10:00,-64.851988,-3.026218
93,07/21/14 16:01,-64.838247,-3.035864
93,07/21/14 22:00,-64.838239,-3.035868
93,07/22/14 04:01,-64.840768,-3.039327
93,07/22/14 10:00,-64.840754,-3.039385
93,07/22/14 16:00,-64.84116,-3.039567
93,07/22/14 22:00,-64.84078,-3.039373
93,07/23/14 04:02,-64.845674,-3.04006
93,07/23/14 10:01,-64.851429,-3.039018
93,07/23/14 16:00,-64.851511,-3.039075
93,07/23/14 22:01,-64.85155,-3.03905
93,07/24/14 04:01,-64.851451,-3.038996
93,07/24/14 10:00,-64.859035,-3.032096
93,07/24/14 16:01,-64.866134,-3.027479
93,07/24/14 22:00,-64.86607,-3.027408
93,07/25/14 04:00,-64.869145,-3.035061
93,07/25/14 10:00,-64.876153,-3.028041
93,07/25/14 16:00,-64.876276,-3.028101
93,07/25/14 22:00,-64.882855,-3.019395
93,07/26/14 04:00,-64.881278,-3.023664
93,07/26/14 10:00,-64.869399,-3.030051
93,07/26/14 16:00,-64.869494,-3.030065
93,07/26/14 22:00,-64.866056,-3.027414
93,07/27/14 04:00,-64.866043,-3.027582
93,07/27/14 10:02,-64.866088,-3.027398
93,07/27/14 16:00,-64.866107,-3.0274
93,07/27/14 22:00,-64.866053,-3.027375
93,07/28/14 04:02,-64.864461,-3.025889
93,07/28/14 10:00,-64.852653,-3.026355
93,07/28/14 16:00,-64.852766,-3.026107
93,07/28/14 22:00,-64.852486,-3.026127
93,07/29/14 10:00,-64.851319,-3.026525
93,07/29/14 16:01,-64.837988,-3.030945
93,07/29/14 22:01,-64.837833,-3.031221
93,07/30/14 04:03,-64.827622,-3.034741
93,07/30/14 10:00,-64.827392,-3.036098
93,07/31/14 10:01,-64.827218,-3.041065
93,07/31/14 16:01,-64.827212,-3.040885
93,07/31/14 22:00,-64.827354,-3.040747
93,08/01/14 10:01,-64.849259,-3.023222
93,08/01/14 16:00,-64.845419,-3.013946
93,08/01/14 22:00,-64.845324,-3.013943
93,08/02/14 10:00,-64.847048,-2.996051
93,08/02/14 16:00,-64.844513,-2.989852
93,08/03/14 04:02,-64.856607,-2.998411
93,08/03/14 10:00,-64.870154,-2.99047
93,08/03/14 16:00,-64.870208,-2.990458
93,08/03/14 22:00,-64.876099,-2.993254
93,08/04/14 04:00,-64.874921,-3.00117
93,08/04/14 10:00,-64.874945,-3.00125
93,08/04/14 16:00,-64.874965,-3.001269
93,08/04/14 22:00,-64.877659,-3.006179
93,08/05/14 04:01,-64.883547,-3.013637
93,08/05/14 10:00,-64.880544,-3.016767
93,08/05/14 16:00,-64.880626,-3.016745
93,08/05/14 22:00,-64.880621,-3.01673
93,08/06/14 10:00,-64.858052,-3.019636
93,08/06/14 22:01,-64.855434,-3.004498
93,08/07/14 04:01,-64.855517,-3.004551
93,08/07/14 10:00,-64.855599,-3.00442
93,08/08/14 04:00,-64.857248,-2.994874
93,08/08/14 10:01,-64.857151,-2.994834
93,08/08/14 16:01,-64.854327,-2.987887
93,08/08/14 22:01,-64.841298,-2.979564
93,08/09/14 10:02,-64.846707,-3.002686
93,08/09/14 16:01,-64.841719,-3.014238
93,08/10/14 10:00,-64.866395,-3.023531
93,08/10/14 16:00,-64.866349,-3.023597
93,08/10/14 22:00,-64.865992,-3.027341
93,08/11/14 04:00,-64.866076,-3.027408
93,08/11/14 10:00,-64.865012,-3.02752
93,08/11/14 16:00,-64.866058,-3.027419
93,08/11/14 22:02,-64.878306,-3.021796
93,08/12/14 04:01,-64.888041,-3.001347
93,08/12/14 16:02,-64.842723,-2.980117
93,08/12/14 22:01,-64.842772,-2.98064
93,08/13/14 04:01,-64.842827,-2.980746
93,08/13/14 10:01,-64.842481,-2.980589
93,08/13/14 16:01,-64.842479,-2.980554
93,08/13/14 22:00,-64.840955,-2.97944
93,08/14/14 04:00,-64.840971,-2.979384
93,08/14/14 10:01,-64.841063,-2.97956
93,08/14/14 16:00,-64.84094,-2.979388
93,08/14/14 22:01,-64.841056,-2.979473
93,08/15/14 04:00,-64.84094,-2.979545
93,08/15/14 10:00,-64.841138,-2.979021
93,08/15/14 16:00,-64.841127,-2.979062
93,08/15/14 22:00,-64.84165,-2.979054
93,08/16/14 04:01,-64.843197,-3.017124
93,08/16/14 22:01,-64.839476,-3.016162
93,08/17/14 04:01,-64.839526,-3.016272
93,08/17/14 10:01,-64.839392,-3.016151
93,08/17/14 16:01,-64.839628,-3.016045
93,08/17/14 22:01,-64.839561,-3.016169
93,08/18/14 04:01,-64.839147,-3.016112
93,08/18/14 10:02,-64.839583,-3.01604
93,08/18/14 16:01,-64.839512,-3.016133
93,08/18/14 22:00,-64.839511,-3.016229
93,08/19/14 04:01,-64.839554,-3.016206
93,08/19/14 10:02,-64.839488,-3.016223
93,08/19/14 22:01,-64.845915,-3.007536
93,08/20/14 10:01,-64.865456,-2.991269
93,08/20/14 22:01,-64.888229,-2.968303
93,08/21/14 16:01,-64.909375,-2.973195
93,08/21/14 22:01,-64.909539,-2.973102
93,08/22/14 04:03,-64.907275,-2.975486
93,08/23/14 04:03,-64.909828,-2.971511
93,08/24/14 22:00,-64.904504,-2.938404
93,08/25/14 04:02,-64.897669,-2.958839
93,08/25/14 22:01,-64.88202,-2.970459
93,08/26/14 10:00,-64.868063,-2.996698
93,08/27/14 16:01,-64.848641,-3.030671
93,08/27/14 22:01,-64.848796,-3.030873
93,08/28/14 04:01,-64.854879,-3.017743
93,08/28/14 10:00,-64.867262,-2.974943
93,08/28/14 16:01,-64.86733,-2.974848
93,08/28/14 22:01,-64.867545,-2.975172
93,08/29/14 04:00,-64.867337,-2.975415
93,08/29/14 10:00,-64.869615,-2.974845
93,08/29/14 16:02,-64.870898,-2.974622
93,08/29/14 22:00,-64.882269,-2.970119
93,08/30/14 10:01,-64.91278,-2.966595
93,08/30/14 16:00,-64.912078,-2.965716
93,08/30/14 22:00,-64.912047,-2.965764
93,08/31/14 16:00,-64.912084,-2.965696
93,08/31/14 22:01,-64.912122,-2.96601
93,09/01/14 10:00,-64.903769,-2.967844
93,09/02/14 04:00,-64.912101,-2.966263
93,09/02/14 10:02,-64.909436,-2.967919
93,09/02/14 16:00,-64.87327,-2.973788
93,09/02/14 22:01,-64.873222,-2.973516
93,09/03/14 04:01,-64.873839,-2.974575
93,09/03/14 10:01,-64.873321,-2.974528
93,09/03/14 16:01,-64.872508,-2.974367
93,09/03/14 22:00,-64.871941,-2.975322
93,09/04/14 04:01,-64.871472,-2.975519
93,09/04/14 10:00,-64.870782,-2.975126
93,09/04/14 16:01,-64.869929,-2.975754
93,09/04/14 22:00,-64.866466,-2.982084
93,09/05/14 04:01,-64.867179,-2.988392
93,09/05/14 10:02,-64.867998,-2.990898
93,09/05/14 16:00,-64.871436,-2.991412
93,09/05/14 22:00,-64.869352,-2.989626
93,09/06/14 04:00,-64.868195,-2.986459
93,09/06/14 10:00,-64.911005,-2.962197
93,09/06/14 22:00,-64.912386,-2.948268
93,09/07/14 04:02,-64.904798,-2.946827
93,09/07/14 10:03,-64.875722,-2.955219
93,09/07/14 16:00,-64.859132,-2.962816
93,09/07/14 22:00,-64.857426,-2.96258
93,09/08/14 16:02,-64.837381,-3.000253
93,09/08/14 22:03,-64.83738,-2.999827
93,09/09/14 16:00,-64.849283,-2.977455
93,09/10/14 04:02,-64.871961,-2.966151
93,09/10/14 22:01,-64.873262,-2.963853
93,09/11/14 10:01,-64.827706,-2.999852
93,09/11/14 16:00,-64.833001,-2.992409
93,09/12/14 10:01,-64.865335,-3.009008
93,09/12/14 16:00,-64.866468,-3.00959
93,09/12/14 22:00,-64.869886,-3.011621
93,09/13/14 04:01,-64.879697,-3.010268
93,09/13/14 16:02,-64.877247,-3.016939
93,09/14/14 04:01,-64.877306,-3.025395
93,09/14/14 10:00,-64.868845,-3.027482
93,09/14/14 22:00,-64.868314,-3.02576
93,09/15/14 04:00,-64.867907,-3.025472
93,09/16/14 16:00,-64.823512,-3.073456
93,09/17/14 10:00,-64.817153,-3.035029
93,09/18/14 04:02,-64.846433,-3.025011
93,09/18/14 16:02,-64.846883,-2.982237
93,09/19/14 22:01,-64.905164,-2.948935
93,09/20/14 04:01,-64.883198,-2.968003
93,09/20/14 10:00,-64.884436,-2.971519
93,09/20/14 16:00,-64.884187,-2.971338
93,09/20/14 22:00,-64.892831,-2.991085
93,09/21/14 10:01,-64.856403,-3.006442
93,09/21/14 22:01,-64.856486,-3.006276
93,09/22/14 04:00,-64.856326,-3.006403
93,09/22/14 16:03,-64.852057,-2.986624
93,09/23/14 10:02,-64.836006,-3.019185
93,09/23/14 16:00,-64.834898,-3.01838
93,09/23/14 22:00,-64.823612,-3.0225
93,09/24/14 10:02,-64.816281,-3.026334
93,09/24/14 16:00,-64.833532,-3.020991
93,09/24/14 22:00,-64.836025,-3.018934
93,09/25/14 04:03,-64.844118,-2.961272
93,09/25/14 10:01,-64.852843,-2.956797
93,09/25/14 16:01,-64.876149,-2.996027
93,09/26/14 16:00,-64.852424,-3.022103
93,09/26/14 22:00,-64.85156,-3.023436
93,09/27/14 04:00,-64.856809,-3.029863
93,09/27/14 16:00,-64.862165,-3.024026
93,09/27/14 22:01,-64.867418,-2.997293
93,09/28/14 04:00,-64.861025,-2.97098
93,09/28/14 10:00,-64.840232,-2.992567
93,09/28/14 16:00,-64.842043,-3.008688
93,09/29/14 10:02,-64.837919,-3.01819
93,09/29/14 16:00,-64.839811,-3.016423
93,09/30/14 04:02,-64.845698,-3.00402
93,09/30/14 10:02,-64.845653,-3.00402
93,09/30/14 16:01,-64.84571,-3.003879
93,09/30/14 22:03,-64.841565,-2.989827
93,10/01/14 10:01,-64.86456,-2.972758
93,10/01/14 16:00,-64.875028,-2.971743
93,10/02/14 04:01,-64.890034,-2.988522
93,10/02/14 10:00,-64.88756,-2.996308
93,10/02/14 22:00,-64.889919,-3.007251
93,10/03/14 10:00,-64.896099,-2.98409
93,10/03/14 16:00,-64.897186,-2.982188
93,10/03/14 22:01,-64.897396,-2.980872
93,10/04/14 10:00,-64.880104,-2.999052
93,10/04/14 16:01,-64.87562,-3.000828
93,10/04/14 22:00,-64.875991,-3.000525
93,10/05/14 04:02,-64.875759,-3.000942
93,10/05/14 10:00,-64.875894,-3.000733
93,10/05/14 16:00,-64.875797,-3.000894
93,10/05/14 22:03,-64.867328,-2.986961
93,10/06/14 04:00,-64.88935,-2.986194
93,10/06/14 10:01,-64.886867,-2.990961
93,10/06/14 16:01,-64.886011,-2.989316
93,10/07/14 10:03,-64.881592,-2.969667
93,10/07/14 16:00,-64.876546,-2.971545
93,10/08/14 10:01,-64.874432,-2.975189
93,10/08/14 16:03,-64.877212,-2.976782
93,10/08/14 22:01,-64.881036,-2.971277
93,10/09/14 04:02,-64.868664,-2.988121
93,10/09/14 10:01,-64.881526,-2.983284
93,10/09/14 16:00,-64.88155,-2.983176
93,10/09/14 22:01,-64.885626,-2.990242
93,10/10/14 10:01,-64.882753,-2.995123
93,10/10/14 16:00,-64.882736,-2.995025
93,10/10/14 22:01,-64.882592,-2.994823
93,10/11/14 04:02,-64.882679,-2.995032
93,10/11/14 10:01,-64.882534,-2.994965
93,10/11/14 16:01,-64.883009,-2.994973
93,10/12/14 04:01,-64.881017,-3.002777
93,10/12/14 10:01,-64.881083,-3.003807
93,10/12/14 16:00,-64.873354,-3.013155
93,10/12/14 22:00,-64.87356,-3.015519
93,10/13/14 04:01,-64.864824,-3.021499
93,10/13/14 10:00,-64.862277,-3.023879
93,10/13/14 16:00,-64.862245,-3.023791
93,10/13/14 22:01,-64.852282,-3.020657
93,10/14/14 16:00,-64.852775,-2.98617
93,10/14/14 22:01,-64.856581,-2.99321
93,10/15/14 04:01,-64.856489,-2.993628
93,10/15/14 10:00,-64.853368,-2.984787
93,10/15/14 16:01,-64.848644,-2.982541
93,10/16/14 04:01,-64.846539,-2.977779
93,10/16/14 10:00,-64.850669,-2.975696
93,10/16/14 16:00,-64.854984,-2.974882
93,10/17/14 10:00,-64.866885,-2.993033
93,10/17/14 16:00,-64.866277,-3.000824
93,10/17/14 22:00,-64.867646,-3.001888
93,10/18/14 04:02,-64.866898,-3.002728
93,10/18/14 10:02,-64.865994,-3.001814
93,10/18/14 16:00,-64.866644,-2.998657
93,10/18/14 22:00,-64.867042,-2.996815
93,10/19/14 04:00,-64.867224,-2.997295
93,10/19/14 10:02,-64.867219,-2.99751
93,10/19/14 16:00,-64.866575,-2.996996
93,10/20/14 04:00,-64.894139,-2.984785
93,10/20/14 10:00,-64.894228,-2.984745
93,10/20/14 16:00,-64.894814,-2.984457
93,10/21/14 04:02,-64.882337,-2.996843
93,10/21/14 10:01,-64.88522,-2.999183
93,10/21/14 16:00,-64.885555,-2.999091
93,10/21/14 22:00,-64.884893,-2.998808
93,10/22/14 04:00,-64.890589,-3.002134
93,10/22/14 10:00,-64.890752,-3.002059
93,10/22/14 16:00,-64.889529,-3.004187
93,10/22/14 22:01,-64.869576,-3.01264
93,10/23/14 10:00,-64.833564,-3.018403
93,10/23/14 16:00,-64.826424,-3.021841
93,10/23/14 22:01,-64.823783,-3.018556
93,10/24/14 04:01,-64.829268,-3.015655
93,10/24/14 16:00,-64.836221,-3.003907
93,10/24/14 22:01,-64.836895,-3.003964
93,10/25/14 10:00,-64.839084,-3.00047
93,10/25/14 16:00,-64.839111,-3.000522
93,10/26/14 04:01,-64.838599,-2.999171
93,10/26/14 10:01,-64.837029,-2.999862
93,10/26/14 16:00,-64.837019,-2.997371
93,10/27/14 04:00,-64.856091,-2.987122
93,10/27/14 10:00,-64.857089,-3.006238
93,10/27/14 16:00,-64.856901,-3.006091
93,10/28/14 04:01,-64.856928,-3.006151
93,10/28/14 16:01,-64.86255,-3.010844
93,10/28/14 22:02,-64.866579,-3.024891
93,10/29/14 04:01,-64.885747,-3.012812
93,10/29/14 10:01,-64.885705,-3.012202
93,10/29/14 16:00,-64.886579,-3.011429
93,10/29/14 22:01,-64.89113,-3.002926
93,10/30/14 16:00,-64.886826,-2.994021
93,10/30/14 22:01,-64.899606,-2.984973
93,10/31/14 04:00,-64.907192,-2.984853
93,10/31/14 10:00,-64.908465,-2.983695
93,10/31/14 16:00,-64.88788,-2.963438
93,10/31/14 22:01,-64.865701,-2.95809
93,11/01/14 04:00,-64.878848,-2.957314
93,11/01/14 10:00,-64.86819,-2.970673
93,11/01/14 16:00,-64.871448,-2.972361
93,11/01/14 22:01,-64.875662,-2.976517
93,11/02/14 04:00,-64.879564,-2.999149
93,11/02/14 10:00,-64.876744,-3.009367
93,11/02/14 16:00,-64.876759,-3.009335
93,11/02/14 22:00,-64.884604,-3.019826
93,11/03/14 04:03,-64.874201,-3.026373
93,11/03/14 16:01,-64.871341,-3.025409
93,11/03/14 22:01,-64.864693,-3.032076
93,11/04/14 04:01,-64.85431,-3.029226
93,11/04/14 10:03,-64.854456,-3.029174
93,11/04/14 16:01,-64.85171,-3.02316
93,11/04/14 22:03,-64.850052,-3.024821
93,11/05/14 04:01,-64.847375,-3.028573
93,11/05/14 16:01,-64.843079,-3.03505
93,11/05/14 22:01,-64.836559,-3.046848
93,11/06/14 04:01,-64.837992,-3.049361
93,11/06/14 16:01,-64.837759,-3.049149
93,11/07/14 04:01,-64.849806,-3.039034
93,11/07/14 10:01,-64.850398,-3.03753
93,11/07/14 16:01,-64.851712,-3.027625
93,11/07/14 22:01,-64.848962,-3.010265
93,11/08/14 04:01,-64.857881,-2.994099
93,11/08/14 16:01,-64.855233,-3.007671
93,11/08/14 22:00,-64.83485,-3.017696
93,11/09/14 10:01,-64.817316,-3.005169
93,11/09/14 16:00,-64.827208,-2.990077
93,11/09/14 22:00,-64.827864,-2.999605
93,11/10/14 10:02,-64.834765,-2.988745
93,11/11/14 04:01,-64.862171,-3.002457
93,11/11/14 10:00,-64.860128,-3.002333
93,11/11/14 16:01,-64.878756,-3.008226
93,11/11/14 22:00,-64.888654,-3.009124
93,11/12/14 04:00,-64.890127,-3.007769
93,11/12/14 16:00,-64.889671,-3.007916
93,11/12/14 22:00,-64.874911,-3.0132
93,11/13/14 04:01,-64.874769,-3.013456
93,11/13/14 10:00,-64.874858,-3.013469
93,11/13/14 16:00,-64.874894,-3.013333
93,11/13/14 22:01,-64.874662,-3.013567
93,11/14/14 04:00,-64.880084,-3.014653
93,11/14/14 10:02,-64.880099,-3.014661
93,11/14/14 16:00,-64.849345,-2.980633
93,11/14/14 22:01,-64.854443,-2.974497
93,11/15/14 04:00,-64.847273,-2.964333
93,11/15/14 10:00,-64.847084,-2.96442
93,11/15/14 16:00,-64.844041,-2.967179
93,11/16/14 04:02,-64.845347,-2.999598
93,11/16/14 10:01,-64.845149,-3.000042
93,11/16/14 16:00,-64.845641,-3.004291
93,11/16/14 22:02,-64.857947,-2.995872
93,11/17/14 04:02,-64.857558,-2.995906
93,11/17/14 10:02,-64.857621,-2.995996
93,11/17/14 16:01,-64.862944,-2.996266
93,11/17/14 22:02,-64.854984,-3.011673
93,11/18/14 04:02,-64.824298,-3.021037
93,11/18/14 10:00,-64.817551,-3.020342
93,11/18/14 16:01,-64.817798,-3.020173
93,11/19/14 04:01,-64.838616,-3.000434
93,11/19/14 10:00,-64.838634,-2.99968
93,11/19/14 16:00,-64.837109,-2.997248
93,11/20/14 04:00,-64.827787,-3.035078
93,11/20/14 10:00,-64.839424,-3.019907
93,11/21/14 04:00,-64.88499,-3.009929
93,11/21/14 10:01,-64.885248,-3.009837
93,11/21/14 16:00,-64.877603,-2.992831
93,11/21/14 22:01,-64.853264,-2.99674
93,11/22/14 04:01,-64.84421,-3.014362
93,11/22/14 10:00,-64.844276,-3.014629
93,11/23/14 04:00,-64.824639,-3.0272
93,11/23/14 10:01,-64.84317,-3.020319
93,11/23/14 16:01,-64.843577,-3.020247
93,11/24/14 04:02,-64.843445,-3.020566
93,11/24/14 10:00,-64.843609,-3.020675
93,11/24/14 16:01,-64.838534,-3.011432
93,11/25/14 04:02,-64.851652,-3.015277
93,11/25/14 10:00,-64.857243,-3.009835
93,11/25/14 22:01,-64.841114,-2.980423
93,11/26/14 04:01,-64.827223,-2.99056
93,11/26/14 10:00,-64.827115,-2.990583
93,11/26/14 16:01,-64.827546,-2.989931
93,11/26/14 22:01,-64.825493,-2.989882
93,11/27/14 10:01,-64.838513,-3.019625
93,11/27/14 22:03,-64.837944,-3.018033
93,11/28/14 04:01,-64.843264,-3.016716
93,11/28/14 10:01,-64.846393,-3.017301
93,11/28/14 16:00,-64.849806,-3.012855
93,11/29/14 04:01,-64.85135,-3.036561
93,11/29/14 10:00,-64.851184,-3.036617
93,11/29/14 16:00,-64.850703,-3.036748
93,11/30/14 04:01,-64.849298,-3.030961
93,11/30/14 10:01,-64.849976,-3.03075
93,11/30/14 16:01,-64.849082,-3.030772
93,11/30/14 22:02,-64.838166,-3.044969
93,12/01/14 10:00,-64.838201,-3.045201
93,12/01/14 16:03,-64.837571,-3.045452
93,12/01/14 22:01,-64.839149,-3.044796
93,12/02/14 04:01,-64.837532,-3.047895
93,12/02/14 10:00,-64.837296,-3.047658
93,12/03/14 10:00,-64.847593,-3.029075
93,12/03/14 16:00,-64.847588,-3.029185
93,12/03/14 22:01,-64.856707,-3.010175
93,12/04/14 04:02,-64.854549,-2.990659
93,12/04/14 10:00,-64.850168,-2.99112
93,12/05/14 04:01,-64.825979,-2.987999
93,12/05/14 10:00,-64.827577,-2.988854
93,12/05/14 16:00,-64.829973,-2.987724
93,12/05/14 22:02,-64.834641,-2.960023
93,12/06/14 04:01,-64.844184,-2.961425
93,12/06/14 16:01,-64.845357,-2.966824
93,12/07/14 04:01,-64.854404,-2.981987
93,12/07/14 10:00,-64.854443,-2.982516
93,12/07/14 16:00,-64.854296,-2.98264
93,12/08/14 10:02,-64.81033,-3.063032
93,12/08/14 16:01,-64.810589,-3.063393
93,12/08/14 22:01,-64.821332,-3.057207
93,12/09/14 22:01,-64.82835,-3.044886
93,12/10/14 10:00,-64.858409,-3.025448
93,12/10/14 16:01,-64.858313,-3.024945
93,12/10/14 22:00,-64.866888,-3.025464
93,12/12/14 04:01,-64.856367,-3.007417
93,12/12/14 10:00,-64.856182,-3.007458
93,12/12/14 22:01,-64.845422,-2.978267
93,12/13/14 04:01,-64.845397,-2.978243
93,12/13/14 10:01,-64.845162,-2.978333
93,12/13/14 16:01,-64.845099,-2.978273
93,12/13/14 22:01,-64.840405,-2.97659
93,12/14/14 04:01,-64.835993,-2.973098
93,12/15/14 04:00,-64.814959,-3.017936
93,12/15/14 10:00,-64.816479,-3.017521
93,12/16/14 04:02,-64.820666,-3.016729
93,12/16/14 16:01,-64.821358,-3.017189
93,12/17/14 04:01,-64.835086,-2.985724
93,12/17/14 10:00,-64.835543,-2.9855
93,12/17/14 16:00,-64.83883,-2.986376
93,12/18/14 10:01,-64.873803,-2.990101
93,12/19/14 10:00,-64.874351,-3.027342
93,12/19/14 16:00,-64.874359,-3.026223
93,12/19/14 22:01,-64.868306,-3.025805
93,12/20/14 10:02,-64.859803,-3.023439
93,12/20/14 16:00,-64.859835,-3.02373
93,12/21/14 04:01,-64.866776,-2.982716
93,12/21/14 10:01,-64.868121,-2.982424
93,12/21/14 16:01,-64.867947,-2.983545
93,12/22/14 04:00,-64.885642,-2.988783
93,12/22/14 16:00,-64.874776,-2.99711
93,12/23/14 10:01,-64.820856,-3.023511
93,12/23/14 16:00,-64.831751,-3.019295
93,12/24/14 10:00,-64.831573,-2.969286
93,12/24/14 16:01,-64.847466,-2.955628
93,12/25/14 04:02,-64.848126,-2.958758
93,12/25/14 10:01,-64.848122,-2.958678
93,12/25/14 16:02,-64.848208,-2.958804
93,12/25/14 22:00,-64.847718,-2.96654
93,12/26/14 04:02,-64.845195,-2.969289
93,12/26/14 10:02,-64.848115,-2.978735
93,12/26/14 16:01,-64.84646,-2.992495
93,12/27/14 10:00,-64.845764,-2.977599
93,12/27/14 16:01,-64.845782,-2.977539
93,12/27/14 22:02,-64.862391,-2.997411
93,12/28/14 04:02,-64.886818,-3.016714
93,12/28/14 10:00,-64.886901,-3.01659
93,12/28/14 16:00,-64.885946,-3.00753
93,12/29/14 04:02,-64.857841,-3.006946
93,12/29/14 16:01,-64.877746,-3.010677
93,12/29/14 22:01,-64.870442,-3.012251
93,12/30/14 10:00,-64.874024,-3.01669
93,12/30/14 16:00,-64.873891,-3.016745
93,12/30/14 22:00,-64.844053,-3.036113
93,12/31/14 04:01,-64.843856,-3.052796
93,12/31/14 10:01,-64.843349,-3.052741
93,12/31/14 22:00,-64.843011,-3.062762
93,01/01/15 10:00,-64.819833,-3.067123
93,01/01/15 22:00,-64.836291,-3.048155
93,01/02/15 04:00,-64.843697,-3.034538
93,01/02/15 10:00,-64.843661,-3.034568
93,01/03/15 10:00,-64.836479,-3.021229
93,01/03/15 22:00,-64.825307,-3.016007
93,01/04/15 04:01,-64.825109,-3.016234
93,01/04/15 22:02,-64.837911,-2.988243
93,01/05/15 10:00,-64.843959,-2.976844
93,01/05/15 22:01,-64.829091,-3.009774
93,01/06/15 10:00,-64.817971,-3.01909
93,01/06/15 16:00,-64.831074,-3.017388
93,01/07/15 10:01,-64.853773,-3.004693
93,01/07/15 22:02,-64.854904,-3.002413
93,01/08/15 10:00,-64.857806,-2.995693
93,01/09/15 10:00,-64.86457,-2.996906
93,01/09/15 16:01,-64.865419,-2.995329
93,01/10/15 04:02,-64.86142,-2.965633
93,01/10/15 10:00,-64.873001,-2.987308
93,01/11/15 10:01,-64.844743,-3.035519
93,01/11/15 22:02,-64.840324,-3.033678
93,01/12/15 04:02,-64.840088,-3.0337
93,01/12/15 10:01,-64.840566,-3.033347
93,01/12/15 16:02,-64.844398,-3.041171
93,02/18/15 04:02,-64.832511,-3.031068
93,04/04/15 10:01,-64.85002,-3.083768
93,04/04/15 16:01,-64.849935,-3.084712
93,04/04/15 22:02,-64.849935,-3.083339
93,04/05/15 04:01,-64.840236,-3.078704
93,04/05/15 10:00,-64.838347,-3.073726
93,04/05/15 16:00,-64.838433,-3.073726
93,04/05/15 22:01,-64.838347,-3.073726
93,04/27/15 10:00,-64.776206,-3.103852
93,04/27/15 16:00,-64.776292,-3.103766
93,04/27/15 22:00,-64.776292,-3.103766
93,04/28/15 04:00,-64.775519,-3.10617
93,04/28/15 10:01,-64.775262,-3.10617
93,04/28/15 16:01,-64.775434,-3.106256
93,04/28/15 22:01,-64.775262,-3.106256
93,05/03/15 10:00,-64.782987,-3.100762
93,05/03/15 16:00,-64.782987,-3.100762
93,05/03/15 22:00,-64.783072,-3.100762
93,05/04/15 04:00,-64.782901,-3.100762
93,05/04/15 10:00,-64.782987,-3.100762
93,05/04/15 16:00,-64.782987,-3.100677
93,05/04/15 22:00,-64.782987,-3.100677
93,05/05/15 04:01,-64.782214,-3.101106
93,05/05/15 10:00,-64.782214,-3.101192
93,05/05/15 16:00,-64.782214,-3.101192
93,05/05/15 22:00,-64.782214,-3.101277
93,05/12/15 04:02,-64.773202,-3.101449
93,05/12/15 10:01,-64.773116,-3.101707
93,05/12/15 16:00,-64.773288,-3.101449
93,05/12/15 22:00,-64.773202,-3.101449
93,05/13/15 04:01,-64.773288,-3.101621
93,05/13/15 10:00,-64.773202,-3.101449
93,05/13/15 16:00,-64.77303,-3.101621
93,05/13/15 22:00,-64.773116,-3.101535
93,05/17/15 10:00,-64.787793,-3.107715
93,05/17/15 16:00,-64.791055,-3.104882
93,05/17/15 22:00,-64.791055,-3.104968
93,06/01/15 22:00,-64.825301,-3.037076
93,06/02/15 04:01,-64.825387,-3.037248
93,06/02/15 10:02,-64.825301,-3.037162
93,06/02/15 16:00,-64.825387,-3.037076
93,06/02/15 22:00,-64.826589,-3.040595
93,06/03/15 04:00,-64.826589,-3.040681
93,06/03/15 10:01,-64.826503,-3.040681
93,06/03/15 16:00,-64.826589,-3.040595
93,06/03/15 22:00,-64.826674,-3.040509
93,06/04/15 04:01,-64.82676,-3.040767
93,06/04/15 10:00,-64.826503,-3.040595
93,06/04/15 16:00,-64.826674,-3.039308
93,06/04/15 22:00,-64.826674,-3.039308
93,06/05/15 04:01,-64.828734,-3.029437
93,06/05/15 16:00,-64.834313,-3.026776
93,06/05/15 22:00,-64.834399,-3.026776
93,06/06/15 04:00,-64.838519,-3.024201
93,06/06/15 10:01,-64.827361,-3.034329
93,06/10/15 04:01,-64.811482,-3.035531
93,06/10/15 10:01,-64.820666,-3.033471
93,06/10/15 16:00,-64.820409,-3.033385
93,06/10/15 22:00,-64.82058,-3.033385
93,06/11/15 04:01,-64.821095,-3.03184
93,06/11/15 10:00,-64.828563,-3.029437
93,06/11/15 16:00,-64.828649,-3.029437
93,06/14/15 22:00,-64.849162,-3.012357
93,06/21/15 22:00,-64.840751,-3.039393
93,06/22/15 04:01,-64.834313,-3.0442
93,06/22/15 10:00,-64.832768,-3.049264
93,06/22/15 16:00,-64.832854,-3.049264
93,06/22/15 22:00,-64.832854,-3.04935
93,06/23/15 10:01,-64.824357,-3.05759
93,06/23/15 16:02,-64.822383,-3.058877
93,06/24/15 10:01,-64.818263,-3.064456
93,06/24/15 16:00,-64.817662,-3.064971
93,07/12/15 22:01,-64.850535,-3.036904
93,07/13/15 04:01,-64.851737,-3.035188
93,07/13/15 10:00,-64.851737,-3.035188
93,07/13/15 16:00,-64.851823,-3.035274
93,07/13/15 22:00,-64.851823,-3.035188
93,07/14/15 04:02,-64.851136,-3.034844
93,07/14/15 10:00,-64.851136,-3.032269
93,07/14/15 16:00,-64.851308,-3.029008
93,07/14/15 22:00,-64.851394,-3.029094
93,07/15/15 10:00,-64.843583,-3.020768
93,07/15/15 16:01,-64.843583,-3.020768
93,07/15/15 22:00,-64.843669,-3.020768
93,07/24/15 16:00,-64.823928,-3.040938
93,07/24/15 22:00,-64.824014,-3.040938
93,07/28/15 04:00,-64.808221,-3.067718
93,07/28/15 10:01,-64.808307,-3.067632
93,07/28/15 16:00,-64.811225,-3.068061
93,07/28/15 22:01,-64.811311,-3.068061
93,07/31/15 10:00,-64.816031,-3.087201
93,07/31/15 16:00,-64.816031,-3.087115
93,07/31/15 22:00,-64.816203,-3.086944
93,08/01/15 04:00,-64.813113,-3.090892
93,08/01/15 10:00,-64.813113,-3.090892
93,08/01/15 16:01,-64.813113,-3.09072
93,08/01/15 22:00,-64.813113,-3.090892
93,03/19/14 12:00,-64.855767,-3.065534
93,03/19/14 18:00,-64.856711,-3.06528
93,03/20/14 18:00,-64.859192,-3.061444
93,03/21/14 00:00,-64.853023,-3.052477
93,03/23/14 06:00,-64.843491,-3.03093
93,03/24/14 00:00,-64.831909,-3.057226
93,03/24/14 06:00,-64.836122,-3.045548
93,03/24/14 12:00,-64.841854,-3.033987
93,03/24/14 18:00,-64.848987,-3.022312
93,03/26/14 00:00,-64.867292,-2.98173
93,03/27/14 06:00,-64.850681,-2.986539
93,03/27/14 18:00,-64.818928,-3.025833
93,03/28/14 00:00,-64.792923,-3.0704
93,03/30/14 06:00,-64.800538,-3.084254
93,03/30/14 12:00,-64.796097,-3.090917
93,03/30/14 18:00,-64.792584,-3.09564
93,03/31/14 12:00,-64.792501,-3.106828
93,04/01/14 18:00,-64.796383,-3.085958
93,04/02/14 00:00,-64.803809,-3.095437
93,04/02/14 18:00,-64.803064,-3.099066
93,04/04/14 00:00,-64.80107,-3.109369
93,04/04/14 18:00,-64.831584,-3.100038
93,04/06/14 00:00,-64.855732,-3.087884
93,04/06/14 12:00,-64.865699,-3.090923
93,04/07/14 00:00,-64.859812,-3.082062
93,04/07/14 18:00,-64.861814,-3.071522
93,04/08/14 06:00,-64.866791,-3.079163
93,04/08/14 12:00,-64.865547,-3.094472
93,04/10/14 12:00,-64.852948,-3.093506
93,04/12/14 00:00,-64.824186,-3.100057
93,04/12/14 06:00,-64.807098,-3.084094
93,04/14/14 00:00,-64.808531,-3.073886
93,04/15/14 12:00,-64.806941,-3.077928
93,04/15/14 18:00,-64.806296,-3.07734
93,04/16/14 00:00,-64.806203,-3.077418
93,04/16/14 12:00,-64.806721,-3.077881
93,04/16/14 18:00,-64.806712,-3.078522
93,04/18/14 12:00,-64.806785,-3.077726
93,04/19/14 12:00,-64.808154,-3.076662
93,04/21/14 12:00,-64.793925,-3.077423
93,04/23/14 12:00,-64.789072,-3.100286
93,04/24/14 12:00,-64.788493,-3.074257
93,04/25/14 00:00,-64.794673,-3.064929
93,04/25/14 12:00,-64.810221,-3.03724
93,04/25/14 18:00,-64.841564,-3.027979
93,04/26/14 18:00,-64.845238,-2.981955
93,04/27/14 00:00,-64.833573,-2.976988
93,04/27/14 12:00,-64.833675,-2.978701
93,04/28/14 00:00,-64.831723,-2.97686
93,04/28/14 12:00,-64.838014,-2.992269
93,04/28/14 18:00,-64.838242,-2.99403
93,04/29/14 00:00,-64.839291,-2.994671
93,04/29/14 06:00,-64.839506,-2.995945
93,04/29/14 12:00,-64.838267,-2.998019
93,04/29/14 18:00,-64.838171,-2.998766
93,05/02/14 18:00,-64.835863,-2.988409
93,05/03/14 06:00,-64.839571,-2.987741
93,05/04/14 12:00,-64.829955,-2.980444
93,05/05/14 00:00,-64.830758,-2.980064
93,05/07/14 00:00,-64.83263,-3.00022
93,05/07/14 06:00,-64.837544,-2.9985
93,05/07/14 12:00,-64.842692,-2.996721
93,05/09/14 00:00,-64.834739,-2.978468
93,05/11/14 00:00,-64.817451,-3.052784
93,05/11/14 18:00,-64.81485,-3.067125
93,05/12/14 12:00,-64.781288,-3.09493
93,05/13/14 06:00,-64.78207,-3.0928
93,05/20/14 00:00,-64.770918,-3.101468
93,05/25/14 00:00,-64.796855,-3.07148
93,05/29/14 00:00,-64.819823,-3.03274
93,06/01/14 06:00,-64.841619,-3.01223
93,06/04/14 00:00,-64.85825,-2.990193
93,06/05/14 00:00,-64.85057,-2.991561
93,06/06/14 00:00,-64.842764,-3.019245
93,06/08/14 06:00,-64.806299,-3.033843
93,06/12/14 00:00,-64.823501,-3.07395
93,07/07/14 00:00,-64.816133,-3.053431
93,07/08/14 00:00,-64.82484,-3.050722
93,07/13/14 00:00,-64.844617,-3.013874
93,07/15/14 00:00,-64.88347,-3.017395
93,07/29/14 00:00,-64.852387,-3.025444
93,07/30/14 12:00,-64.827302,-3.036564
93,07/30/14 18:00,-64.826829,-3.038393
93,07/31/14 00:00,-64.826154,-3.041255
93,08/01/14 00:00,-64.826266,-3.040573
93,08/02/14 00:00,-64.845097,-3.01232
93,08/02/14 18:00,-64.844053,-2.989353
93,08/06/14 00:00,-64.881764,-3.016237
93,08/06/14 12:00,-64.858111,-3.01928
93,08/07/14 12:00,-64.855871,-3.00461
93,08/07/14 18:00,-64.857257,-2.995338
93,08/09/14 00:00,-64.83967,-2.979423
93,08/09/14 18:00,-64.840702,-3.014181
93,08/10/14 00:00,-64.864849,-3.022243
93,08/12/14 06:00,-64.887608,-2.999857
93,08/16/14 06:00,-64.842638,-3.017191
93,08/16/14 12:00,-64.83939,-3.015807
93,08/19/14 12:00,-64.839139,-3.016008
93,08/20/14 00:00,-64.845513,-3.006016
93,08/20/14 12:00,-64.865322,-2.992164
93,08/21/14 00:00,-64.888409,-2.967862
93,08/21/14 06:00,-64.909031,-2.973829
93,08/22/14 06:00,-64.907505,-2.97519
93,08/22/14 12:00,-64.908211,-2.972283
93,08/22/14 18:00,-64.909577,-2.971381
93,08/23/14 06:00,-64.909734,-2.970516
93,08/23/14 12:00,-64.908536,-2.963149
93,08/23/14 18:00,-64.907175,-2.956356
93,08/24/14 00:00,-64.905662,-2.950044
93,08/24/14 06:00,-64.903128,-2.943773
93,08/24/14 12:00,-64.903283,-2.938151
93,08/25/14 06:00,-64.897636,-2.958467
93,08/25/14 12:00,-64.882039,-2.970078
93,08/26/14 00:00,-64.881163,-2.970515
93,08/26/14 12:00,-64.868062,-2.997109
93,08/26/14 18:00,-64.860807,-3.007936
93,08/27/14 00:00,-64.854225,-3.019209
93,08/27/14 06:00,-64.848595,-3.030542
93,08/30/14 00:00,-64.882236,-2.969355
93,08/31/14 00:00,-64.912391,-2.965038
93,08/31/14 06:00,-64.911524,-2.965578
93,09/01/14 00:00,-64.912323,-2.964629
93,09/01/14 12:00,-64.903629,-2.966757
93,09/01/14 18:00,-64.911126,-2.965909
93,09/06/14 12:00,-64.911464,-2.961059
93,09/08/14 00:00,-64.856925,-2.962083
93,09/08/14 06:00,-64.836692,-3.000572
93,09/09/14 00:00,-64.837704,-2.998942
93,09/09/14 06:00,-64.848173,-2.976911
93,09/09/14 18:00,-64.849015,-2.97709
93,09/10/14 06:00,-64.872253,-2.966107
93,09/10/14 12:00,-64.873519,-2.963845
93,09/11/14 00:00,-64.873196,-2.962762
93,09/11/14 18:00,-64.834051,-2.992398
93,09/12/14 00:00,-64.865467,-3.009919
93,09/13/14 06:00,-64.878772,-3.010108
93,09/13/14 18:00,-64.876723,-3.016473
93,09/14/14 12:00,-64.867534,-3.027192
93,09/15/14 06:00,-64.867391,-3.024745
93,09/15/14 12:00,-64.856615,-3.03663
93,09/15/14 18:00,-64.845368,-3.048156
93,09/16/14 00:00,-64.834438,-3.060669
93,09/16/14 06:00,-64.823998,-3.071896
93,09/16/14 18:00,-64.823241,-3.073288
93,09/17/14 00:00,-64.815656,-3.034919
93,09/17/14 12:00,-64.81726,-3.034062
93,09/17/14 18:00,-64.845866,-3.02369
93,09/18/14 06:00,-64.845529,-3.024293
93,09/18/14 18:00,-64.846183,-2.981581
93,09/19/14 00:00,-64.865023,-2.970037
93,09/19/14 06:00,-64.884989,-2.959232
93,09/19/14 12:00,-64.904007,-2.948964
93,09/21/14 00:00,-64.891931,-2.990145
93,09/21/14 12:00,-64.856691,-3.00698
93,09/22/14 06:00,-64.856429,-3.004579
93,09/22/14 18:00,-64.852245,-2.985845
93,09/23/14 00:00,-64.835997,-3.017667
93,09/24/14 00:00,-64.822552,-3.022212
93,09/25/14 18:00,-64.876937,-2.995755
93,09/26/14 00:00,-64.864543,-3.008662
93,09/26/14 06:00,-64.852485,-3.022592
93,09/27/14 06:00,-64.856648,-3.028904
93,09/28/14 18:00,-64.841503,-3.008256
93,09/29/14 00:00,-64.838175,-3.016797
93,09/29/14 18:00,-64.840345,-3.016168
93,10/01/14 00:00,-64.841706,-2.989179
93,10/01/14 18:00,-64.87559,-2.970971
93,10/02/14 12:00,-64.887052,-2.996176
93,10/03/14 00:00,-64.890108,-3.007253
93,10/04/14 00:00,-64.89654,-2.980368
93,10/06/14 18:00,-64.885414,-2.987911
93,10/07/14 00:00,-64.881336,-2.969309
93,10/07/14 18:00,-64.875697,-2.971542
93,10/08/14 00:00,-64.874417,-2.974449
93,10/10/14 00:00,-64.884503,-2.990742
93,10/11/14 18:00,-64.883178,-2.994221
93,10/14/14 00:00,-64.850981,-3.020116
93,10/14/14 06:00,-64.852776,-2.985871
93,10/15/14 18:00,-64.848437,-2.981776
93,10/16/14 18:00,-64.854624,-2.975919
93,10/17/14 00:00,-64.865732,-2.993054
93,10/19/14 18:00,-64.866676,-2.996457
93,10/20/14 18:00,-64.895626,-2.984874
93,10/23/14 00:00,-64.867921,-3.011827
93,10/24/14 06:00,-64.828405,-3.015807
93,10/25/14 00:00,-64.838099,-3.00408
93,10/25/14 18:00,-64.839759,-3.000824
93,10/26/14 18:00,-64.836518,-2.996571
93,10/27/14 18:00,-64.856045,-3.005354
93,10/28/14 06:00,-64.856417,-3.00547
93,10/30/14 00:00,-64.891865,-3.002358
93,10/30/14 06:00,-64.886029,-2.994317
93,11/03/14 06:00,-64.875003,-3.025712
93,11/05/14 06:00,-64.848022,-3.028451
93,11/06/14 06:00,-64.836945,-3.049086
93,11/06/14 18:00,-64.838079,-3.049402
93,11/08/14 06:00,-64.857718,-2.993828
93,11/09/14 00:00,-64.834203,-3.017539
93,11/10/14 00:00,-64.826501,-2.998351
93,11/10/14 12:00,-64.834621,-2.988233
93,11/10/14 18:00,-64.860542,-3.003312
93,11/12/14 06:00,-64.889014,-3.007068
93,11/15/14 18:00,-64.844527,-2.96751
93,11/18/14 18:00,-64.818148,-3.018747
93,11/19/14 18:00,-64.836662,-2.996342
93,11/20/14 12:00,-64.838458,-3.018956
93,11/20/14 18:00,-64.88404,-3.009618
93,11/22/14 12:00,-64.844269,-3.014525
93,11/22/14 18:00,-64.824565,-3.02626
93,11/23/14 18:00,-64.841997,-3.020594
93,11/24/14 18:00,-64.837903,-3.012115
93,11/25/14 12:00,-64.857866,-3.0093
93,11/27/14 00:00,-64.824626,-2.990033
93,11/27/14 12:00,-64.838698,-3.019762
93,11/28/14 18:00,-64.849261,-3.011795
93,11/29/14 18:00,-64.849411,-3.036684
93,12/01/14 00:00,-64.83777,-3.045369
93,12/02/14 12:00,-64.836178,-3.046966
93,12/02/14 18:00,-64.840985,-3.037825
93,12/03/14 00:00,-64.846911,-3.028778
93,12/04/14 12:00,-64.849271,-2.991842
93,12/04/14 18:00,-64.825487,-2.988021
93,12/06/14 06:00,-64.844037,-2.960162
93,12/06/14 18:00,-64.844582,-2.967228
93,12/07/14 18:00,-64.85447,-2.981996
93,12/08/14 00:00,-64.809919,-3.062521
93,12/09/14 00:00,-64.8214,-3.055451
93,12/09/14 06:00,-64.824537,-3.050758
93,12/09/14 12:00,-64.828234,-3.04547
93,12/10/14 00:00,-64.828329,-3.044283
93,12/11/14 00:00,-64.86663,-3.024153
93,12/11/14 06:00,-64.862793,-3.0181
93,12/11/14 12:00,-64.859148,-3.012271
93,12/11/14 18:00,-64.856527,-3.006567
93,12/12/14 12:00,-64.855977,-3.005917
93,12/14/14 06:00,-64.835019,-2.973368
93,12/14/14 12:00,-64.823791,-2.994627
93,12/14/14 18:00,-64.814207,-3.017692
93,12/15/14 12:00,-64.816586,-3.01751
93,12/15/14 18:00,-64.8198,-3.015552
93,12/16/14 06:00,-64.820462,-3.016243
93,12/16/14 18:00,-64.820849,-3.016709
93,12/17/14 18:00,-64.838542,-2.986973
93,12/18/14 00:00,-64.873587,-2.990372
93,12/18/14 12:00,-64.872643,-2.990186
93,12/18/14 18:00,-64.87282,-3.008345
93,12/19/14 00:00,-64.873651,-3.026561
93,12/20/14 00:00,-64.86674,-3.024822
93,12/20/14 18:00,-64.859621,-3.023317
93,12/21/14 18:00,-64.867924,-2.983383
93,12/22/14 06:00,-64.886341,-2.988231
93,12/22/14 18:00,-64.875931,-2.996827
93,12/23/14 00:00,-64.820317,-3.022348
93,12/23/14 18:00,-64.831225,-3.018477
93,12/24/14 00:00,-64.831823,-2.967061
93,12/24/14 18:00,-64.847631,-2.955834
93,12/26/14 18:00,-64.846183,-2.992687
93,12/27/14 00:00,-64.845216,-2.977294
93,12/28/14 18:00,-64.88585,-3.007695
93,12/29/14 06:00,-64.857351,-3.006751
93,12/30/14 00:00,-64.870045,-3.011791
93,12/31/14 12:00,-64.842658,-3.053354
93,01/01/15 00:00,-64.842364,-3.061654
93,01/01/15 12:00,-64.818929,-3.066184
93,01/02/15 12:00,-64.843012,-3.033864
93,01/02/15 18:00,-64.839105,-3.027487
93,01/03/15 00:00,-64.836647,-3.020838
93,01/03/15 12:00,-64.835928,-3.020257
93,01/04/15 06:00,-64.824986,-3.016561
93,01/04/15 12:00,-64.837341,-2.98762
93,01/05/15 00:00,-64.837137,-2.988001
93,01/05/15 12:00,-64.843759,-2.97739
93,01/06/15 00:00,-64.829188,-3.009713
93,01/06/15 18:00,-64.831128,-3.014926
93,01/07/15 00:00,-64.852924,-3.003713
93,01/07/15 12:00,-64.854868,-3.00367
93,01/08/15 00:00,-64.854059,-3.001959
93,01/08/15 12:00,-64.857026,-2.995369
93,01/08/15 18:00,-64.860214,-2.995694
93,01/09/15 00:00,-64.864307,-2.996344
93,01/09/15 18:00,-64.864086,-2.995022
93,01/10/15 12:00,-64.872687,-2.987129
93,01/10/15 18:00,-64.858592,-3.011849
93,01/11/15 00:00,-64.844365,-3.036048
93,01/11/15 12:00,-64.844326,-3.034694
93,01/12/15 18:00,-64.84274,-3.040857
93,01/13/15 00:00,-64.841831,-3.040845
93,01/13/15 06:00,-64.841968,-3.040803
93,01/13/15 12:00,-64.840749,-3.040345
93,01/13/15 18:00,-64.840465,-3.041154
93,01/14/15 00:00,-64.840997,-3.041874
93,01/14/15 06:00,-64.840639,-3.041184
93,01/14/15 12:00,-64.840135,-3.04054
93,01/14/15 18:00,-64.840643,-3.0399
93,01/15/15 00:00,-64.84003,-3.03896
93,01/15/15 06:00,-64.838725,-3.037215
93,01/15/15 12:00,-64.838157,-3.036949
93,01/15/15 18:00,-64.837248,-3.036232
93,01/16/15 00:00,-64.836295,-3.03663
93,01/16/15 06:00,-64.835541,-3.035127
93,01/16/15 12:00,-64.835626,-3.034527
93,01/16/15 18:00,-64.835162,-3.034838
93,01/17/15 00:00,-64.834728,-3.034643
93,01/17/15 06:00,-64.833622,-3.035314
93,01/17/15 12:00,-64.83346,-3.035352
93,01/17/15 18:00,-64.833137,-3.035143
93,01/18/15 00:00,-64.832107,-3.035264
93,01/18/15 06:00,-64.831924,-3.03503
93,01/18/15 12:00,-64.831688,-3.034796
93,01/18/15 18:00,-64.83049,-3.034698
93,01/19/15 00:00,-64.830797,-3.035495
93,01/19/15 06:00,-64.829736,-3.034439
93,01/19/15 12:00,-64.829539,-3.035052
93,01/19/15 18:00,-64.829257,-3.034879
93,01/20/15 00:00,-64.828871,-3.034362
93,01/20/15 06:00,-64.828907,-3.034072
93,01/20/15 12:00,-64.828713,-3.034313
93,01/20/15 18:00,-64.829076,-3.03352
93,01/21/15 00:00,-64.829087,-3.034118
93,01/21/15 06:00,-64.82866,-3.032702
93,01/21/15 12:00,-64.828081,-3.032374
93,01/21/15 18:00,-64.826772,-3.032234
93,01/22/15 00:00,-64.827669,-3.032093
93,01/22/15 06:00,-64.82716,-3.031906
93,01/22/15 12:00,-64.826862,-3.031015
93,01/22/15 18:00,-64.82579,-3.030781
93,01/23/15 00:00,-64.825392,-3.030859
93,01/23/15 06:00,-64.825478,-3.031052
93,01/23/15 12:00,-64.824685,-3.03179
93,01/23/15 18:00,-64.823752,-3.031618
93,01/24/15 00:00,-64.822956,-3.031151
93,01/24/15 06:00,-64.82224,-3.032681
93,01/24/15 12:00,-64.821901,-3.032222
93,01/24/15 18:00,-64.821975,-3.031469
93,01/25/15 00:00,-64.821879,-3.031551
93,01/25/15 06:00,-64.821383,-3.031691
93,01/25/15 12:00,-64.821182,-3.031314
93,01/25/15 18:00,-64.821697,-3.03204
93,01/26/15 00:00,-64.821604,-3.032617
93,01/26/15 06:00,-64.821489,-3.032222
93,01/26/15 12:00,-64.820805,-3.031426
93,01/26/15 18:00,-64.820584,-3.032049
93,01/27/15 00:00,-64.820918,-3.031853
93,01/27/15 06:00,-64.820107,-3.031428
93,01/27/15 12:00,-64.820242,-3.031222
93,01/27/15 18:00,-64.820029,-3.031907
93,01/28/15 00:00,-64.820089,-3.032542
93,01/28/15 06:00,-64.820181,-3.032844
93,01/28/15 12:00,-64.820029,-3.032832
93,01/28/15 18:00,-64.820035,-3.033796
93,01/29/15 00:00,-64.820547,-3.033805
93,01/29/15 06:00,-64.820767,-3.033667
93,01/29/15 12:00,-64.820869,-3.032307
93,01/29/15 18:00,-64.820998,-3.03238
93,01/30/15 00:00,-64.821159,-3.032603
93,01/30/15 06:00,-64.82071,-3.032492
93,01/30/15 12:00,-64.820243,-3.032132
93,01/30/15 18:00,-64.819894,-3.032126
93,01/31/15 00:00,-64.819235,-3.031002
93,01/31/15 06:00,-64.819316,-3.031034
93,01/31/15 12:00,-64.819244,-3.031501
93,01/31/15 18:00,-64.81884,-3.031562
93,02/01/15 00:00,-64.818875,-3.031367
93,02/01/15 06:00,-64.81768,-3.030837
93,02/01/15 12:00,-64.817479,-3.029926
93,02/01/15 18:00,-64.817894,-3.029343
93,02/02/15 00:00,-64.817437,-3.0291
93,02/02/15 06:00,-64.817436,-3.030112
93,02/02/15 12:00,-64.817223,-3.031019
93,02/02/15 18:00,-64.817664,-3.030967
93,02/03/15 00:00,-64.817871,-3.030816
93,02/03/15 06:00,-64.817614,-3.030794
93,02/03/15 12:00,-64.818045,-3.03062
93,02/03/15 18:00,-64.817695,-3.030888
93,02/04/15 00:00,-64.81827,-3.030265
93,02/04/15 06:00,-64.817982,-3.030174
93,02/04/15 12:00,-64.817732,-3.030253
93,02/04/15 18:00,-64.81727,-3.030213
93,02/05/15 00:00,-64.816876,-3.030335
93,02/05/15 06:00,-64.817647,-3.030335
93,02/05/15 12:00,-64.818235,-3.030794
93,02/05/15 18:00,-64.818739,-3.03134
93,02/06/15 00:00,-64.818348,-3.030869
93,02/06/15 06:00,-64.817886,-3.030464
93,02/06/15 12:00,-64.817873,-3.030184
93,02/06/15 18:00,-64.817796,-3.030234
93,02/07/15 00:00,-64.818209,-3.029471
93,02/07/15 06:00,-64.817794,-3.028657
93,02/07/15 12:00,-64.817025,-3.027818
93,02/07/15 18:00,-64.817771,-3.027786
93,02/08/15 00:00,-64.81796,-3.027342
93,02/08/15 06:00,-64.818024,-3.026695
93,02/08/15 12:00,-64.818545,-3.026315
93,02/08/15 18:00,-64.818445,-3.026587
93,02/09/15 00:00,-64.819213,-3.026915
93,02/09/15 06:00,-64.819153,-3.027729
93,02/09/15 12:00,-64.819182,-3.029266
93,02/09/15 18:00,-64.819241,-3.029421
93,02/10/15 00:00,-64.818778,-3.028902
93,02/10/15 06:00,-64.81999,-3.029061
93,02/10/15 12:00,-64.819991,-3.029413
93,02/10/15 18:00,-64.819813,-3.029055
93,02/11/15 00:00,-64.820417,-3.029027
93,02/11/15 06:00,-64.820311,-3.029034
93,02/11/15 12:00,-64.820302,-3.028488
93,02/11/15 18:00,-64.821251,-3.029087
93,02/12/15 00:00,-64.821588,-3.02974
93,02/12/15 06:00,-64.821289,-3.029195
93,02/12/15 12:00,-64.821729,-3.029201
93,02/12/15 18:00,-64.822024,-3.028483
93,02/13/15 00:00,-64.822063,-3.030091
93,02/13/15 06:00,-64.822336,-3.029889
93,02/13/15 12:00,-64.822506,-3.029217
93,02/13/15 18:00,-64.823118,-3.028269
93,02/14/15 00:00,-64.824967,-3.02752
93,02/14/15 06:00,-64.825908,-3.027863
93,02/14/15 12:00,-64.8264,-3.028241
93,02/14/15 18:00,-64.826503,-3.02804
93,02/15/15 00:00,-64.826489,-3.028077
93,02/15/15 06:00,-64.827723,-3.028201
93,02/15/15 12:00,-64.82841,-3.027971
93,02/15/15 18:00,-64.82918,-3.0284
93,02/16/15 00:00,-64.82886,-3.027428
93,02/16/15 06:00,-64.829655,-3.02886
93,02/16/15 12:00,-64.830936,-3.029222
93,02/16/15 18:00,-64.831683,-3.029514
93,02/17/15 00:00,-64.832294,-3.029112
93,02/17/15 06:00,-64.832417,-3.028886
93,02/17/15 12:00,-64.831829,-3.028922
93,02/17/15 18:00,-64.832236,-3.029873
93,02/18/15 06:00,-64.832295,-3.031357
93,02/18/15 12:00,-64.831603,-3.031469
93,02/18/15 18:00,-64.831897,-3.032178
93,02/19/15 00:00,-64.831727,-3.03313
93,02/19/15 06:00,-64.830963,-3.033098
93,02/19/15 12:00,-64.830085,-3.033251
93,02/19/15 18:00,-64.828806,-3.034369
93,02/20/15 00:00,-64.828653,-3.034446
93,02/20/15 06:00,-64.828187,-3.034627
93,02/20/15 12:00,-64.82829,-3.034773
93,02/20/15 18:00,-64.827623,-3.034631
93,02/21/15 00:00,-64.82729,-3.034026
93,02/21/15 06:00,-64.827511,-3.035292
93,02/21/15 12:00,-64.826988,-3.034512
93,02/21/15 18:00,-64.826334,-3.034718
93,02/22/15 00:00,-64.825317,-3.034315
93,02/22/15 06:00,-64.824693,-3.033688
93,02/22/15 12:00,-64.825334,-3.033702
93,02/22/15 18:00,-64.825481,-3.033283
93,02/23/15 00:00,-64.82502,-3.031971
93,02/23/15 06:00,-64.824311,-3.031897
93,02/23/15 12:00,-64.823589,-3.033251
93,02/23/15 18:00,-64.823764,-3.033761
93,02/24/15 00:00,-64.823801,-3.034164
93,02/24/15 06:00,-64.82326,-3.033487
93,02/24/15 12:00,-64.822785,-3.032969
93,02/24/15 18:00,-64.823068,-3.033501
93,02/25/15 00:00,-64.822827,-3.033993
93,02/25/15 06:00,-64.822949,-3.034969
93,02/25/15 12:00,-64.821522,-3.035131
93,02/25/15 18:00,-64.821019,-3.034807
93,02/26/15 00:00,-64.819587,-3.035436
93,02/26/15 06:00,-64.81903,-3.034449
93,02/26/15 12:00,-64.818709,-3.035058
93,02/26/15 18:00,-64.818724,-3.034926
93,02/27/15 00:00,-64.817741,-3.034905
93,02/27/15 06:00,-64.817112,-3.035457
93,02/27/15 12:00,-64.817418,-3.035203
93,02/27/15 18:00,-64.817013,-3.035405
93,02/28/15 00:00,-64.816111,-3.037076
93,02/28/15 06:00,-64.817235,-3.036731
93,02/28/15 12:00,-64.817026,-3.037139
93,02/28/15 18:00,-64.81695,-3.037387
93,03/01/15 00:00,-64.816671,-3.037863
93,03/01/15 06:00,-64.816646,-3.037695
93,03/01/15 12:00,-64.816158,-3.037855
93,03/01/15 18:00,-64.815696,-3.038506
93,03/02/15 00:00,-64.815542,-3.037836
93,03/02/15 06:00,-64.815594,-3.038328
93,03/02/15 12:00,-64.814928,-3.039144
93,03/02/15 18:00,-64.814059,-3.038408
93,03/03/15 00:00,-64.813583,-3.038117
93,03/03/15 06:00,-64.814111,-3.038976
93,03/03/15 12:00,-64.813922,-3.039072
93,03/03/15 18:00,-64.813451,-3.039433
93,03/04/15 00:00,-64.813354,-3.038365
93,03/04/15 06:00,-64.812235,-3.038536
93,03/04/15 12:00,-64.811593,-3.038532
93,03/04/15 18:00,-64.811598,-3.038538
93,03/05/15 00:00,-64.81102,-3.039385
93,03/05/15 06:00,-64.810812,-3.038936
93,03/05/15 12:00,-64.809454,-3.039437
93,03/05/15 18:00,-64.810341,-3.039302
93,03/06/15 00:00,-64.81065,-3.039721
93,03/06/15 06:00,-64.810472,-3.040219
93,03/06/15 12:00,-64.810735,-3.041409
93,03/06/15 18:00,-64.81041,-3.040939
93,03/07/15 00:00,-64.810785,-3.041277
93,03/07/15 06:00,-64.811033,-3.04177
93,03/07/15 12:00,-64.810946,-3.041985
93,03/07/15 18:00,-64.811156,-3.041982
93,03/08/15 00:00,-64.81031,-3.042736
93,03/08/15 06:00,-64.809755,-3.043192
93,03/08/15 12:00,-64.810078,-3.043385
93,03/08/15 18:00,-64.809414,-3.043526
93,03/09/15 00:00,-64.810434,-3.044672
93,03/09/15 06:00,-64.81017,-3.044463
93,03/09/15 12:00,-64.810408,-3.044445
93,03/09/15 18:00,-64.810396,-3.04495
93,03/10/15 00:00,-64.810337,-3.044949
93,03/10/15 06:00,-64.810486,-3.044825
93,03/10/15 12:00,-64.810401,-3.045111
93,03/10/15 18:00,-64.810259,-3.04598
93,03/11/15 00:00,-64.809708,-3.046715
93,03/11/15 06:00,-64.809634,-3.046613
93,03/11/15 12:00,-64.809183,-3.047027
93,03/11/15 18:00,-64.809628,-3.047922
93,03/12/15 00:00,-64.810355,-3.046942
93,03/12/15 06:00,-64.810273,-3.0482
93,03/12/15 12:00,-64.810363,-3.04798
93,03/12/15 18:00,-64.811064,-3.048056
93,03/13/15 00:00,-64.81035,-3.047918
93,03/13/15 06:00,-64.810088,-3.047314
93,03/13/15 12:00,-64.810042,-3.04776
93,03/13/15 18:00,-64.810894,-3.04854
93,03/14/15 00:00,-64.810446,-3.0482
93,03/14/15 06:00,-64.810884,-3.049043
93,03/14/15 12:00,-64.811057,-3.049975
93,03/14/15 18:00,-64.810969,-3.050162
93,03/15/15 00:00,-64.811322,-3.050538
93,03/15/15 06:00,-64.811708,-3.051336
93,03/15/15 12:00,-64.812072,-3.051652
93,03/15/15 18:00,-64.811694,-3.051094
93,03/16/15 00:00,-64.812323,-3.052358
93,03/16/15 06:00,-64.812463,-3.05289
93,03/16/15 12:00,-64.812743,-3.053785
93,03/16/15 18:00,-64.812534,-3.05515
93,03/17/15 00:00,-64.812639,-3.054652
93,03/17/15 06:00,-64.812177,-3.055195
93,03/17/15 12:00,-64.812452,-3.05529
93,03/17/15 18:00,-64.812686,-3.055302
93,03/18/15 00:00,-64.812826,-3.055779
93,03/18/15 06:00,-64.813279,-3.056518
93,03/18/15 12:00,-64.812899,-3.056585
93,03/18/15 18:00,-64.813093,-3.05655
93,03/19/15 00:00,-64.814234,-3.057397
93,03/19/15 06:00,-64.814722,-3.058182
93,03/19/15 12:00,-64.814341,-3.058385
93,03/19/15 18:00,-64.814989,-3.058161
93,03/20/15 00:00,-64.815085,-3.058272
93,03/20/15 06:00,-64.815794,-3.059435
93,03/20/15 12:00,-64.8159,-3.059855
93,03/20/15 18:00,-64.816295,-3.060067
93,03/21/15 00:00,-64.816694,-3.06093
93,03/21/15 06:00,-64.81771,-3.060984
93,03/21/15 12:00,-64.818179,-3.061047
93,03/21/15 18:00,-64.818295,-3.061884
93,03/22/15 00:00,-64.818447,-3.061919
93,03/22/15 06:00,-64.81923,-3.062616
93,03/22/15 12:00,-64.820242,-3.063
93,03/22/15 18:00,-64.820336,-3.06354
93,03/23/15 00:00,-64.820624,-3.063893
93,03/23/15 06:00,-64.821116,-3.064203
93,03/23/15 12:00,-64.821145,-3.064663
93,03/23/15 18:00,-64.821363,-3.065573
93,03/24/15 00:00,-64.822046,-3.066821
93,03/24/15 06:00,-64.822632,-3.066721
93,03/24/15 12:00,-64.823454,-3.067007
93,03/24/15 18:00,-64.823314,-3.06627
93,03/25/15 00:00,-64.823719,-3.066613
93,03/25/15 06:00,-64.824269,-3.0667
93,03/25/15 12:00,-64.824821,-3.067311
93,03/25/15 18:00,-64.825768,-3.067861
93,03/26/15 00:00,-64.826784,-3.069488
93,03/26/15 06:00,-64.827808,-3.069883
93,03/26/15 12:00,-64.828872,-3.070911
93,03/26/15 18:00,-64.829483,-3.071531
93,03/27/15 00:00,-64.829745,-3.071854
93,03/27/15 06:00,-64.830587,-3.071417
93,03/27/15 12:00,-64.831952,-3.072157
93,03/27/15 18:00,-64.832698,-3.072897
93,03/28/15 00:00,-64.834457,-3.072452
93,03/28/15 06:00,-64.83582,-3.071896
93,03/28/15 12:00,-64.835559,-3.072102
93,03/28/15 18:00,-64.837103,-3.072339
93,03/29/15 00:00,-64.837103,-3.0734
93,03/29/15 06:00,-64.837459,-3.073744
93,03/29/15 12:00,-64.837336,-3.073318
93,03/29/15 18:00,-64.837223,-3.073254
93,03/30/15 00:00,-64.83866,-3.073572
93,03/30/15 06:00,-64.839861,-3.074679
93,03/30/15 12:00,-64.839605,-3.07526
93,03/30/15 18:00,-64.839418,-3.075512
93,03/31/15 00:00,-64.838623,-3.075475
93,03/31/15 06:00,-64.840544,-3.075567
93,03/31/15 12:00,-64.840567,-3.075968
93,03/31/15 18:00,-64.840991,-3.077336
93,04/01/15 00:00,-64.841663,-3.078412
93,04/01/15 06:00,-64.841579,-3.079012
93,04/01/15 12:00,-64.843167,-3.079897
93,04/01/15 18:00,-64.844227,-3.080516
93,04/02/15 00:00,-64.844901,-3.081551
93,04/02/15 06:00,-64.844809,-3.081727
93,04/02/15 12:00,-64.846054,-3.08202
93,04/02/15 18:00,-64.846854,-3.082576
93,04/03/15 00:00,-64.847216,-3.082878
93,04/03/15 06:00,-64.848395,-3.083992
93,04/03/15 12:00,-64.848864,-3.084241
93,04/03/15 18:00,-64.848918,-3.084082
93,04/04/15 00:00,-64.84996,-3.084378
93,04/06/15 00:00,-64.837875,-3.072751
93,04/06/15 06:00,-64.835765,-3.07174
93,04/06/15 12:00,-64.835576,-3.071385
93,04/06/15 18:00,-64.833777,-3.072129
93,04/07/15 00:00,-64.832592,-3.072446
93,04/07/15 06:00,-64.830969,-3.071939
93,04/07/15 12:00,-64.8294,-3.072288
93,04/07/15 18:00,-64.828453,-3.073629
93,04/08/15 00:00,-64.82761,-3.073579
93,04/08/15 06:00,-64.826544,-3.072736
93,04/08/15 12:00,-64.825912,-3.072574
93,04/08/15 18:00,-64.824307,-3.072621
93,04/09/15 00:00,-64.822808,-3.073404
93,04/09/15 06:00,-64.821537,-3.073581
93,04/09/15 12:00,-64.821283,-3.074165
93,04/09/15 18:00,-64.81956,-3.074205
93,04/10/15 00:00,-64.818192,-3.075293
93,04/10/15 06:00,-64.817909,-3.07579
93,04/10/15 12:00,-64.81662,-3.076475
93,04/10/15 18:00,-64.816289,-3.077495
93,04/11/15 00:00,-64.815908,-3.077224
93,04/11/15 06:00,-64.815203,-3.077486
93,04/11/15 12:00,-64.814381,-3.077664
93,04/11/15 18:00,-64.813348,-3.077495
93,04/12/15 00:00,-64.811833,-3.077638
93,04/12/15 06:00,-64.810821,-3.077059
93,04/12/15 12:00,-64.810131,-3.076257
93,04/12/15 18:00,-64.809096,-3.076515
93,04/13/15 00:00,-64.80842,-3.076527
93,04/13/15 06:00,-64.807276,-3.077155
93,04/13/15 12:00,-64.806149,-3.076998
93,04/13/15 18:00,-64.805028,-3.076794
93,04/14/15 00:00,-64.804256,-3.076515
93,04/14/15 06:00,-64.802415,-3.07726
93,04/14/15 12:00,-64.802065,-3.077488
93,04/14/15 18:00,-64.801176,-3.077885
93,04/15/15 00:00,-64.800245,-3.077434
93,04/15/15 06:00,-64.799296,-3.078187
93,04/15/15 12:00,-64.797849,-3.078925
93,04/15/15 18:00,-64.796617,-3.07972
93,04/16/15 00:00,-64.795676,-3.079972
93,04/16/15 06:00,-64.794927,-3.079764
93,04/16/15 12:00,-64.794935,-3.079666
93,04/16/15 18:00,-64.794475,-3.081116
93,04/17/15 00:00,-64.793733,-3.082122
93,04/17/15 06:00,-64.792878,-3.082038
93,04/17/15 12:00,-64.792263,-3.082541
93,04/17/15 18:00,-64.791663,-3.082727
93,04/18/15 00:00,-64.790464,-3.083403
93,04/18/15 06:00,-64.790039,-3.083607
93,04/18/15 12:00,-64.789338,-3.084008
93,04/18/15 18:00,-64.788456,-3.084665
93,04/19/15 00:00,-64.788159,-3.085541
93,04/19/15 06:00,-64.78791,-3.087213
93,04/19/15 12:00,-64.786667,-3.087771
93,04/19/15 18:00,-64.786212,-3.088155
93,04/20/15 00:00,-64.785916,-3.088367
93,04/20/15 06:00,-64.785254,-3.088645
93,04/20/15 12:00,-64.784203,-3.088398
93,04/20/15 18:00,-64.783863,-3.08826
93,04/21/15 00:00,-64.783682,-3.088969
93,04/21/15 06:00,-64.783158,-3.08999
93,04/21/15 12:00,-64.78337,-3.088695
93,04/21/15 18:00,-64.781474,-3.089318
93,04/22/15 00:00,-64.781175,-3.090162
93,04/22/15 06:00,-64.781131,-3.090789
93,04/22/15 12:00,-64.780305,-3.091142
93,04/22/15 18:00,-64.779532,-3.090515
93,04/23/15 00:00,-64.779001,-3.090783
93,04/23/15 06:00,-64.778603,-3.09131
93,04/23/15 12:00,-64.777331,-3.092552
93,04/23/15 18:00,-64.778618,-3.093544
93,04/24/15 00:00,-64.778529,-3.093047
93,04/24/15 06:00,-64.777996,-3.093732
93,04/24/15 12:00,-64.778031,-3.094634
93,04/24/15 18:00,-64.777129,-3.095007
93,04/25/15 00:00,-64.777086,-3.095918
93,04/25/15 06:00,-64.777636,-3.09734
93,04/25/15 12:00,-64.776982,-3.098567
93,04/25/15 18:00,-64.776549,-3.099854
93,04/26/15 00:00,-64.776514,-3.100559
93,04/26/15 06:00,-64.776282,-3.101713
93,04/26/15 12:00,-64.776078,-3.103085
93,04/26/15 18:00,-64.775955,-3.10406
93,04/27/15 00:00,-64.776293,-3.103364
93,04/29/15 00:00,-64.774882,-3.106671
93,04/29/15 06:00,-64.774039,-3.107099
93,04/29/15 12:00,-64.77488,-3.10641
93,04/29/15 18:00,-64.775334,-3.105908
93,04/30/15 00:00,-64.77524,-3.105904
93,04/30/15 06:00,-64.774917,-3.10463
93,04/30/15 12:00,-64.774508,-3.105239
93,04/30/15 18:00,-64.774855,-3.104652
93,05/01/15 00:00,-64.774995,-3.104596
93,05/01/15 06:00,-64.774955,-3.103889
93,05/01/15 12:00,-64.775507,-3.103276
93,05/01/15 18:00,-64.776176,-3.101314
93,05/02/15 00:00,-64.776836,-3.101296
93,05/02/15 06:00,-64.777664,-3.100716
93,05/02/15 12:00,-64.778377,-3.099446
93,05/02/15 18:00,-64.779959,-3.099185
93,05/03/15 00:00,-64.781915,-3.099304
93,05/06/15 00:00,-64.781894,-3.100674
93,05/06/15 06:00,-64.780385,-3.101008
93,05/06/15 12:00,-64.779878,-3.101117
93,05/06/15 18:00,-64.778888,-3.102219
93,05/07/15 00:00,-64.7779,-3.101658
93,05/07/15 06:00,-64.777118,-3.101054
93,05/07/15 12:00,-64.775617,-3.101672
93,05/07/15 18:00,-64.775365,-3.101037
93,05/08/15 00:00,-64.775178,-3.09971
93,05/08/15 06:00,-64.775442,-3.099818
93,05/08/15 12:00,-64.774904,-3.099488
93,05/08/15 18:00,-64.773592,-3.100338
93,05/09/15 00:00,-64.773641,-3.100416
93,05/09/15 06:00,-64.773166,-3.100544
93,05/09/15 12:00,-64.773244,-3.100926
93,05/09/15 18:00,-64.773959,-3.10006
93,05/10/15 00:00,-64.773085,-3.099545
93,05/10/15 06:00,-64.772251,-3.099332
93,05/10/15 12:00,-64.772283,-3.099189
93,05/10/15 18:00,-64.772209,-3.099547
93,05/11/15 00:00,-64.772456,-3.100653
93,05/11/15 06:00,-64.772461,-3.100709
93,05/11/15 12:00,-64.771933,-3.100678
93,05/11/15 18:00,-64.772758,-3.100232
93,05/14/15 00:00,-64.772673,-3.100834
93,05/14/15 06:00,-64.773896,-3.101083
93,05/14/15 12:00,-64.774487,-3.101063
93,05/14/15 18:00,-64.775549,-3.102164
93,05/15/15 00:00,-64.776419,-3.102609
93,05/15/15 06:00,-64.777344,-3.103127
93,05/15/15 12:00,-64.778845,-3.103675
93,05/15/15 18:00,-64.780627,-3.104429
93,05/16/15 00:00,-64.78215,-3.105807
93,05/16/15 06:00,-64.783484,-3.10638
93,05/16/15 12:00,-64.785682,-3.106768
93,05/16/15 18:00,-64.786544,-3.107365
93,05/17/15 00:00,-64.787926,-3.107601
93,05/18/15 00:00,-64.791939,-3.105533
93,05/18/15 06:00,-64.791283,-3.104906
93,05/18/15 12:00,-64.791647,-3.103802
93,05/18/15 18:00,-64.790754,-3.102711
93,05/19/15 00:00,-64.791624,-3.10186
93,05/19/15 06:00,-64.791414,-3.099087
93,05/19/15 12:00,-64.790829,-3.097774
93,05/19/15 18:00,-64.790867,-3.097073
93,05/20/15 00:00,-64.791587,-3.095727
93,05/20/15 06:00,-64.79114,-3.094942
93,05/20/15 12:00,-64.79174,-3.093008
93,05/20/15 18:00,-64.791178,-3.091752
93,05/21/15 00:00,-64.792192,-3.090572
93,05/21/15 06:00,-64.792267,-3.089456
93,05/21/15 12:00,-64.792065,-3.088109
93,05/21/15 18:00,-64.792199,-3.086541
93,05/22/15 00:00,-64.792054,-3.084338
93,05/22/15 06:00,-64.792949,-3.083327
93,05/22/15 12:00,-64.793306,-3.081711
93,05/22/15 18:00,-64.793401,-3.080896
93,05/23/15 00:00,-64.792867,-3.079442
93,05/23/15 06:00,-64.793834,-3.07678
93,05/23/15 12:00,-64.794303,-3.075856
93,05/23/15 18:00,-64.794648,-3.074731
93,05/24/15 00:00,-64.794559,-3.074114
93,05/24/15 06:00,-64.795825,-3.07268
93,05/24/15 12:00,-64.796902,-3.071067
93,05/24/15 18:00,-64.797043,-3.070213
93,05/25/15 00:00,-64.79812,-3.070016
93,05/25/15 06:00,-64.798605,-3.068956
93,05/25/15 12:00,-64.799269,-3.067344
93,05/25/15 18:00,-64.799953,-3.065755
93,05/26/15 00:00,-64.799139,-3.065429
93,05/26/15 06:00,-64.799996,-3.064142
93,05/26/15 12:00,-64.800174,-3.062794
93,05/26/15 18:00,-64.800557,-3.061803
93,05/27/15 00:00,-64.800837,-3.0615
93,05/27/15 06:00,-64.801374,-3.060224
93,05/27/15 12:00,-64.802518,-3.058907
93,05/27/15 18:00,-64.803354,-3.057903
93,05/28/15 00:00,-64.803857,-3.055954
93,05/28/15 06:00,-64.804852,-3.055137
93,05/28/15 12:00,-64.80508,-3.053168
93,05/28/15 18:00,-64.806156,-3.052098
93,05/29/15 00:00,-64.807884,-3.051326
93,05/29/15 06:00,-64.809229,-3.049984
93,05/29/15 12:00,-64.809353,-3.049595
93,05/29/15 18:00,-64.810765,-3.047471
93,05/30/15 00:00,-64.812327,-3.046795
93,05/30/15 06:00,-64.813526,-3.045705
93,05/30/15 12:00,-64.814253,-3.04317
93,05/30/15 18:00,-64.815024,-3.042231
93,05/31/15 00:00,-64.815923,-3.041851
93,05/31/15 06:00,-64.817035,-3.040618
93,05/31/15 12:00,-64.818614,-3.040192
93,05/31/15 18:00,-64.819861,-3.039359
93,06/01/15 00:00,-64.821491,-3.037711
93,06/01/15 06:00,-64.823241,-3.036845
93,06/01/15 12:00,-64.82468,-3.036558
93,06/05/15 06:00,-64.828715,-3.027666
93,06/06/15 12:00,-64.826904,-3.034971
93,06/06/15 18:00,-64.824073,-3.03506
93,06/07/15 00:00,-64.823523,-3.035381
93,06/07/15 06:00,-64.821678,-3.035832
93,06/07/15 12:00,-64.82003,-3.034611
93,06/07/15 18:00,-64.81901,-3.035058
93,06/08/15 00:00,-64.817124,-3.035753
93,06/08/15 06:00,-64.815404,-3.036069
93,06/08/15 12:00,-64.814635,-3.036719
93,06/08/15 18:00,-64.813026,-3.036412
93,06/09/15 00:00,-64.812073,-3.036382
93,06/09/15 06:00,-64.811316,-3.035929
93,06/09/15 12:00,-64.810736,-3.034284
93,06/09/15 18:00,-64.810468,-3.034859
93,06/11/15 18:00,-64.828478,-3.028413
93,06/12/15 00:00,-64.828768,-3.027225
93,06/12/15 06:00,-64.831831,-3.026199
93,06/12/15 12:00,-64.833619,-3.02472
93,06/12/15 18:00,-64.835078,-3.023718
93,06/13/15 00:00,-64.836647,-3.022128
93,06/13/15 06:00,-64.837767,-3.020239
93,06/13/15 12:00,-64.839748,-3.019083
93,06/13/15 18:00,-64.8417,-3.017013
93,06/14/15 00:00,-64.843331,-3.014766
93,06/14/15 06:00,-64.844429,-3.014485
93,06/14/15 12:00,-64.848003,-3.012776
93,06/15/15 00:00,-64.848758,-3.012984
93,06/15/15 06:00,-64.847103,-3.013598
93,06/15/15 12:00,-64.845847,-3.013965
93,06/15/15 18:00,-64.844467,-3.015625
93,06/16/15 00:00,-64.843705,-3.016261
93,06/16/15 06:00,-64.841779,-3.017613
93,06/16/15 12:00,-64.841297,-3.019559
93,06/16/15 18:00,-64.841397,-3.021073
93,06/17/15 00:00,-64.841028,-3.02245
93,06/17/15 06:00,-64.839845,-3.024045
93,06/17/15 12:00,-64.839011,-3.024483
93,06/17/15 18:00,-64.838267,-3.025323
93,06/18/15 00:00,-64.838188,-3.026455
93,06/18/15 06:00,-64.838387,-3.02795
93,06/18/15 12:00,-64.8378,-3.028443
93,06/18/15 18:00,-64.837805,-3.029218
93,06/19/15 00:00,-64.836997,-3.029918
93,06/19/15 06:00,-64.837617,-3.031432
93,06/19/15 12:00,-64.838028,-3.032594
93,06/19/15 18:00,-64.838059,-3.033357
93,06/20/15 00:00,-64.837412,-3.034267
93,06/20/15 06:00,-64.837597,-3.034184
93,06/20/15 12:00,-64.837541,-3.034712
93,06/20/15 18:00,-64.838093,-3.036165
93,06/21/15 00:00,-64.83872,-3.037066
93,06/21/15 06:00,-64.837958,-3.037816
93,06/21/15 12:00,-64.840755,-3.040083
93,06/23/15 00:00,-64.83218,-3.048169
93,06/23/15 18:00,-64.822321,-3.059159
93,06/24/15 00:00,-64.817088,-3.064721
93,06/24/15 18:00,-64.818772,-3.065659
93,06/25/15 00:00,-64.817939,-3.065888
93,06/25/15 06:00,-64.817999,-3.066697
93,06/25/15 12:00,-64.817781,-3.066556
93,06/25/15 18:00,-64.816242,-3.066135
93,06/26/15 00:00,-64.815115,-3.064701
93,06/26/15 06:00,-64.813947,-3.064221
93,06/26/15 12:00,-64.814109,-3.063688
93,06/26/15 18:00,-64.814505,-3.063471
93,06/27/15 00:00,-64.814928,-3.061926
93,06/27/15 06:00,-64.813378,-3.060913
93,06/27/15 12:00,-64.813667,-3.059826
93,06/27/15 18:00,-64.815053,-3.06055
93,06/28/15 00:00,-64.815149,-3.059639
93,06/28/15 06:00,-64.815085,-3.059438
93,06/28/15 12:00,-64.815551,-3.058154
93,06/28/15 18:00,-64.815325,-3.057149
93,06/29/15 00:00,-64.816236,-3.056171
93,06/29/15 06:00,-64.816893,-3.056165
93,06/29/15 12:00,-64.81622,-3.055278
93,06/29/15 18:00,-64.816318,-3.054294
93,06/30/15 00:00,-64.816832,-3.054557
93,06/30/15 06:00,-64.817781,-3.053959
93,06/30/15 12:00,-64.817718,-3.054524
93,06/30/15 18:00,-64.817776,-3.053952
93,07/01/15 00:00,-64.817943,-3.053227
93,07/01/15 06:00,-64.817695,-3.053159
93,07/01/15 12:00,-64.818683,-3.053554
93,07/01/15 18:00,-64.819549,-3.053235
93,07/02/15 00:00,-64.819452,-3.052973
93,07/02/15 06:00,-64.819898,-3.051661
93,07/02/15 12:00,-64.820102,-3.051055
93,07/02/15 18:00,-64.820114,-3.049761
93,07/03/15 00:00,-64.821302,-3.050032
93,07/03/15 06:00,-64.822165,-3.049023
93,07/03/15 12:00,-64.82275,-3.049159
93,07/03/15 18:00,-64.822981,-3.048508
93,07/04/15 00:00,-64.823964,-3.048382
93,07/04/15 06:00,-64.824863,-3.047909
93,07/04/15 12:00,-64.825416,-3.048215
93,07/04/15 18:00,-64.825706,-3.047175
93,07/05/15 00:00,-64.826402,-3.047197
93,07/05/15 06:00,-64.826854,-3.047446
93,07/05/15 12:00,-64.827746,-3.046323
93,07/05/15 18:00,-64.828618,-3.04641
93,07/06/15 00:00,-64.828504,-3.045897
93,07/06/15 06:00,-64.829425,-3.045024
93,07/06/15 12:00,-64.830589,-3.045213
93,07/06/15 18:00,-64.830659,-3.045117
93,07/07/15 00:00,-64.831619,-3.045163
93,07/07/15 06:00,-64.83282,-3.044767
93,07/07/15 12:00,-64.832853,-3.044462
93,07/07/15 18:00,-64.83408,-3.044007
93,07/08/15 00:00,-64.834459,-3.04347
93,07/08/15 06:00,-64.835878,-3.044206
93,07/08/15 12:00,-64.836671,-3.044659
93,07/08/15 18:00,-64.838145,-3.043654
93,07/09/15 00:00,-64.83862,-3.042903
93,07/09/15 06:00,-64.839869,-3.042834
93,07/09/15 12:00,-64.840151,-3.042431
93,07/09/15 18:00,-64.84044,-3.042619
93,07/10/15 00:00,-64.841146,-3.041735
93,07/10/15 06:00,-64.841376,-3.041355
93,07/10/15 12:00,-64.842314,-3.042268
93,07/10/15 18:00,-64.842957,-3.041252
93,07/11/15 00:00,-64.843806,-3.041043
93,07/11/15 06:00,-64.84556,-3.040287
93,07/11/15 12:00,-64.846352,-3.039556
93,07/11/15 18:00,-64.848539,-3.037546
93,07/12/15 00:00,-64.849086,-3.037272
93,07/12/15 06:00,-64.849561,-3.03683
93,07/12/15 12:00,-64.850557,-3.036442
93,07/15/15 00:00,-64.851024,-3.028226
93,07/16/15 00:00,-64.843439,-3.020168
93,07/16/15 06:00,-64.84148,-3.021245
93,07/16/15 12:00,-64.8404,-3.020763
93,07/16/15 18:00,-64.839236,-3.021967
93,07/17/15 00:00,-64.836926,-3.023041
93,07/17/15 06:00,-64.836032,-3.023478
93,07/17/15 12:00,-64.834509,-3.024507
93,07/17/15 18:00,-64.833009,-3.025398
93,07/18/15 00:00,-64.83233,-3.026321
93,07/18/15 06:00,-64.830263,-3.027936
93,07/18/15 12:00,-64.830594,-3.02844
93,07/18/15 18:00,-64.830507,-3.030065
93,07/19/15 00:00,-64.830289,-3.030048
93,07/19/15 06:00,-64.829178,-3.030494
93,07/19/15 12:00,-64.82811,-3.030969
93,07/19/15 18:00,-64.826851,-3.031694
93,07/20/15 00:00,-64.826173,-3.032028
93,07/20/15 06:00,-64.825468,-3.032565
93,07/20/15 12:00,-64.825478,-3.033158
93,07/20/15 18:00,-64.825965,-3.033868
93,07/21/15 00:00,-64.825404,-3.034327
93,07/21/15 06:00,-64.824814,-3.03499
93,07/21/15 12:00,-64.824829,-3.035003
93,07/21/15 18:00,-64.824947,-3.035194
93,07/22/15 00:00,-64.824846,-3.036125
93,07/22/15 06:00,-64.824364,-3.036259
93,07/22/15 12:00,-64.824021,-3.036934
93,07/22/15 18:00,-64.823479,-3.03746
93,07/23/15 00:00,-64.824123,-3.038927
93,07/23/15 06:00,-64.823841,-3.039531
93,07/23/15 12:00,-64.824326,-3.039151
93,07/23/15 18:00,-64.824543,-3.038889
93,07/24/15 00:00,-64.823683,-3.039416
93,07/24/15 06:00,-64.824433,-3.040683
93,07/25/15 00:00,-64.823164,-3.040939
93,07/25/15 06:00,-64.820772,-3.044348
93,07/25/15 12:00,-64.819305,-3.046821
93,07/25/15 18:00,-64.818802,-3.050242
93,07/26/15 00:00,-64.817332,-3.051291
93,07/26/15 06:00,-64.815473,-3.052698
93,07/26/15 12:00,-64.814526,-3.055187
93,07/26/15 18:00,-64.813417,-3.058304
93,07/27/15 00:00,-64.812681,-3.060927
93,07/27/15 06:00,-64.811131,-3.063472
93,07/27/15 12:00,-64.809306,-3.065691
93,07/27/15 18:00,-64.80906,-3.067405
